Tokyo,Japan
Jakarta,Indonesia
Delhi,India
Guangzhou,China
Mumbai,India
Manila,Philippines
Shanghai,China
Sao Paulo,Brazil
Seoul,South Korea
Mexico City,Mexico
Kolkata,India
Cairo,Egypt
Karachi,Pakistan
Dhaka,Bangladesh
New York,United States
Beijing,China
Bangkok,Thailand
Shenzhen,China
Moscow,Russia
Buenos Aires,Argentina
Lagos,Nigeria
Bangalore,India
Ho Chi Minh City,Vietnam
Osaka,Japan
Chengdu,China
Istanbul,Turkey
Tehran,Iran
Kinshasa,Congo (Kinshasa)
Rio de Janeiro,Brazil
Chennai,India
Xi'an,China
Lahore,Pakistan
Chongqing,China
Los Angeles,United States
London,United Kingdom
Paris,France
Linyi,China
Dongguan,China
Baoding,China
Hyderabad,India
Tianjin,China
Lima,Peru
Wuhan,China
Nanyang,China
Hangzhou,China
Nagoya,Japan
Luanda,Angola
Foshan,China
Kuala Lumpur,Malaysia
Zhoukou,China
Tongshan,China
Hanoi,Vietnam
Chicago,United States
Nanjing,China
Heze,China
Pune,India
Jining,China
Bogota,Colombia
Ahmedabad,India
Shenyang,China
Dar es Salaam,Tanzania
Khartoum,Sudan
Johannesburg,South Africa
Fuyang,China
Hong Kong,Hong Kong
Ganzhou,China
Shangqiu,China
Cangzhou,China
Riyadh,Saudi Arabia
Santiago,Chile
Zhumadian,China
Zhanjiang,China
Rangoon,Burma
Yancheng,China
Bijie,China
Xingtai,China
Hengyang,China
Shaoyang,China
Surabaya,Indonesia
Surat,India
Quanzhou,China
Shangrao,China
Zunyi,China
Madrid,Spain
Baghdad,Iraq
Maoming,China
Miami,United States
Xinyang,China
Houston,United States
Singapore,Singapore
Prayagraj,India
Huanggang,China
Dalian,China
Ankara,Turkey
Dallas,United States
Qingdao,China
Yulin,China
Liaocheng,China
Douala,Cameroon
Qujing,China
Nangandao,China
Addis Ababa,Ethiopia
Philadelphia,United States
Toronto,Canada
Zhengzhou,China
Nanchong,China
Jinan,China
Giza,Egypt
Saint Petersburg,Russia
Jieyang,China
Dezhou,China
Nairobi,Kenya
Guadalajara,Mexico
Tai'an,China
Dazhou,China
Belo Horizonte,Brazil
Suzhou,China
Monterrey,Mexico
Yongzhou,China
Changde,China
Xiangyang,China
Atlanta,United States
Pudong,China
Washington,United States
Zhaotong,China
Zhangzhou,China
Yueyang,China
Melbourne,Australia
Yichun,China
Abidjan,CÙte d'Ivoire
Guilin,China
Pingdingshan,China
Alexandria,Egypt
Bozhou,China
Sydney,Australia
Barcelona,Spain
Yuncheng,China
Cape Town,South Africa
Changsha,China
Suqian,China
Jeddah,Saudi Arabia
Weinan,China
Berlin,Germany
Chenzhou,China
Jiangmen,China
Mianyang,China
Jiujiang,China
Huaihua,China
Huanglongsi,China
Taizhou,China
Belahi,India
Yibin,China
Ji'an,China
Yangzhou,China
Kunming,China
Changchun,China
Lu'an,China
Xinpu,China
Langfang,China
Boston,United States
Urumqi,China
Suzhou,China
Guigang,China
Shantou,China
Jiangguanchi,China
Kabul,Afghanistan
Xiaoganzhan,China
Bamako,Mali
Kano,Nigeria
Luzhou,China
Hefei,China
Hengshui,China
Fortaleza,Brazil
Anqing,China
Zhangjiakou,China
Zhaoqing,China
Shijiazhuang,China
Ningbo,China
Qiqihar,China
Phoenix,United States
Liuzhou,China
Chifeng,China
Xiaoxita,China
Amman,Jordan
Linfen,China
Xianyang,China
Chuzhou,China
Kumasi,Ghana
Zhuzhou,China
Taiyuan,China
Qingyuan,China
Meizhou,China
Yiyang,China
Nanning,China
Harbin,China
Loudi,China
Abuja,Nigeria
Yokohama,Japan
Suihua,China
Binzhou,China
Zaozhuang,China
Detroit,United States
Xiamen,China
Mashhad,Iran
Montreal,Canada
Fuzhou,China
Wuhu,China
Medan,Indonesia
Yulinshi,China
Fuzhou,China
Wenzhou,China
Changzhou,China
Puyang,China
Nanchang,China
Baicheng,China
Seattle,United States
Ibadan,Nigeria
Jiaozuo,China
Nadampalaiyam,India
Deyang,China
Busan,South Korea
Hechi,China
Tangshan,China
Lucknow,India
San Francisco,United States
Boankra,Ghana
Dubai,United Arab Emirates
Anshan,China
Guozhen,China
Baojishi,China
Qinzhou,China
Guiyang,China
Wuxi,China
Kannankulam,India
Caracas,Venezuela
Kotla Qasim Khan,Pakistan
Casablanca,Morocco
Hanzhong,China
Shiyan,China
Guang'an,China
Faisalabad,Pakistan
Changzhi,China
Tongren,China
Bengbu,China
Leshan,China
Santa Cruz de la Sierra,Bolivia
Neijiang,China
Zhenjiang,China
Qinhuangdao,China
Bursa,Turkey
Tashkent,Uzbekistan
Guayaquil,Ecuador
Jaipur,India
Lanzhou,China
Ouagadougou,Burkina Faso
Athens,Greece
San Diego,United States
Guatemala City,Guatemala
Kuwait City,Kuwait
Qincheng,China
Izmir,Turkey
Quezon City,Philippines
Kyiv,Ukraine
Kottarassheri,India
Meishan,China
Incheon,South Korea
Ningde,China
Zhongshan,China
Minneapolis,United States
Tampa,United States
Putian,China
Mbuji-Mayi,Congo (Kinshasa)
Tongliao,China
Chaoyang,China
Hohhot,China
Pyongyang,North Korea
Shaoguan,China
Taichung,Taiwan
Cali,Colombia
Heyuan,China
Wuzhou,China
Pretoria,South Africa
Suining,China
Omdurman,Sudan
Weihai,China
Rizhao,China
Malang,Indonesia
Stuttgart,Germany
Daqing,China
Rome,Italy
Kaohsiung,Taiwan
Brooklyn,United States
Xiangtan,China
Bazhou,China
Handan,China
Brisbane,Australia
Jinzhou,China
Denver,United States
Xinzhou,China
Nanping,China
Gazipura,Bangladesh
Shanwei,China
Maracaibo,Venezuela
Chaozhou,China
Baotou,China
Longyan,China
Weifang,China
Huai'an,China
Zibo,China
Attadappa,India
Munich,Germany
Gulou,China
Birmingham,United Kingdom
Valencia,Venezuela
Damascus,Syria
Chattogram,Bangladesh
Brazzaville,Congo (Brazzaville)
Yangjiang,China
Sanaa,Yemen
Barmhan Kalan,India
Medellin,Colombia
Dingxi,China
Shaoxing,China
Yantai,China
Huizhou,China
Xuanzhou,China
Mirzapur,India
Hamburg,Germany
Taipei,Taiwan
Ankang,China
Zigong,China
Sanming,China
Toluca,Mexico
Huangshi,China
Yaounde,Cameroon
Zhuhai,China
Huludao,China
Baoshan,China
Mecca,Saudi Arabia
Vancouver,Canada
Lianshan,China
Beirut,Lebanon
Salvador,Brazil
Bucharest,Romania
Longba,China
Nagpur,India
Queens,United States
Tieling,China
Yunfu,China
Bekasi,Indonesia
Daegu,South Korea
Ghaziabad,India
Luoyang,China
Luohe,China
Algiers,Algeria
Anshun,China
Huainan,China
Depok,Indonesia
Konya,Turkey
Haiphong,Vietnam
Yanjiang,China
Guangyuan,China
Baku,Azerbaijan
Yingkou,China
Mudanjiang,China
Riverside,United States
Fukuoka,Japan
Nantong,China
Lincang,China
Las Vegas,United States
Haikou,China
Yuxi,China
Tangerang,Indonesia
Supaul,India
Almaty,Kazakhstan
Vienna,Austria
Esfahan,Iran
Xining,China
Jincheng,China
Baltimore,United States
Dandong,China
Yan'an,China
Qinbaling,China
Gaoping,China
Awka,Nigeria
Taizhou,China
Ma'anshan,China
Jiamusi,China
Perth,Australia
Gaziantep,Turkey
Phnom Penh,Cambodia
St. Louis,United States
Mogadishu,Somalia
Lishui,China
Kowloon,Hong Kong
Cordoba,Argentina
Zamboanga City,Philippines
Rawalpindi,Pakistan
Havana,Cuba
Chongzuo,China
Portland,United States
Laibin,China
San Antonio,United States
Vadodara,India
Qingyang,China
Rajkot,India
Shangzhou,China
Vishakhapatnam,India
Shengli,China
Sanmenxia,China
Warsaw,Poland
Gujranwala,Pakistan
Hezhou,China
Aleppo,Syria
Tijuana,Mexico
Puning,China
Indore,India
Minsk,Belarus
Karaj,Iran
Kananga,Congo (Kinshasa)
Huaibei,China
Peshawar,Pakistan
Sacramento,United States
Sapporo,Japan
Tilburg,Netherlands
Austin,United States
Orlando,United States
Davao,Philippines
Songjiang,China
Yinchuan,China
Abhepur,India
Thane,India
Multan,Pakistan
Port Harcourt,Nigeria
Fushun,China
Tainan,Taiwan
Pingliang,China
Siping,China
San Juan,Puerto Rico
Pingxiang,China
Bhopal,India
Mosul,Iraq
Diyarbakir,Turkey
Lubumbashi,Congo (Kinshasa)
Benin City,Nigeria
Curitiba,Brazil
San Jose,United States
Shuyangzha,China
Adana,Turkey
Quito,Ecuador
Agra,India
Peyanvilai,India
Lusaka,Zambia
Indianapolis,United States
Hyderabad City,Pakistan
Pimpri-Chinchwad,India
Maracay,Venezuela
Masqat,Oman
Montevideo,Uruguay
Pittsburgh,United States
Cincinnati,United States
Manhattan,United States
Kansas City,United States
Budapest,Hungary
Patna,India
Kampala,Uganda
Beihai,China
Sanzhou,China
Cleveland,United States
Conakry,Guinea
Ximeicun,China
Caloocan City,Philippines
Ecatepec,Mexico
Yushan,China
Fuxin,China
Novosibirsk,Russia
Bilaspur,India
Semarang,Indonesia
Jingdezhen,China
Ludhiana,India
Liaoyang,China
Jiangyin,China
Valencia,Spain
Shuozhou,China
Leon de los Aldama,Mexico
Columbus,United States
Puebla,Mexico
Bien Hoa,Vietnam
Chengtangcun,China
Yopougon,CÙte d'Ivoire
Hebi,China
Shiraz,Iran
Dushanbe,Tajikistan
Madurai,India
Huzhou,China
Harare,Zimbabwe
Tabriz,Iran
Jamshedpur,India
Baicheng,China
San Jose,Costa Rica
Shaoyang,China
San Salvador,El Salvador
Palembang,Indonesia
Kawasaki,Japan
Kobe,Japan
Jiaxing,China
Zhangjiajie,China
Baiyin,China
Guiping,China
Changshu,China
Jixi,China
Xushan,China
Lome,Togo
Niamey,Niger
Gwangju,South Korea
Recife,Brazil
Nasik,India
Abu Dhabi,United Arab Emirates
Onitsha,Nigeria
Amsterdam,Netherlands
Vijayawada,India
Zapopan,Mexico
Daejeon,South Korea
Bronx,United States
Auckland,New Zealand
Yekaterinburg,Russia
Wuwei,China
Jinhua,China
Kyoto,Japan
Pizhou,China
Yangshe,China
Dakar,Senegal
Charlotte,United States
Yucheng,China
Kayseri,Turkey
Virginia Beach,United States
Rui'an,China
Muscat,Oman
Kharkiv,Ukraine
Pointe-Noire,Congo (Brazzaville)
Medina,Saudi Arabia
Sangereng,Indonesia
Faridabad,India
Sofia,Bulgaria
Ulaanbaatar,Mongolia
Adelaide,Australia
Prague,Czechia
Wenling,China
Copenhagen,Denmark
Najafgarh,India
Lianjiang,China
Helsinki,Finland
Samsun,Turkey
Milan,Italy
Antalya,Turkey
Santiago,Dominican Republic
Chizhou,China
Makassar,Indonesia
Porto Alegre,Brazil
Huangshan,China
Gaozhou,China
Barranquilla,Colombia
Al Basrah,Iraq
Benxi,China
Saitama,Japan
Ahvaz,Iran
Guarulhos,Brazil
Leizhou,China
Juarez,Mexico
Mandalay,Burma
Yangquan,China
Fuqing,China
Xintai,China
Wusong,China
Tongling,China
Calgary,Canada
Meerut,India
Jacksonville,United States
Kuaidamao,China
Huazhou,China
Milwaukee,United States
Wuzhong,China
Belem,Brazil
Cacuaco,Angola
Rosario,Argentina
Tangier,Morocco
Antananarivo,Madagascar
Canagatan,Philippines
Soweto,South Africa
Providence,United States
Xiantao,China
Jabalpur,India
Huaiyin,China
Yutan,China
Kazan,Russia
Bagam,Indonesia
Dayan,China
Comayaguela,Honduras
Brussels,Belgium
Laiwu,China
Huazhou,China
Sharjah,United Arab Emirates
Kalyan,India
Rucheng,China
Barquisimeto,Venezuela
Yongcheng,China
Sumedang,Indonesia
Can Tho,Vietnam
Suwon,South Korea
Yiwu,China
Vasai-Virar,India
Campinas,Brazil
Dadukou,China
Lingcheng,China
Shuangyashan,China
Nizhniy Novgorod,Russia
Panipat,India
Qom,Iran
Mombasa,Kenya
Hargeysa,Somalia
Baidoa,Somalia
Varanasi,India
Hiroshima,Japan
Chiang Mai,Thailand
Belgrade,Serbia
Maiduguri,Nigeria
Kalleli,India
Batam Centre,Indonesia
Pingdu,China
Rongcheng,China
Mbandaka,Congo (Kinshasa)
Xinyu,China
Doha,Qatar
Shymkent,Kazakhstan
Tripoli,Libya
Srinagar,India
Nashville,United States
Chelyabinsk,Russia
Aurangabad,India
Cilacap,Indonesia
Xinhualu,China
Salt Lake City,United States
Guankou,China
Bandar Lampung,Indonesia
Dhanbad,India
Nay Pyi Taw,Burma
Aba,Nigeria
Jingling,China
Zhuji,China
Tegucigalpa,Honduras
Kigali,Rwanda
Samara,Russia
Yingtan,China
Edmonton,Canada
Raleigh,United States
Bishkek,Kyrgyzstan
Bujumbura,Burundi
Guyuan,China
Leiyang,China
Krasnodar,Russia
Rostov,Russia
Maputo,Mozambique
Bukavu,Congo (Kinshasa)
Amritsar,India
Shagamu,Nigeria
Aligarh,India
Zhangye,China
Ufa,Russia
Santo Domingo,Dominican Republic
Ulsan,South Korea
Rongcheng,China
Tbilisi,Georgia
Guwahati,India
Fes,Morocco
Yingchuan,China
Ninh Binh,Vietnam
Yerevan,Armenia
Mwanza,Tanzania
Omsk,Russia
Mexicali,Mexico
Sevilla,Spain
Ikare,Nigeria
Dingzhou,China
Tamale,Ghana
Yuyao,China
Goiania,Brazil
Krasnoyarsk,Russia
Cologne,Germany
Ubungo,Tanzania
Yicheng,China
Richmond,United States
Kisangani,Congo (Kinshasa)
Ezhou,China
Astana,Kazakhstan
Zhufeng,China
Nezahualcoyotl,Mexico
Nouakchott,Mauritania
Haora,India
Tongjin,South Korea
Ranchi,India
Ciudad Nezahualcoyotl,Mexico
Gwalior,India
Ottawa,Canada
Haicheng,China
Jianguang,China
Goyang,South Korea
Sendai,Japan
Xibeijie,China
Chandigarh,India
Voronezh,Russia
Managua,Nicaragua
Zhongwei,China
Jiancheng,China
Mersin,Turkey
Shouguang,China
Liangshi,China
Sao Luis,Brazil
Jodhpur,India
Memphis,United States
Matola,Mozambique
Ogbomoso,Nigeria
Sanya,China
Rangapukur,Bangladesh
Ashgabat,Turkmenistan
Enugu,Nigeria
Linhai,China
Perm,Russia
Shubra al Khaymah,Egypt
Monrovia,Liberia
Islamabad,Pakistan
Xinyi,China
Thu Duc,Vietnam
Aqchah,Afghanistan
Odesa,Ukraine
Raipur,India
Namangan,Uzbekistan
Changwon,South Korea
Arequipa,Peru
Tshikapa,Congo (Kinshasa)
Volgograd,Russia
Morelia,Mexico
Kota,India
Quetta,Pakistan
Oklahoma City,United States
Domaa-Ahenkro,Ghana
Bareilly,India
Liaoyuan,China
Stockholm,Sweden
Bordeaux,France
Taixing,China
Lilongwe,Malawi
Port-au-Prince,Haiti
Esenyurt,Turkey
Pekanbaru,Indonesia
Bogor,Indonesia
Ciudad Guayana,Venezuela
Chiba,Japan
Kirkuk,Iraq
Shuizhai,China
Qianxi,China
Hartford,United States
Dnipro,Ukraine
Baishan,China
Narayanganj,Bangladesh
Gqeberha,South Africa
Huilong,China
Malaga,Spain
Marrakech,Morocco
Louisville,United States
Cebu City,Philippines
Asmara,Eritrea
Coimbatore,India
Maceio,Brazil
Nada,China
Fangchenggang,China
Solapur,India
Freetown,Sierra Leone
Kaiyuan,China
Buffalo,United States
Santo Domingo Este,Dominican Republic
Vientiane,Laos
Kermanshah,Iran
Kibanseke Premiere,Congo (Kinshasa)
Seberang Jaya,Malaysia
Sale,Morocco
Hubli,India
El Alto,Bolivia
Cankaya,Turkey
Hwasu-dong,South Korea
Yingcheng,China
Fort Worth,United States
Setagaya,Japan
Kecioren,Turkey
Luocheng,China
Jerusalem,Israel
Khartoum North,Sudan
Meishan,China
Mushin,Nigeria
Trujillo,Peru
Kitakyushu,Japan
Aguascalientes,Mexico
Khulna,Bangladesh
Chihuahua,Mexico
Bridgeport,United States
Xin'an,China
Mysore,India
Kashgar,China
Songnam,South Korea
New Orleans,United States
Trichinopoly,India
Cartagena,Colombia
Qingzhou,China
Naples,Italy
Santiago del Estero,Argentina
Naucalpan de Juarez,Mexico
Masbate,Philippines
Owerri,Nigeria
Taishan,China
Jiaozhou,China
Wuchuan,China
Wafangdian,China
La Plata,Argentina
Bobo-Dioulasso,Burkina Faso
Ad Dammam,Saudi Arabia
Hanchuan,China
Quzhou,China
Donetsk,Ukraine
Ashmun,Egypt
Bunia,Congo (Kinshasa)
Wuchang,China
Sao Goncalo,Brazil
Hengzhou,China
Feicheng,China
Bucaramanga,Colombia
Cazenga,Angola
Merida,Mexico
Hegang,China
Osmangazi,Turkey
Moradabad,India
Bangui,Central African Republic
Abeokuta,Nigeria
Cancun,Mexico
Zaoyang,China
Dongtai,China
Antipolo,Philippines
Taguig City,Philippines
Tabuk,Saudi Arabia
Xishan,China
Zhoushan,China
Panama City,Panama
Tucson,United States
Yichun,China
As Sulaymaniyah,Iraq
Klang,Malaysia
Tiruppur,India
Marseille,France
Gurgaon,India
Yangchun,China
Ar Ramadi,Iraq
Hai'an,China
Jalandhar,India
Daye,China
Zhongxiang,China
Gaomi,China
Teresina,Brazil
Lhasa,China
Ipoh,Malaysia
Saltillo,Mexico
Aden,Yemen
El Paso,United States
Gongzhuling,China
Lianyuan,China
Ikeja,Nigeria
Tyumen,Russia
Cochabamba,Bolivia
Portsmouth,United Kingdom
Southampton,United Kingdom
Hermosillo,Mexico
Cheongju,South Korea
Shache,China
Thanh Hoa,Vietnam
Macheng,China
Akure,Nigeria
Ilorin,Nigeria
Erbil,Iraq
Kathmandu,Nepal
Turin,Italy
Anqiu,China
Yuci,China
Dehui,China
Pietermaritzburg,South Africa
Durban,South Africa
Saratov,Russia
Bhubaneshwar,India
Yushu,China
Joao Pessoa,Brazil
Samarinda,Indonesia
Omaha,United States
Qingping,China
Rongjiawan,China
Weichanglu,China
Sakai,Japan
Eskisehir,Turkey
Renqiu,China
Wutong,China
Barcelona,Venezuela
Wu'an,China
Sao Bernardo do Campo,Brazil
McAllen,United States
Narela,India
Bhayandar,India
Culiacan,Mexico
N'Djamena,Chad
Xiashi,China
Cucuta,Colombia
Danyang,China
Dongyang,China
Krakow,Poland
Oran,Algeria
Pasig City,Philippines
Thessaloniki,Greece
Blantyre,Malawi
Palermo,Colombia
Qamdo,China
Karimnagar,India
Libreville,Gabon
Hejian,China
Seyhan,Turkey
Laiyang,China
Queretaro,Mexico
Wuxi,China
Yiyang,China
Niigata,Japan
Vinh,Vietnam
Puxi,China
Hempstead,United States
Hamamatsu,Japan
Zijinglu,China
Kumila,Pakistan
Xingyi,China
Xingcheng,China
Birmingham,United States
Ailan Mubage,China
Lubango,Angola
Frankfurt,Germany
Homs,Syria
Bilbao,Spain
San Luis Potosi,Mexico
Bucheon,South Korea
Fuyang,China
Korla,China
Khujand,Tajikistan
Hamhung,North Korea
Erzurum,Turkey
Albuquerque,United States
Zagreb,Croatia
Al `Ayn,United Arab Emirates
Dodoma,Tanzania
Pikine,Senegal
Patiala,India
Bahawalpur,Pakistan
Qingnian,China
Sanhe,China
Kaduna,Nigeria
Winnipeg,Canada
Baardheere,Somalia
Shishgarh,India
Leping,China
Colombo,Sri Lanka
Nerima,Japan
Natal,Brazil
Lichuan,China
Pendik,Turkey
Gdansk,Poland
Licheng,China
Santo Andre,Brazil
Andijon,Uzbekistan
Gaalkacyo,Somalia
Ota-ku,Japan
Thiruvananthapuram,India
Nampula,Mozambique
Zhuanghe,China
Kyaukse,Burma
Tulsa,United States
Chengguan,China
Bagcilar,Turkey
Bouake,CÙte d'Ivoire
Cabinda,Angola
Kumamoto,Japan
Kerman,Iran
Lingbao Chengguanzhen,China
Orumiyeh,Iran
Quebec City,Canada
Taihe,China
Yanggok,South Korea
Zhongba,China
Osogbo,Nigeria
Sizhan,China
Suohe,China
Xiangxiang,China
Hamilton,Canada
Songyang,China
Cagayan de Oro,Philippines
Qian'an,China
Shuangqiao,China
Chaohucun,China
Manama,Bahrain
Zouping,China
Charleston,United States
Uvira,Congo (Kinshasa)
Durgapur,India
An Najaf,Iraq
Fresno,United States
Cencheng,China
Umraniye,Turkey
Sorocaba,Brazil
Guli,China
Sagamihara,Japan
Laixi,China
Okayama,Japan
Concepcion,Chile
San Pedro Sula,Honduras
Mississauga,Canada
Changsha,China
Lviv,Ukraine
Shihezi,China
Valenzuela,Philippines
Huambo,Angola
Xichang,China
Guangshui,China
Zaporizhzhia,Ukraine
Bhiwandi,India
Gaoyou,China
Chengxiang,China
Bhilwara,India
Oslo,Norway
George Town,Malaysia
Bristol,United Kingdom
Zunhua,China
Saharanpur,India
Yenimahalle,Turkey
Warangal,India
Nampo,North Korea
Dasmarinas,Philippines
Shiliguri,India
Boosaaso,Somalia
Parachinar,Pakistan
Latakia,Syria
Tongchuan,China
Xindi,China
Edogawa,Japan
General Santos,Philippines
Hamah,Syria
Rochester,United States
Bauchi,Nigeria
Salem,India
Sinnuris,Egypt
Cocody,CÙte d'Ivoire
Lokoja,Nigeria
Guadalupe,Mexico
Selcuklu,Turkey
Karbala',Iraq
Borvayeh-ye Al Bu `Aziz,Iran
City of Paranaque,Philippines
Taihecun,China
Mamak,Turkey
Jianshe,China
Zaragoza,Spain
Shishi,China
Shizuoka,Japan
Agege,Nigeria
Mar del Plata,Argentina
Adachi,Japan
Pontianak,Indonesia
Rasht,Iran
Xigaze,China
Cotonou,Benin
Tasikmalaya,Indonesia
Kochi,India
Soledad,Colombia
Shanhu,China
Gothenburg,Sweden
Acapulco de Juarez,Mexico
Gorakhpur,India
Bahar,Iran
Wroclaw,Poland
Murcia,Spain
Pinghu,China
Guankou,China
Lodz,Poland
Yatou,China
Denpasar,Indonesia
Guntur,India
Tolyatti,Russia
Dayton,United States
Ch'ongjin,North Korea
Zhaodong,China
Puyang Chengguanzhen,China
Bulawayo,Zimbabwe
Aracaju,Brazil
Bacoor,Philippines
Rotterdam,Netherlands
Tlaquepaque,Mexico
Villavicencio,Colombia
Campo Grande,Brazil
Jingcheng,China
Makhachkala,Russia
Banjarmasin,Indonesia
Kitwe,Zambia
Catia La Mar,Venezuela
Nneyi-Umuleri,Nigeria
Al Hufuf,Saudi Arabia
Dali,China
Jalingo,Nigeria
Sargodha,Pakistan
Karaikandi,India
Ch'onan,South Korea
Brampton,Canada
Cape Coral,United States
Haldwani,India
Abomey-Calavi,Benin
Yildirim,Turkey
Dhulia,India
Zhongshu,China
Durango,Mexico
Songzi,China
Tondo,Philippines
Dayrut,Egypt
Tlalnepantla,Mexico
Xiping,China
Osasco,Brazil
Hue,Vietnam
San Jose del Monte,Philippines
Denizli,Turkey
Maturin,Venezuela
Honcho,Japan
Wuxue,China
Bhavnagar,India
Jinghong,China
Wugang,China
Sha Tin,Hong Kong
Provo,United States
Chisinau,Moldova
Petaling Jaya,Malaysia
Colorado Springs,United States
Tallinn,Estonia
Noida,India
Las Palmas,Spain
Mission Viejo,United States
Bhangar,India
Allentown,United States
Benghazi,Libya
Chuxiong,China
Dusseldorf,Germany
Palermo,Italy
Baton Rouge,United States
Makati City,Philippines
Ndola,Zambia
Tukh,Egypt
Glasgow,United Kingdom
Bazal'tove,Ukraine
Al Qatif,Saudi Arabia
Bhilai,India
Mangalore,India
Kaihua,China
Irkutsk,Russia
Ogden,United States
Meilan,China
Ansan,South Korea
Barnaul,Russia
Bazhou,China
Turpan,China
Jos,Nigeria
Langzhong,China
Qufu,China
Al Mansurah,Egypt
Tengyue,China
Leipzig,Germany
Halwan,Egypt
Tan An,Vietnam
Port-Bouet,CÙte d'Ivoire
Izhevsk,Russia
Knoxville,United States
Jurong,China
Arusha,Tanzania
Bihta,India
Yuhuan,China
Khabarovsk,Russia
Etimesgut,Turkey
Changping,China
Chimalhuacan,Mexico
Kandahar,Afghanistan
Oujda-Angad,Morocco
Ruiming,China
Serang,Indonesia
Ulyanovsk,Russia
Shenzhou,China
Jambi,Indonesia
Hasanpur,India
Grand Rapids,United States
Yukarikaraman,Turkey
Kuantan,Malaysia
Gold Coast,Australia
Kawaguchi,Japan
Dashiqiao,China
Las Pinas City,Philippines
Cuttack,India
San Miguel de Tucuman,Argentina
Ar Rayyan,Qatar
Riga,Latvia
Columbia,United States
Salimpur,India
Malanje,Angola
Kryvyi Rih,Ukraine
Djibouti,Djibouti
Zhuozhou,China
Tianchang,China
Albany,United States
Bacolod,Philippines
Garoua,Cameroon
Bamenda,Cameroon
Bafoussam,Cameroon
Haifa,Israel
Raurkela,India
Tunis,Tunisia
Tumkur,India
Balikpapan,Indonesia
Somolu,Nigeria
Sanliurfa,Turkey
Dortmund,Germany
Al Mukalla,Yemen
Xinji,China
Melikgazi,Turkey
Kagoshima,Japan
Wenchang,China
Sihui,China
Irapuato,Mexico
Dublin,Ireland
Al Mahallah al Kubra,Egypt
Sialkot City,Pakistan
Vladivostok,Russia
Luocheng,China
Pereira,Colombia
Gaza,Gaza Strip
Reynosa,Mexico
Zahedan,Iran
Essen,Germany
Cimahi,Indonesia
Wenlan,China
Itabashi,Japan
Shah Alam,Malaysia
Suginami-ku,Japan
Jaboatao dos Guararapes,Brazil
Vilnius,Lithuania
Kingston,Jamaica
Al Mafraq,Jordan
At Ta'if,Saudi Arabia
Port Sudan,Sudan
Nha Trang,Vietnam
Tuxtla,Mexico
Bakersfield,United States
Dehra Dun,India
Bremen,Germany
Fu'an,China
Mymensingh,Bangladesh
Hachioji,Japan
Iloilo,Philippines
Puente Alto,Chile
Botou,China
Rabat,Morocco
Sincan,Turkey
Kabinda,Congo (Kinshasa)
Kottayam,India
Kahramanmaras,Turkey
Shibin al Qanatir,Egypt
Tonala,Mexico
Abu Hummus,Egypt
Irbid,Jordan
Jin'e,China
Macau,Macau
Xinxing,China
Surrey,Canada
Yaroslavl,Russia
Qionghu,China
Dresden,Germany
Xinmin,China
New Haven,United States
Antwerp,Belgium
Kuiju,China
Asansol,India
Bokaro Steel City,India
Jieshou,China
Bello,Colombia
Kolhapur,India
Wencheng,China
Miluo Chengguanzhen,China
Lanxi,China
Zhenzhou,China
Des Moines,United States
Nava Raipur,India
Gaizhou,China
Leling,China
Genoa,Italy
Ensenada,Mexico
Herat,Afghanistan
Uyo,Nigeria
Hamadan,Iran
Chiclayo,Peru
Surakarta,Indonesia
Ajmer,India
Braunschweig,Germany
Nanded,India
Wuhai,China
Palma,Spain
Rustenburg,South Africa
Amravati,India
Lisbon,Portugal
Yanji,China
The Hague,Netherlands
Hannover,Germany
Sevastopol,Ukraine
Palm Bay,United States
Manchester,United Kingdom
Nellore,India
Poznan,Poland
Ibague,Colombia
Wancheng,China
Tomsk,Russia
Sungai Petani,Malaysia
Xinshi,China
Kemerovo,Russia
Naberezhnyye Chelny,Russia
Valledupar,Colombia
Muntinlupa City,Philippines
K'ebri Beyah,Ethiopia
Luofeng,China
Ghulja,China
Ixtapaluca,Mexico
Fuding,China
Heroica Matamoros,Mexico
Mbeya,Tanzania
An Nasiriyah,Iraq
Al Hillah,Iraq
Lingyuan,China
Juiz de Fora,Brazil
Guixi,China
City of Calamba,Philippines
Sao Jose dos Campos,Brazil
Akron,United States
El Geneina,Sudan
Contagem,Brazil
Santa Cruz,Spain
Agadir,Morocco
Orenburg,Russia
Nilufer,Turkey
Leeds,United Kingdom
Kassala,Sudan
Aksu,China
Salta,Argentina
Dispur,India
Gulbarga,India
Nansana,Uganda
Kimhae,South Korea
Novokuznetsk,Russia
Beira,Mozambique
Balashikha,Russia
Yazd,Iran
Ardabil,Iran
Touba,Senegal
Bikaner,India
Gaobeidian,China
Mixco,Guatemala
Himeji,Japan
Bandar `Abbas,Iran
Nuremberg,Germany
Concord,United States
Van,Turkey
Port Said,Egypt
Koto-ku,Japan
Ciudad Apodaca,Mexico
Kitchener,Canada
Agartala,India
Soacha,Colombia
Buca,Turkey
Maipu,Chile
Arak,Iran
Lyon,France
Tultitlan de Mariano Escobedo,Mexico
Ryazan,Russia
Meknes,Morocco
Luanzhou,China
Al Fayyum,Egypt
Utsunomiya,Japan
Sheffield,United Kingdom
Chanda,India
Suez,Egypt
Heshan,China
Loni,India
Jiaji,China
Qaraghandy,Kazakhstan
Santa Marta,Colombia
Ujjain,India
Abu Tisht,Egypt
Samarkand,Uzbekistan
Liverpool,United Kingdom
Macapa,Brazil
Benguela,Angola
Cuito,Angola
Al Fashn,Egypt
Toulouse,France
Al `Amarah,Iraq
Carrefour,Haiti
Campos,Brazil
Cadaado,Somalia
Meihekou,China
Kenitra,Morocco
Newcastle,South Africa
Mesa,United States
Jhansi,India
Matsuyama,Japan
Ulhasnagar,India
Ribeirao Preto,Brazil
Pohang,South Korea
Duisburg,Germany
Jammu,India
Ile-Ife,Nigeria
Wichita,United States
Mazatlan,Mexico
Uberlandia,Brazil
Homyel',Belarus
Farah,Afghanistan
Belas,Angola
Talatona,Angola
Nenjiang,China
Tuticorin,India
Asaba,Nigeria
El Fasher,Sudan
Sukkur,Pakistan
K'ebri Dehar,Ethiopia
Harrisburg,United States
Taozhou,China
Anlu,China
Lapu-Lapu City,Philippines
Matsudo,Japan
Johor Bahru,Malaysia
Purnea,India
Imus,Philippines
Niteroi,Brazil
Lipetsk,Russia
Cheboksary,Russia
Staten Island,United States
Likasi,Congo (Kinshasa)
Xiangyang,China
Jiangshan,China
Duyun,China
Pindi Bhattian,Pakistan
Nyala,Sudan
Ichikawa,Japan
Villa Nueva,Guatemala
Kumul,China
Toledo,United States
Bissau,Guinea-Bissau
Accra,Ghana
Kota Bharu,Malaysia
Higashi-osaka,Japan
Larkana,Pakistan
Xingcheng,China
`Ajman,United Arab Emirates
Ciudad Lopez Mateos,Mexico
Kaliningrad,Russia
Yueqing,China
Penza,Russia
Belgaum,India
Edinburgh,United Kingdom
Yucheng,China
Brookhaven,United States
Worcester,United States
Nishinomiya-hama,Japan
Karamay,China
Kawachicho,Japan
Zhangshu,China
Mingguang,China
Malatya,Turkey
Garoowe,Somalia
Vellore,India
Huanghua,China
Encheng,China
Lianran,China
Kartal,Turkey
Cuiaba,Brazil
Akhmim,Egypt
Az Zarqa',Jordan
Malegaon,India
Feira de Santana,Brazil
Hailun,China
Valletta,Malta
Kolwezi,Congo (Kinshasa)
Jamnagar,India
Sylhet,Bangladesh
Ananindeua,Brazil
Berbera,Somalia
Chiniot,Pakistan
Asuncion,Paraguay
Chengjiao,China
Bardoli,India
Bratislava,Slovakia
Kurashiki,Japan
Oita,Japan
Al Jubayl,Saudi Arabia
Worthing,United Kingdom
Gaya,India
Port St. Lucie,United States
Xiulin,China
Shekhupura,Pakistan
Piura,Peru
Vila Velha,Brazil
Ar Rusayfah,Jordan
Kirov,Russia
Morogoro,Tanzania
San Juan,Argentina
Mykolaiv,Ukraine
Yicheng,China
Fengcheng,China
Mazar-e Sharif,Afghanistan
Xiaoyi,China
Ba`qubah,Iraq
Katlehong,South Africa
Tel Aviv-Yafo,Israel
Jiangshandicun,China
Little Rock,United States
Qingzhen,China
Buraydah,Saudi Arabia
Kupang,Indonesia
Tula,Russia
Ambattur,India
Nakhon Ratchasima,Thailand
Tan Uyen,Vietnam
Astrakhan,Russia
Longjiang,China
Leicester,United Kingdom
Rushan,China
Shangzhi,China
Angeles City,Philippines
Kuqa,China
Kanazawa,Japan
Manado Light,Indonesia
Manado,Indonesia
Kaiyuan,China
Cranbourne,Australia
Jalgaon,India
Madison,United States
Chhatarpur,India
Fukuyama,Japan
Juba,South Sudan
Lanus,Argentina
Spokane,United States
Ta`izz,Yemen
Long Beach,United States
Kikwit,Congo (Kinshasa)
Pyeongtaek,South Korea
Kurnool,India
Marikina City,Philippines
Kagithane,Turkey
Amagasaki,Japan
Melaka,Malaysia
Denton,United States
Ciudad General Escobedo,Mexico
Reno,United States
Manizales,Colombia
Bornova,Turkey
Puerto La Cruz,Venezuela
Kahama,Tanzania
Hsinchu,Taiwan
Gaoping,China
Batman,Turkey
Demiryol,Turkey
Erkoklu,Turkey
Avcilar,Turkey
Kota Kinabalu,Malaysia
Katsushika-ku,Japan
Udaipur,India
Mogi das Cruzes,Brazil
Stavropol,Russia
General Trias,Philippines
Warder,Ethiopia
Sirajganj,Bangladesh
Wapi,India
Bac Giang,Vietnam
Boise,United States
Zurich,Switzerland
Constantine,Algeria
Nam Dinh,Vietnam
Eslamshahr,Iran
Rajshahi,Bangladesh
Piraeus,Greece
Matadi,Congo (Kinshasa)
Zebediela,South Africa
Shah Latif Town,Pakistan
Tanbei,China
Londrina,Brazil
Ado-Ekiti,Nigeria
Bonita Springs,United States
Esenler,Turkey
Sochi,Russia
Santiago de Cuba,Cuba
Rodriguez,Philippines
Chauddagram,Bangladesh
San Nicolas de los Garza,Mexico
Taoyuan District,Taiwan
Kissimmee,United States
Baisha,China
Ndjili,Congo (Kinshasa)
Mathura,India
Meicheng,China
Lembok,Indonesia
Korhogo,CÙte d'Ivoire
Pasay City,Philippines
Beipiao,China
Jiannan,China
Halifax,Canada
Fujisawa,Japan
Augusta,United States
Ulan-Ude,Russia
Springfield,United States
Laval,Canada
Oakland,United States
Jinchang,China
Sunch'on,North Korea
Nehe,China
Kursk,Russia
Sangli,India
Lobito,Angola
Jeju,South Korea
Zhuangyuan,China
Davangere,India
Jian'ou,China
Machida,Japan
Winston-Salem,United States
Sanghar,Pakistan
Chang'an,China
Al Maraghah,Egypt
Bandung,Indonesia
Shahe,China
Calicut,India
Windhoek,Namibia
Joinvile,Brazil
Ismailia,Egypt
Cusco,Peru
Veracruz,Mexico
Sokoto,Nigeria
Kashiwa,Japan
Al Bajur,Egypt
Yan'an Beilu,China
Mothihari,India
Aomori,Japan
Tepic,Mexico
Akola,India
Mandaluyong City,Philippines
Aves,Portugal
Sihung,South Korea
Burco,Somalia
Tver,Russia
Xalapa,Mexico
Buenaventura,Colombia
London,Canada
Piracicaba,Brazil
Tetouan,Morocco
Yogyakarta,Indonesia
Ciudad Bolivar,Venezuela
Skopje,North Macedonia
Beining,China
Toyota,Japan
Daloa,CÙte d'Ivoire
Uijeongbu,South Korea
Hpa-An,Burma
Laohekou,China
Rahimyar Khan,Pakistan
Ugep,Nigeria
Thai Nguyen,Vietnam
Seremban,Malaysia
Kayapinar,Turkey
Campina Grande,Brazil
Xicheng,China
Kowloon City,Hong Kong
Santos,Brazil
Tirana,Albania
Kushtia,Bangladesh
El Obeid,Sudan
Maua,Brazil
Xingren,China
Takamatsu,Japan
Stockton,United States
Ajdabiya,Libya
Callao,Peru
Awsim,Egypt
Shinagawa-ku,Japan
Paju,South Korea
Beylikduzu,Turkey
Viet Tri,Vietnam
Santa Rosa,Philippines
Nagqu,China
Bettiah,India
Jhang City,Pakistan
Fujin,China
Altindag,Turkey
Yuanping,China
Tala,Egypt
Talkha,Egypt
Boa Vista,Brazil
Banjul,"Gambia, The"
Jayapura,Indonesia
Toyama,Japan
Sanandaj,Iran
Khon Kaen,Thailand
Linghai,China
Shorapur,India
Koumassi,CÙte d'Ivoire
Durham,United States
Tinnevelly,India
Pasto,Colombia
Chattanooga,United States
Bellary,India
Bhagalpur,India
Danjiangkou,China
Kisumu,Kenya
Zhangjiakou Shi Xuanhua Qu,China
Maringa,Brazil
Manampizha,India
Kocasinan,Turkey
Mataram,Indonesia
Magnitogorsk,Russia
Greenville,United States
Zhijiang,China
Zaria,Nigeria
Lancaster,United States
Fenyang,China
Syracuse,United States
Binan,Philippines
Gebze,Turkey
Shashemene,Ethiopia
Fangting,China
Shulan,China
Wanyuan,China
Jiexiu,China
Hat Yai,Thailand
Baglar,Turkey
Sham Shui Po,Hong Kong
Santa Fe,Argentina
Delhi Cantonment,India
Cumana,Venezuela
Fayetteville,United States
Barura,Bangladesh
Kumi,South Korea
Nagasaki,Japan
Al Hudaydah,Yemen
Pencheng,China
Salt Lake City,India
Qazvin,Iran
Etawa,India
Sonipat,India
Jundiai,Brazil
Pensacola,United States
Bogra,Bangladesh
Brno,Czechia
Oskemen,Kazakhstan
Gifu,Japan
Monteria,Colombia
Maungdaw,Burma
Igboho,Nigeria
Yuregir,Turkey
Pingquan,China
Toyonaka,Japan
Dera Ghazi Khan,Pakistan
Hatay,Turkey
Luhansk,Ukraine
Miyazaki,Japan
Dangyang,China
Quilon,India
Mulangodi,India
Munro Turuttu,India
Barinas,Venezuela
Gwangju,South Korea
Nangong,China
Hirakata,Japan
Sandakan,Malaysia
Szczecin,Poland
Surgut,Russia
Yongji,China
Arlington,United States
Karur,India
Betsiboka,Madagascar
Ijebu-Ode,Nigeria
Al Jahra',Kuwait
Tanga,Tanzania
Diadema,Brazil
Saurimo,Angola
Jalna,India
Yola,Nigeria
Zhugang,China
Hejin,China
Dunhua,China
Tangail,Bangladesh
Khayelitsha,South Africa
Ad Diwaniyah,Iraq
Nnewi,Nigeria
San-Pedro,CÙte d'Ivoire
Gujrat,Pakistan
Huili Chengguanzhen,China
Yokosuka,Japan
Aurora,United States
Asyut,Egypt
Gwoza,Nigeria
Sampaloc,Philippines
Saki,Nigeria
Bologna,Italy
Aqtobe,Kazakhstan
Cilegon,Indonesia
Uvinza,Tanzania
Hafr al Batin,Saudi Arabia
Elazig,Turkey
Zanjan,Iran
Bairia,India
Oyo,Nigeria
Taytay,Philippines
Kisenzi,Congo (Kinshasa)
Bhatpara,India
Sintra,Portugal
Manisa,Turkey
Sirur,India
Tarlac City,Philippines
Okazaki,Japan
Ceel Baraf,Somalia
Lingxi,China
Ilesa,Nigeria
Kakinada,India
Savar,Bangladesh
Nuevo Laredo,Mexico
Lecheng,China
Bawshar,Oman
Christchurch,New Zealand
Gusau,Nigeria
Hancheng,China
Zetang,China
Serekunda,"Gambia, The"
Kanifing,"Gambia, The"
Canberra,Australia
Minamisuita,Japan
Malabon,Philippines
Neiva,Colombia
Ha Tinh,Vietnam
Huancayo,Peru
Celaya,Mexico
Ichinomiya,Japan
Iquitos,Peru
Panihati,India
Lianzhou,China
Cainta,Philippines
Helixi,China
Madinat as Sadis min Uktubar,Egypt
Mamou,Guinea
Scranton,United States
Itaquaquecetuba,Brazil
Cantonment,Pakistan
Rohtak,India
Maler Kotla,India
Bhawana,Pakistan
Oxnard,United States
Bryansk,Russia
Lipa City,Philippines
Butuan,Philippines
Dikirnis,Egypt
Takasaki,Japan
Ambon,Indonesia
Indio,United States
Malakwal,Pakistan
Toyohashi,Japan
Chitungwiza,Zimbabwe
Panshi,China
Az Zubayr,Iraq
Bharatpur,Nepal
Petare,Venezuela
Mardan,Pakistan
Nagano,Japan
Bauru,Brazil
La Florida,Chile
Nicolas Romero,Mexico
Jinshan,China
Bochum,Germany
Baguio City,Philippines
Cibinong,Indonesia
Sivas,Turkey
Kolga,India
Korba,India
Qardho,Somalia
Rio Branco,Brazil
Tecamac,Mexico
Alanya,Turkey
Mandaue City,Philippines
Victorville,United States
Kocaeli,Turkey
Warri,Nigeria
Victoria,Canada
Wonsan,North Korea
Iligan,Philippines
Anguo,China
Coventry,United Kingdom
Trenton,United States
Keelung,Taiwan
Geita,Tanzania
Ivanovo,Russia
Cuenca,Ecuador
Caerdydd,United Kingdom
Blumenau,Brazil
Nanqiao,China
Hrodna,Belarus
Florence,Italy
Buurhakaba,Somalia
Bengkulu,Indonesia
Caxias do Sul,Brazil
Malmo,Sweden
Shuanghe,China
Petion-Ville,Haiti
Dengtacun,China
Huntsville,United States
Utrecht,Netherlands
Palu,Indonesia
Sikar,India
Umuahia,Nigeria
Wuppertal,Germany
Palmira,Colombia
Alicante,Spain
Sao Jose do Rio Preto,Brazil
Ash Shuhada',Egypt
Ondo,Nigeria
Vitsyebsk,Belarus
Sasaram,India
Sultanbeyli,Turkey
Xunyang,China
Taraz,Kazakhstan
Cubal,Angola
Anda,China
Luena,Angola
Karnal,India
Gonaives,Haiti
Vinnytsia,Ukraine
Minatitlan,Mexico
Linxia Chengguanzhen,China
Brahmapur,India
Modesto,United States
Caucaia,Brazil
Cabuyao,Philippines
Gedaref,Sudan
San Fernando,Philippines
Kawagoe,Japan
Pokhara,Nepal
Nice,France
Villahermosa,Mexico
Wakayama,Japan
Mahilyow,Belarus
Osh,Kyrgyzstan
Kita-ku,Japan
Gimpo,South Korea
Corrientes,Argentina
Thari Mir Wah,Pakistan
Nara,Japan
Vladimir,Russia
Sinuiju,North Korea
Oruro,Bolivia
Arkhangelsk,Russia
Batangas,Philippines
Ahmadnagar,India
Varna,Bulgaria
Tarsus,Turkey
Sariyer,Turkey
Semey,Kazakhstan
Holguin,Cuba
Tungi,Bangladesh
Gode,Ethiopia
Sawran,Iraq
An Nhon,Vietnam
Olinda,Brazil
Praia Grande,Brazil
Shinjuku,Japan
Antofagasta,Chile
Meram,Turkey
Cascavel,Brazil
Pamukkale,Turkey
Canoas,Brazil
Takatsuki,Japan
Yidu,China
Antonio Enes,Mozambique
Plovdiv,Bulgaria
Central Coast,Australia
Honolulu,United States
Karsiyaka,Turkey
Shahjanpur,India
Gwagwalada,Nigeria
Avadi,India
Tanch'on,North Korea
Greensboro,United States
Khanapur,India
Wad Medani,Sudan
Fort Wayne,United States
Kusti,Sudan
Belfast,United Kingdom
Cuddapah,India
Nakano,Japan
Yong'an,China
Alamadi,India
Carapicuiba,Brazil
Anaheim,United States
Brest,Belarus
Otsu,Japan
Maseru,Lesotho
Pavlodar,Kazakhstan
Chon Buri,Thailand
Naga City,Philippines
Vahdat,Tajikistan
Florianopolis,Brazil
Paulista,Brazil
Sfax,Tunisia
Rajahmundry,India
Koshigaya,Japan
Hongjiang,China
Yesilyurt,Turkey
Vung Tau,Vietnam
Jeonju,South Korea
Alwar,India
Huadian,China
Tokorozawa,Japan
Sumqayit,Azerbaijan
Vitoria da Conquista,Brazil
Yamoussoukro,CÙte d'Ivoire
Buon Ma Thuot,Vietnam
Corpus Christi,United States
Fort Collins,United States
Mishan,China
Makiivka,Ukraine
Islip,United States
Cuernavaca,Mexico
Markham,Canada
Bielefeld,Germany
Bydgoszcz,Poland
Chinju,South Korea
Reading,United Kingdom
Randburg,South Africa
Iwaki,Japan
Oshawa,Canada
Bonn,Germany
Sambalpur,India
Santo Domingo de los Colorados,Ecuador
Uruapan,Mexico
Lublin,Poland
Porto Velho,Brazil
Licheng,China
Huichang,China
Tampere,Finland
Antioch,United States
Muzaffarpur,India
Chita,Russia
Vina del Mar,Chile
Khipro,Pakistan
Asan,South Korea
Nukus,Uzbekistan
Chak Jhumra,Pakistan
Simferopol,Ukraine
Konak,Turkey
Soledad de Graciano Sanchez,Mexico
Salalah,Oman
Santarem,Brazil
Yanbu`,Saudi Arabia
Maebashi,Japan
Kaluga,Russia
Ganca,Azerbaijan
Asahikawa,Japan
Jackson,United States
Kendari,Indonesia
Wonju,South Korea
Birkat as Sab`,Egypt
Lafia,Nigeria
Dahuk,Iraq
Nizhniy Tagil,Russia
Finglas,Ireland
Kamarhati,India
Nicosia,Cyprus
Lengshuijiang,China
Ribeirao das Neves,Brazil
Guediawaye,Senegal
Ciudad Obregon,Mexico
Campiernagar,India
Phatthaya,Thailand
Minzhu,China
Belgorod,Russia
Gomez Palacio,Mexico
Bijapur,India
Cabanatuan City,Philippines
Si Racha,Thailand
Salamanca,Mexico
Ratnagiri,India
Ulanhot,China
Chipata,Zambia
Koriyama,Japan
Yunzhong,China
Fayetteville,United States
Arnavutkoy,Turkey
Kucukcekmece,Turkey
Roodepoort,South Africa
Pucallpa,Peru
San Pedro,Philippines
Myrtle Beach,United States
Kochi,Japan
Jagdalpur,India
Rampur,India
Kuching,Malaysia
Cotabato,Philippines
Nantes,France
Henderson,United States
Cariacica,Brazil
Mobile,United States
Nazret,Ethiopia
Safi,Morocco
Kikuyu,Kenya
Cordoba,Spain
Kluang,Malaysia
Mekele,Ethiopia
Pelotas,Brazil
Vaughan,Canada
Kaiyuan,China
Tangdong,China
Munster,Germany
Vitoria,Brazil
Shimoga,India
Uige,Angola
Hotan,China
Minna,Nigeria
Ning'an,China
Camaguey,Cuba
Taourirt,Morocco
San Salvador de Jujuy,Argentina
Kashipur,India
Thu Dau Mot,Vietnam
Serra,Brazil
Lexington,United States
La Paz,Bolivia
Sukabumi,Indonesia
Menongue,Angola
Okene,Nigeria
Junagadh,India
Guasavito,Mexico
Kaech'on,North Korea
Tehuacan,Mexico
Coatzacoalcos,Mexico
Saint-Denis,Reunion
Muhanga,Rwanda
Zalantun,China
Hafizabad,Pakistan
Katsina,Nigeria
Puerto Plata,Dominican Republic
Gwangmyeongni,South Korea
Lansing,United States
Taubate,Brazil
Zhengjiatun,China
Port Moresby,Papua New Guinea
Fontibon,Colombia
Hapur,India
Mannheim,Germany
Barueri,Brazil
Savannah,United States
Naha,Japan
Bari,Italy
Pattikad,India
Xiaoli,China
Youngstown,United States
Trichur,India
Yingzhong,China
Bor,South Sudan
Volzhskiy,Russia
San Miguelito,Panama
N'Zerekore,Guinea
Balikesir,Turkey
Espoo,Finland
Muar,Malaysia
Ann Arbor,United States
Kasur,Pakistan
Usme,Colombia
Barddhaman,India
Sousse,Tunisia
Kingston upon Hull,United Kingdom
Binangonan,Philippines
Attiecoube,CÙte d'Ivoire
Podolsk,Russia
Smolensk,Russia
Jiayuguan,China
Pasir Gudang,Malaysia
Vologda,Russia
Gorgan,Iran
Tanza,Philippines
Yakutsk,Russia
Santa Ana,United States
Catania,Italy
Panvel,India
Guaruja,Brazil
Nizamabad,India
Quy Nhon,Vietnam
Kurgan,Russia
Saransk,Russia
Ha'il,Saudi Arabia
Datang,China
Longquan,China
Mitchells Plain,South Africa
Yokkaichi,Japan
Chalco,Mexico
Karlsruhe,Germany
Shahriar,Iran
Shahr-e Qods,Iran
Ciudad del Este,Paraguay
Tabora,Tanzania
Ciudad Benito Juarez,Mexico
Beian,China
Irvine,United States
Hisor,Tajikistan
Nakuru,Kenya
Karawang,Indonesia
Sariwon,North Korea
St. Paul,United States
Poughkeepsie,United States
Battalgazi,Turkey
Nghi Son,Vietnam
Guangming,China
Newark,United States
Parbhani,India
Montpellier,France
Puerto Princesa,Philippines
Hisar,India
Montes Claros,Brazil
Betim,Brazil
Windsor,Canada
Kasugai,Japan
Ciudad Santa Catarina,Mexico
Fatehpur,India
Birania,India
Ciudad Victoria,Mexico
Kaunas,Lithuania
Playa del Carmen,Mexico
Yonghetun,China
Kashan,Iran
La Pena,Mexico
Sumbawanga,Tanzania
Vila Nova de Gaia,Portugal
Orel,Russia
Vladikavkaz,Russia
Sao Vicente,Brazil
Karaikkudi,India
Augsburg,Germany
Panjakent,Tajikistan
Akita,Japan
Lachhmangarh Sikar,India
Kurume,Japan
Az Zaqaziq,Egypt
Palmas,Brazil
Bahia Blanca,Argentina
Al Waqf,Egypt
San Bernardo,Chile
San Juan del Rio,Mexico
Armenia,Colombia
Qianzhou,China
Popayan,Colombia
Valladolid,Spain
Al Qunfudhah,Saudi Arabia
Corlu,Turkey
Binxian,China
Yakou,China
Newcastle,United Kingdom
Oulgaret,India
Awasa,Ethiopia
Ingraj Bazar,India
Varzea Grande,Brazil
Oaxaca,Mexico
Sucre,Bolivia
Barrancabermeja,Colombia
Al `Ajami,Egypt
Al Matariyah,Egypt
Bada Barabil,India
Ash Shamiyah,Iraq
Khairpur Tamewah,Pakistan
Jinja,Uganda
Santa Rosa,United States
Ar Raqqah,Syria
Chakwal,Pakistan
Oakashicho,Japan
Oyster Bay,United States
Farg`ona,Uzbekistan
Tursunzoda,Tajikistan
Cherepovets,Russia
Resistencia,Argentina
Jember,Indonesia
Al Mubarraz,Saudi Arabia
Pekalongan,Indonesia
Los Mochis,Mexico
Toshima,Japan
Pachuca,Mexico
Yangsan,South Korea
Concord,United States
Tampico,Mexico
Bihar,India
Temara,Morocco
Malabo,Equatorial Guinea
Winter Haven,United States
Valparaiso,Chile
Cirebon,Indonesia
Tagum,Philippines
Cekme,Turkey
Darbhanga,India
Comilla,Bangladesh
Idar,India
Pondokaren,Indonesia
Sorong,Indonesia
Shubrakhit,Egypt
Floridablanca,Colombia
Silang,Philippines
Al Kharj,Saudi Arabia
Rufisque,Senegal
Eloy Alfaro,Ecuador
Asheville,United States
Sikandarabad,India
Stockport,United Kingdom
Kafr Saqr,Egypt
Divo,CÙte d'Ivoire
Vila Teixeira da Silva,Angola
Inegol,Turkey
Paarl,South Africa
Rangpur,Bangladesh
Bialystok,Poland
Vigo,Spain
Trabzon,Turkey
Canton,United States
Coacalco,Mexico
Aizawl,India
Bali,India
Bradford,United Kingdom
Mabalacat,Philippines
Dexing,China
Lincoln,United States
Hailin,China
Graz,Austria
Strasbourg,France
Flint,United States
Groznyy,Russia
Mahikeng,South Africa
Chimbote,Peru
Bergen,Norway
Gatineau,Canada
Surajgarha,India
Lakeland,United States
Batna,Algeria
San Miguel,El Salvador
Aarhus,Denmark
Morioka,Japan
Hong'an,China
Nagercoil,India
Santa Maria,Philippines
Tambov,Russia
Jersey City,United States
Dewas,India
Eldoret,Kenya
Nottingham,United Kingdom
Magway,Burma
Anchorage,United States
Springfield,United States
Neuquen,Argentina
Tuzla,Turkey
Kabwe,Zambia
Cabimas,Venezuela
Setif,Algeria
Sonpur,India
Hugli,India
Chunchura,India
Meguro,Japan
Anapolis,Brazil
Machala,Ecuador
San Lorenzo,Paraguay
Franca,Brazil
Bac Ninh,Vietnam
Ichalkaranji,India
Tirupati,India
Plano,United States
Pathein,Burma
Sincelejo,Colombia
Cluj-Napoca,Romania
Songea,Tanzania
Tacna,Peru
Tin Shui Wai,Hong Kong
Juazeiro do Norte,Brazil
Al Qurnah,Iraq
Bhatinda,India
Katowice,Poland
Wiesbaden,Germany
Masaka,Uganda
Foz do Iguacu,Brazil
Bolton,United Kingdom
San Pablo,Philippines
Huixquilucan,Mexico
Qillin,Egypt
Croix-des-Bouquets,Haiti
San Juan Sacatepequez,Guatemala
Ostrava,Czechia
Soyapango,El Salvador
Ljubljana,Slovenia
Fukushima,Japan
Bago,Burma
Delmas,Haiti
Fuquan,China
Ibaraki,Japan
Nizhnevartovsk,Russia
Lubbock,United States
Satna,India
San Cristobal,Venezuela
Chernihiv,Ukraine
Gungoren,Turkey
Temuco,Chile
Ica,Peru
Davenport,United States
Phitsanulok,Thailand
Khanewal,Pakistan
Jining,China
Chuncheon,South Korea
Sakarya,Turkey
Kaura Namoda,Nigeria
Malard,Iran
Bukhara,Uzbekistan
Reading,United States
Marot,Pakistan
Sumbe,Angola
Mingaora,Pakistan
Caala,Angola
Poltava,Ukraine
Petrozavodsk,Russia
Kherson,Ukraine
Lucena,Philippines
Petropolis,Brazil
Mamuju,Indonesia
Mau,India
Long Xuyen,Vietnam
Gyeongsan,South Korea
Barasat,India
Qarshi,Uzbekistan
Shreveport,United States
Chandler,United States
Pematangsiantar,Indonesia
Sunderland,United Kingdom
Sterlitamak,Russia
Santa Ana,El Salvador
Buyukcekmece,Turkey
Gagnoa,CÙte d'Ivoire
Xingsha,China
Dire Dawa,Ethiopia
Lashkar Gah,Afghanistan
Itagui,Colombia
Juliaca,Peru
Posadas,Argentina
Tegal,Indonesia
Farrukhabad,India
South Bend,United States
Mytishchi,Russia
Kunsan,South Korea
Wilmington,United States
Chula Vista,United States
Yoshkar-Ola,Russia
Saugor,India
Khmelnytskyi,Ukraine
Khorabar,India
Nassau,"Bahamas, The"
Rockford,United States
Isfara,Tajikistan
Ratlam,India
Mehrabpur,Pakistan
Yeosu,South Korea
Shaowu,China
Ponta Grossa,Brazil
Taboao da Serra,Brazil
Istaravshan,Tajikistan
San Mateo,Philippines
Tsu,Japan
Imperatriz,Brazil
Huozhou,China
Los Alcarrizos,Dominican Republic
Soubre,CÙte d'Ivoire
Eugene,United States
Maragheh,Iran
Majene,Indonesia
Huilong,China
Salem,United States
Sumida,Japan
Gabela,Angola
Dayr az Zawr,Syria
Iasi,Romania
Sarta,Iran
Gilbert,United States
Da'an,China
North Las Vegas,United States
Iksan,South Korea
My Tho,Vietnam
Nguru,Nigeria
Mito,Japan
Kunp'o,South Korea
Bijiao,China
Cherkasy,Ukraine
Bayat,Turkey
Corum,Turkey
Handwara,India
Binjai,Indonesia
Monchengladbach,Germany
Kunduz,Afghanistan
Parana,Argentina
Yeosu,South Korea
Drug,India
Turbat,Pakistan
Gijon,Spain
Brahmanbaria,Bangladesh
Thai Binh,Vietnam
Ichihara,Japan
Tarija,Bolivia
Shibin al Kawm,Egypt
Siverek,Turkey
Plymouth,United Kingdom
Aswan,Egypt
Potosi,Bolivia
Hulin,China
Kostroma,Russia
Murmansk,Russia
Maradi,Niger
Xiangkhoang,Laos
Anantapur,India
Kiziltepe,Turkey
Adiyaman,Turkey
East London,South Africa
Saskatoon,Canada
Sumare,Brazil
Gelsenkirchen,Germany
Nagaoka,Japan
Khwazakhela,Pakistan
Santa Clarita,United States
Suncheon,South Korea
Kibaha,Tanzania
Nalchik,Russia
Gent,Belgium
Karakopru,Turkey
Antsirabe,Madagascar
Feni,Bangladesh
Imphal,India
Taunggyi,Burma
Nogales,Mexico
Ed Daein,Sudan
Dezful,Iran
Mossoro,Brazil
Milton Keynes,United Kingdom
Chernivtsi,Ukraine
Dumai,Indonesia
Itajai,Brazil
Kutahya,Turkey
Constanta,Romania
Luque,Paraguay
Yao,Japan
Jalalabad,Afghanistan
Chiayi,Taiwan
Nawabshah,Pakistan
Talisay,Philippines
Tchibota,Congo (Brazzaville)
Matala,Angola
Peoria,United States
Quilmes,Argentina
Novorossiysk,Russia
Wollongong,Australia
Zhytomyr,Ukraine
Fukui,Japan
Arrah,India
Tallahassee,United States
Malolos,Philippines
Heroica Nogales,Mexico
Killeen,United States
Bariadi,Tanzania
Hong,Nigeria
Santa Teresa del Tuy,Venezuela
St. Petersburg,United States
Fuchu,Japan
Minato,Japan
Novi Sad,Serbia
Boksburg,South Africa
Olongapo,Philippines
Quang Ngai,Vietnam
Engels,Russia
Kennewick,United States
Sivakasi,India
Al Hamzah,Iraq
Skardu,Pakistan
Qo`qon,Uzbekistan
Kotri,Pakistan
Misratah,Libya
Aydin,Turkey
Singa,Sudan
Taluqan,Afghanistan
Manta,Ecuador
Ndulo,Angola
Andulo,Angola
Vitoria-Gasteiz,Spain
Hiratsuka,Japan
Columbus,United States
Raniyah,Iraq
Annaba,Algeria
Etawah,India
Siddhirganj,Bangladesh
Khimki,Russia
Chingola,Zambia
Sumy,Ukraine
Yakeshi,China
Indaiatuba,Brazil
Bloemfontein,South Africa
Laredo,United States
Malkajgiri,India
Germiston,South Africa
Verona,Italy
Kakogawacho-honmachi,Japan
Derby,United Kingdom
Pasarkemis,Indonesia
Westminster,United Kingdom
Kuala Terengganu,Malaysia
Irving,United States
San Pedro Carcha,Guatemala
Mocamedes,Angola
Tokushima,Japan
Sao Carlos,Brazil
Longueuil,Canada
Marilao,Philippines
Tuni,India
Sodo,Ethiopia
Ash Shatrah,Iraq
Sab` al Bur,Iraq
Fort-de-France,Martinique
Mawlamyine,Burma
Caruaru,Brazil
Tanta,Egypt
Amarnath,India
Godome,Benin
Rapar,India
Samastipur,India
Gokak,India
Manavgat,Turkey
Shinozaki,Japan
Aachen,Germany
Parnamirim,Brazil
Jhenida,Bangladesh
Cimanggis,Indonesia
Bharatpur,India
Los Teques,Venezuela
Round Lake Beach,United States
Osmaniye,Turkey
Uberaba,Brazil
Begusarai,India
Kediri,Indonesia
Kanggye,North Korea
Hakodate,Japan
Tacloban,Philippines
Afyonkarahisar,Turkey
Iskenderun,Turkey
Montgomery,United States
Soka,Japan
Nedumana,India
Higuey,Dominican Republic
Chesapeake,United States
Wolverhampton,United Kingdom
Pointe-a-Pitre,Guadeloupe
Al Fallujah,Iraq
Timisoara,Romania
Bata,Equatorial Guinea
Chemnitz,Germany
Rach Gia,Vietnam
Companiganj,Bangladesh
Venice,Italy
Babol,Iran
Glendale,United States
La Paz,Mexico
Kalar,Iraq
Turkistan,Kazakhstan
Al Bayda',Libya
Natogyi,Burma
Kurmuk,Sudan
New Delhi,India
Las Condes,Chile
Goma,Congo (Kinshasa)
Rishon LeZiyyon,Israel
Osorno,Chile
Campeche,Mexico
Tiruvottiyur,India
Palangkaraya,Indonesia
A Coruna,Spain
Burnaby,Canada
Ramnagar,India
Limeira,Brazil
Kiel,Germany
Carmen,Mexico
Gandhidham,India
Banikoara,Benin
Salumbar,India
Kyongju,South Korea
Vantaa,Finland
Sibu,Malaysia
Qa'em Shahr,Iran
Beykoz,Turkey
Nashua,United States
Sahiwal,Pakistan
Isparta,Turkey
Navotas,Philippines
Santa Clara,Cuba
Yamagata,Japan
Aksaray,Turkey
Governador Valadares,Brazil
Khomeyni Shahr,Iran
Shijing,China
York,United States
Abertawe,United Kingdom
Tsukuba-kenkyugakuen-toshi,Japan
Oruro,Bolivia
Macae,Brazil
Gyor,Hungary
Al `Ashir min Ramadan,Egypt
Mahajanga,Madagascar
Mount Lavinia,Sri Lanka
Garland,United States
Gdynia,Poland
Barnsley,United Kingdom
Taiping,Malaysia
Syktyvkar,Russia
Stoke-on-Trent,United Kingdom
Sao Jose de Ribamar,Brazil
Rock Hill,United States
Puducherry,India
Merlo,Argentina
Portoviejo,Ecuador
Damanhur,Egypt
Sarajevo,Bosnia and Herzegovina
Jessore,Bangladesh
Rivne,Ukraine
Kesbewa,Sri Lanka
Kanpur,India
Fuji,Japan
Eindhoven,Netherlands
Sabzevar,Iran
Santa Maria,Brazil
Bahir Dar,Ethiopia
Wudalianchi,China
Elche,Spain
Myitkyina,Burma
Ramgundam,India
Tuy Hoa,Vietnam
Sasebo,Japan
Sapele,Nigeria
Biratnagar,Nepal
Pandharpur,India
Marg`ilon,Uzbekistan
Qyzylorda,Kazakhstan
St. Catharines,Canada
Chigasaki,Japan
Araraquara,Brazil
Halle,Germany
Scottsdale,United States
Volta Redonda,Brazil
Americana,Brazil
Zhangping,China
Man,CÙte d'Ivoire
Sete Lagoas,Brazil
Banchpar,Bangladesh
Sakaka,Saudi Arabia
Haeju,North Korea
Taganrog,Russia
Hai Duong,Vietnam
Masaurhi Buzurg,India
Gelemso,Ethiopia
Alleppey,India
Paramaribo,Suriname
Baruta,Venezuela
Marilia,Brazil
Katihar,India
Tarapoto,Peru
Nizhnekamsk,Russia
Atushi,China
Abi al Khasib,Iraq
Jacarei,Brazil
Anju,North Korea
Magdeburg,Germany
Andimeshk,Iran
Bunkyo-ku,Japan
Blagoveshchensk,Russia
Horlivka,Ukraine
Ahor,India
Yato,Japan
Matsumoto,Japan
Chimoio,Mozambique
Lille,France
Kasulu,Tanzania
Ivano-Frankivsk,Ukraine
Chofugaoka,Japan
Gonzalez Catan,Argentina
Wuyishan,China
Shenmu,China
Ganganagar,India
Brasov,Romania
Amol,Iran
Freiburg im Breisgau,Germany
Monclova,Mexico
Chishui,China
Djougou,Benin
Mirpur Khas,Pakistan
P'yongsong-si,North Korea
North Hempstead,United States
Centurion,South Africa
Tinkhang,India
Rewa,India
Usak,Turkey
Lyubertsy,Russia
Pakdasht,Iran
Kajang,Malaysia
Petah Tiqwa,Israel
Abha,Saudi Arabia
Al Minya,Egypt
Iseyin,Nigeria
Central District,Hong Kong
Gaborone,Botswana
Zinder,Niger
Bole,China
Aguadilla,Puerto Rico
Komsomol'sk-na-Amure,Russia
Ganda,Angola
Arlington,United States
Uluberiya,India
Bulandshahr,India
Banda Aceh,Indonesia
Najafabad,Iran
Shibuya-ku,Japan
Ba Ria,Vietnam
Bayamo,Cuba
Limassol,Cyprus
Norfolk,United States
Georgetown,Guyana
Borujerd,Iran
Ibb,Yemen
Appleton,United States
Garcia,Mexico
Arapiraca,Brazil
Longquan,China
Hoa Binh,Vietnam
Miri,Malaysia
Maracanau,Brazil
Oral,Kazakhstan
Craiova,Romania
Raichur,India
Formosa,Argentina
Purwokerto,Indonesia
Chauhanpatti,India
Bo,Sierra Leone
Mambere,Central African Republic
Damboa,Nigeria
Groningen,Netherlands
Anyang,South Korea
Ipswich,Australia
Teluk Intan,Malaysia
Mbour,Senegal
San Cristobal,Dominican Republic
Granada,Spain
Gravatai,Brazil
Cannanore,India
Singida,Tanzania
Kigoma,Tanzania
Okara,Pakistan
Saga,Japan
Lin'an,China
Enterprise,United States
Beni,Congo (Kinshasa)
Machilipatnam,India
Nazipur,Bangladesh
Porto,Portugal
Gulfport,United States
Biyala,Egypt
Lafayette,United States
Madan,Iran
Huangjingkeng,China
Rancagua,Chile
Phu Yen,Vietnam
Divinopolis,Brazil
Qarchak,Iran
Ormoc,Philippines
Yoshiicho-shimobaru,Japan
Fresnillo,Mexico
Turkmenabat,Turkmenistan
Son Tay,Vietnam
Singkawang,Indonesia
Zegoua,Mali
Marka,Somalia
Barishal,Bangladesh
Kulai,Malaysia
Pali,India
Songadh,India
Gadda Madiral,India
Hosur,India
Ordu,Turkey
Kosice,Slovakia
Kasukabe,Japan
Bojnurd,Iran
Envigado,Colombia
Haridwar,India
Vizianagaram,India
Tarrasa,Spain
Suzano,Brazil
Coban,Guatemala
Bremerton,United States
Khenifra,Morocco
Krefeld,Germany
Fremont,United States
Guantanamo,Cuba
Sabya,Saudi Arabia
Pathardi,India
Mage,Brazil
Neya,Japan
Mel Palaiyam,India
Tripoli,Lebanon
Rennes,France
Ipatinga,Brazil
Saqultah,Egypt
Green Bay,United States
Choloma,Honduras
Khatima,India
Badalona,Spain
Petlad,India
Kamianske,Ukraine
Ageoshimo,Japan
Changhua,Taiwan
Regina,Canada
Ca Mau,Vietnam
Korolev,Russia
Tieli,China
Dianbu,China
Kolpino,Russia
Chilpancingo,Mexico
Rio Verde,Brazil
Meycauayan,Philippines
Presidente Prudente,Brazil
Varamin,Iran
Padangsidempuan,Indonesia
Uacu Cungo,Angola
Pudukkottai,India
Hunchun,China
Nadiad,India
Toamasina,Madagascar
Fargo,United States
Ternopil,Ukraine
Mutare,Zimbabwe
Chuadanga,Bangladesh
Carlos Manuel de Cespedes,Cuba
Nong'an,China
Ota,Japan
Deltona,United States
Itaborai,Brazil
Puerto Vallarta,Mexico
Capiata,Paraguay
Viamao,Brazil
Chapeco,Brazil
Banfield,Argentina
Atsugicho,Japan
Cox's Bazar,Bangladesh
Bandar-e Bushehr,Iran
Tanjung Morawa,Indonesia
Brownsville,United States
Itapevi,Brazil
Probolinggo,Indonesia
Tanjore,India
Mainz,Germany
Hachinohe,Japan
Barra do Dande,Angola
Mezitli,Turkey
Sandton,South Africa
Velikiy Novgorod,Russia
Cork,Ireland
Dili,Timor-Leste
Tyrnavos,Greece
Owo,Nigeria
Swindon,United Kingdom
Ciputat,Indonesia
Sabadell,Spain
Myeik,Burma
Kichha,India
Hialeah,United States
Longjiang,China
Katri,India
Takarazuka,Japan
San Bernardino,United States
Saricam,Turkey
Gueckedou,Guinea
Neyshabur,Iran
Xiqiao,China
Ibb,Yemen
Soc Trang,Vietnam
Dagarua,India
Tchaourou,Benin
Lutsk,Ukraine
Duekoue,CÙte d'Ivoire
Sambhal,India
Shakhty,Russia
San Felipe,Venezuela
Saveh,Iran
Oviedo,Spain
Tacoma,United States
Santa Luzia,Brazil
Chi Linh,Vietnam
La Vega,Dominican Republic
Singrauliya,India
El Jadid,Morocco
Ashdod,Israel
Prizren,Kosovo
Bratsk,Russia
Thatta,Pakistan
Gainesville,United States
Spring Valley,United States
Cartagena,Spain
Yenisehir,Turkey
Al Khubar,Saudi Arabia
Kropyvnytskyi,Ukraine
Osisioma,Nigeria
Tulua,Colombia
Lubeck,Germany
Zanzibar,Tanzania
Konibodom,Tajikistan
Kafue,Zambia
Messina,Italy
Pangkalpinang,Indonesia
Petrolina,Brazil
Bitung,Indonesia
Santo Tomas,Philippines
Clarksville,United States
Naihati,India
Arakawa,Japan
Babylon,United States
Galati,Romania
Jaynagar,India
Laayoune,Morocco
Tapachula,Mexico
Angarsk,Russia
Apapa,Nigeria
Netanya,Israel
Silivri,Turkey
Qostanay,Kazakhstan
Staryy Oskol,Russia
Alor Setar,Malaysia
Wayaobu,China
Zielona Gora,Poland
Jose C. Paz,Argentina
Yamunanagar,India
Banjarbaru,Indonesia
Valencia,Philippines
Ayacucho,Peru
Wellington,New Zealand
Penalolen,Chile
Dongxing,China
Ar Ruseris,Sudan
Hortolandia,Brazil
College Station,United States
Olympia,United States
Pallavaram,India
Jiutepec,Mexico
Kremenchuk,Ukraine
Dzerzhinsk,Russia
Tan An,Vietnam
Golmud,China
San Rafael,Argentina
Sidi Aissa,Algeria
Khargone,India
As Samawah,Iraq
Matrah,Oman
Comalcalco,Mexico
Oulu,Finland
Almere,Netherlands
Kulob,Tajikistan
Sa Dec,Vietnam
Mokpo,South Korea
Al Ghardaqah,Egypt
Warnes,Bolivia
Cascais,Portugal
Cigli,Turkey
Marcory,CÙte d'Ivoire
Roanoke,United States
Chilas,Pakistan
Sikasso,Mali
Bouafle,CÙte d'Ivoire
Osan,South Korea
Oakville,Canada
Secunderabad,India
Jerez de la Frontera,Spain
Portland,United States
El Tigre,Venezuela
Isesaki,Japan
Norwich,United Kingdom
Czestochowa,Poland
Monghyr,India
Luton,United Kingdom
Chapra,India
Sidi Bel Abbes,Algeria
Jinshi,China
Zhubei,Taiwan
Tumaco,Colombia
Trondheim,Norway
Mallawi,Egypt
Kure,Japan
Kuje,Nigeria
Bhadravati,India
`Aqrah,Iraq
Linz,Austria
Fontana,United States
Cao Lanh,Vietnam
Nagareyama,Japan
Xujing,China
Xigujing,China
Taito,Japan
Irakleio,Greece
Criciuma,Brazil
Panchkula,India
Oberhausen,Germany
Mirpur Bhtoro,Pakistan
Burhanpur,India
Ait Melloul,Morocco
Rostock,Germany
Gujiao,China
Sobral,Brazil
Trece Martires City,Philippines
Gangneung,South Korea
Pagadian,Philippines
Quilicura,Chile
Spartanburg,United States
Moreno Valley,United States
Kairouan,Tunisia
Burgas,Bulgaria
Frisco,United States
Arroyo Naranjo,Cuba
Bukit Mertajam,Malaysia
Richmond,Canada
Kapra,India
Burutu,Nigeria
Mostoles,Spain
Beni Mellal,Morocco
Legazpi City,Philippines
Yonkers,United States
Thingangyun,Burma
Panabo,Philippines
Cikupa,Indonesia
Puerto Cabello,Venezuela
Ich'on,South Korea
Beersheba,Israel
Nowgong,India
Santo Agostinho,Brazil
Taisheng,China
Sunyani,Ghana
Thousand Oaks,United States
Lubuklinggau,Indonesia
Ashaiman,Ghana
Phan Rang-Thap Cham,Vietnam
Ambala,India
Zamora,Mexico
Torbali,Turkey
Chungju,South Korea
Kasangati,Uganda
Sioux Falls,United States
Pamplona,Spain
Quetzaltenango,Guatemala
Kharagpur,India
Farshut,Egypt
Monywa,Burma
Nishitokyo,Japan
Babruysk,Belarus
Robertsonpet,India
Dindigul,India
Viransehir,Turkey
Toledo,Philippines
Bila Tserkva,Ukraine
Marawi City,Philippines
Hagerstown,United States
Raniwara Kalan,India
Cerkezkoy,Turkey
Solihull,United Kingdom
Parakou,Benin
Bakaga,Benin
Damietta,Egypt
Shimla,India
Padova,Italy
Cidade de Nacala,Mozambique
Evansville,United States
Dinajpur,Bangladesh
Hospet,India
Islington,United Kingdom
Talca,Chile
Diaobingshancun,China
Ifakara,Tanzania
Northcote,New Zealand
Maldah,India
San Carlos City,Philippines
Jiutai,China
Phan Thiet,Vietnam
Khan Yunis,Gaza Strip
Huayin,China
Amarillo,United States
Ongole,India
Cordoba,Mexico
Brahmanpara,Bangladesh
Kassel,Germany
Biskra,Algeria
Bingerville,CÙte d'Ivoire
Kalamazoo,United States
Mpanda,Tanzania
Charleroi,Belgium
Sao Jose dos Pinhais,Brazil
Ternate,Indonesia
Sejong,South Korea
Coquimbo,Chile
Luzhang,China
Kukawa,Nigeria
Geneva,Switzerland
Lorain,United States
Ellore,India
Da Lat,Vietnam
Huntington,United States
Kinh Mon,Vietnam
Birjand,Iran
Santa Ana,Philippines
La Guaira,Venezuela
Loja,Ecuador
Mandi Burewala,Pakistan
Banjar,Indonesia
Acarigua,Venezuela
Deoghar,India
Tanjungpinang,Indonesia
Phu Tu Son,Vietnam
Galveston,United States
Cabo San Lucas,Mexico
El Tezal,Mexico
Chhindwara,India
Almeria,Spain
Madiun,Indonesia
Iringa,Tanzania
Mokameh,India
McKinney,United States
Turku,Finland
Luxor,Egypt
Jizzax,Uzbekistan
Arica,Chile
Las Tunas,Cuba
Qal`at Bishah,Saudi Arabia
Richmond Hill,Canada
Timayy al Imdid,Egypt
Al Khums,Libya
Matsue,Japan
Debrecen,Hungary
Tarakan,Indonesia
Loures,Portugal
Radom,Poland
Petropavl,Kazakhstan
Rio Claro,Brazil
Maroua,Cameroon
Cajamarca,Peru
Comodoro Rivadavia,Argentina
Huntington,United States
Qina,Egypt
Mai'Adua,Nigeria
Moshi,Tanzania
Dasoguz,Turkmenistan
Nampa,United States
Hebron,West Bank
Puri,India
Sidfa,Egypt
Soio,Angola
Menemen,Turkey
Haldia,India
Jacobabad,Pakistan
Khandwa,India
Aberdeen,United Kingdom
Huacho,Peru
Yachiyo,Japan
Nandyal,India
Hickory,United States
Morena,India
Guatire,Venezuela
Guarenas,Venezuela
Nasim Shahr,Iran
Bouskoura,Morocco
Kabankalan,Philippines
Aracatuba,Brazil
Vinh Long,Vietnam
Lang Son,Vietnam
Rio Cuarto,Argentina
Lochau,Austria
Karjat,India
Kasba Pataspur,India
At Taji,Iraq
Khorramabad,Iran
Kakuma,Kenya
Az Zawiyah,Libya
Isanlu,Nigeria
Waterbury,United States
Merida,Venezuela
Lahad Datu,Malaysia
Concordia,Argentina
Drabar,India
Sunrise Manor,United States
Pristina,Kosovo
Uripa,Colombia
Khowy,Iran
Gbadolite,Congo (Kinshasa)
Laqtah,Qatar
Grand Prairie,United States
Apopa,El Salvador
Amroha,India
Lunga-Lunga,Kenya
Trieste,Italy
Torun,Poland
Martapura,Indonesia
Rani,India
Kankan,Guinea
Chakradharpur,India
Ocala,United States
Segamat,Malaysia
Bhiwani,India
Waco,United States
Bhind,India
Hobart,Australia
Baure,Nigeria
Higashi-Hiroshima,Japan
La Ceiba,Honduras
Ciudad Madero,Mexico
Itami,Japan
Overland Park,United States
Sawangan,Indonesia
Bamiantong,China
Zakhu,Iraq
Kodaira,Japan
Rajin,North Korea
Alcala de Henares,Spain
Parma,Italy
Frederick,United States
Huanuco,Peru
San Lorenzo,Argentina
Kusong,North Korea
Brescia,Italy
Zipaquira,Colombia
Khammam,India
Madhyamgram,India
Huntington Beach,United States
Kajo Kaji,South Sudan
Kouribga,Morocco
Ghandinagar,India
Rzeszow,Poland
Prato,Italy
Myawadi,Burma
Mwene-Ditu,Congo (Kinshasa)
Dongning,China
Koronadal,Philippines
La Serena,Chile
Maharagama,Sri Lanka
San Pedro de Macoris,Dominican Republic
Liege,Belgium
Suzuka,Japan
Beichengqu,China
Coro,Venezuela
Baharampur,India
Tchitato,Angola
Malema,Mozambique
Mbarara,Uganda
Santa Barbara,United States
Morbi,India
Cuautla,Mexico
Guanajuato,Mexico
Tebessa,Algeria
Kamirenjaku,Japan
Mohammedia,Morocco
Peoria,United States
Holon,Israel
Duzce,Turkey
Leganes,Spain
Peterborough,United Kingdom
Tanauan,Philippines
Suhaj,Egypt
Bene Beraq,Israel
Sosnowiec,Poland
Pingtung,Taiwan
Cholula de Rivadabia,Mexico
Sao Leopoldo,Brazil
Bukan,Iran
Kokshetau,Kazakhstan
Anseong,South Korea
Fatehpur,India
Kumagaya,Japan
Krasnogorsk,Russia
Bani Suwayf,Egypt
Quelimane,Mozambique
Cedar Rapids,United States
Vancouver,United States
Hyesan,North Korea
Jalapa,Guatemala
Kaesong,North Korea
Nossa Senhora do Socorro,Brazil
Glendale,United States
Croydon,United Kingdom
Rio Grande,Brazil
Gorontalo,Indonesia
Florencia,Colombia
Fianarantsoa,Madagascar
Tsing Yi Town,Hong Kong
Yamaguchi,Japan
Iwo,Nigeria
Rae Bareli,India
Angren,Uzbekistan
Godoy Cruz,Argentina
Ciudad del Carmen,Mexico
Bago,Philippines
Valera,Venezuela
Ouargla,Algeria
Manzanillo,Mexico
Fuenlabrada,Spain
Malaybalay,Philippines
Isidro Casanova,Argentina
Chibia,Angola
Hino,Japan
Orai,India
Hagen,Germany
Shahr-e Kord,Iran
Jhelum,Pakistan
Ingabu,Burma
Mahbubnagar,India
Pabna,Bangladesh
Pak Kret,Thailand
Cam Pha,Vietnam
Batu,Indonesia
Taihe,China
Getafe,Spain
Saddiqabad,Pakistan
Ngaoundere,Cameroon
Gastonia,United States
Chongju,North Korea
Poza Rica de Hidalgo,Mexico
Pskov,Russia
Murtazabad,India
Donostia,Spain
Las Heras,Argentina
Odawara,Japan
Abu Ghurayb,Iraq
Sokode,Togo
Anjomachi,Japan
Spring Hill,United States
Pinar del Rio,Cuba
Kenema,Sierra Leone
Balkanabat,Turkmenistan
Digos,Philippines
El Progreso,Honduras
Bhuj,India
Al Hasakah,Syria
San Francisco de Macoris,Dominican Republic
Taranto,Italy
Prabumulih,Indonesia
Kishiwada,Japan
Iquique,Chile
Dese,Ethiopia
Gharyan,Libya
Numazu,Japan
Murfreesboro,United States
Ratanpur,India
Orsk,Russia
Bournemouth,United Kingdom
Bhusaval,India
Tottori,Japan
Joetsu,Japan
San Diego,Venezuela
Kofu,Japan
Ucu Seles,Angola
Potsdam,Germany
Calbayog City,Philippines
Kirikkale,Turkey
Burlington,Canada
Kielce,Poland
Itabuna,Brazil
Klerksdorp,South Africa
Tekirdag,Turkey
Tempe,United States
Pasuruan,Indonesia
Bahraigh,India
Paradise,United States
Ed Damazin,Sudan
Basildon,United Kingdom
Plzen,Czechia
St. John's,Canada
Umreth,India
Dunhuang,China
Semnan,Iran
Narsingdi,Bangladesh
Temirtau,Kazakhstan
Banja Luka,Bosnia and Herzegovina
Ittikara,India
Yei,South Sudan
Mahesana,India
Kuchlagh,Pakistan
Newport News,United States
Ferraz de Vasconcelos,Brazil
Bolu,Turkey
Alasandigutta,India
`Unayzah,Saudi Arabia
Armavir,Russia
Erie,United States
Izuo,Japan
Seixal,Portugal
Al Qamishli,Syria
Padalarang,Indonesia
Modena,Italy
Breda,Netherlands
Toyokawa,Japan
Vinh Chau,Vietnam
Siguiri,Guinea
Biysk,Russia
Cuango,Angola
Raiganj,India
Saarbrucken,Germany
San Cristobal,Mexico
Fernando de la Mora,Paraguay
Trang Bang,Vietnam
Aqtau,Kazakhstan
Santa Barbara d'Oeste,Brazil
Colombo,Brazil
Batala,India
Saint Helens,United Kingdom
Nis,Serbia
Oradea,Romania
Tumpat,Malaysia
Fort Lauderdale,United States
Malumfashi,Nigeria
Isiro,Congo (Kinshasa)
Termiz,Uzbekistan
Jaragua do Sul,Brazil
Palanpur,India
Sirsa,India
Donghua,China
Odense,Denmark
Noumea,New Caledonia
Dinapore,India
Sorsogon,Philippines
Gainesville,United States
Guarapuava,Brazil
Tambaram,India
Bethelsdorp,South Africa
Shrirampur,India
Balakovo,Russia
Abakan,Russia
Braga,Portugal
Epe,Nigeria
Kelowna,Canada
Fardis,Iran
Himatnagar,India
Kindia,Guinea
Tachikawa,Japan
Turbo,Colombia
La Rioja,Argentina
Guna,India
Toulon,France
Hamm,Germany
Singosari,Indonesia
Nawada,India
Cuauhtemoc,Mexico
Mukdahan,Thailand
Ploiesti,Romania
Inisa,Nigeria
Berazategui,Argentina
Funtua,Nigeria
Obuase,Ghana
Castellon de la Plana,Spain
Jaunpur,India
Mbanza Kongo,Angola
Geelong,Australia
Lhokseumawe,Indonesia
Mahad,India
Madanapalle,India
Palopo,Indonesia
Yuzhno-Sakhalinsk,Russia
Petarukan,Indonesia
Guri,South Korea
Quang Yen,Vietnam
Edirne,Turkey
Longjin,China
Santander de Quilichao,Colombia
Wadlakonda,India
Bhachau,India
Kyaukpyu,Burma
Shivpuri,India
Caluquembe,Angola
Aurora,United States
Ussuriysk,Russia
Budhanilkantha,Nepal
Uji,Japan
Mongu,Zambia
Calabar,Nigeria
Dosquebradas,Colombia
Roxas City,Philippines
Masan,South Korea
Purwakarta,Indonesia
Mauldin,United States
Satara,India
El Khroub,Algeria
Tiaret,Algeria
Cuautitlan,Mexico
Njeru,Uganda
Al `Arish,Egypt
Reims,France
Vada,India
Ontario,United States
Langsa,Indonesia
Phillaur,India
Korfez,Turkey
Guacara,Venezuela
Quevedo,Ecuador
Fethiye,Turkey
Kandi,Benin
Nijmegen,Netherlands
Unnao,India
Dundo,Angola
Meiktila,Burma
Akhisar,Turkey
Sitapur,India
La Pintana,Chile
Ambato,Ecuador
Almada,Portugal
Elk Grove,United States
Riobamba,Ecuador
Kalamboli,India
Panama City,United States
Ciudad Valles,Mexico
Norilsk,Russia
Cary,United States
San Luis Rio Colorado,Mexico
Saila,India
Curug,Indonesia
Al Muharraq,Bahrain
Letpandan,Burma
Hurlingham,Argentina
Hamilton,New Zealand
Al Juwayyidah,Jordan
Cianjur,Indonesia
Ar Rahmaniyah,Egypt
Waraseoni,India
Leon,Nicaragua
Mauli,India
Harnaut,India
Bejaia,Algeria
Tongjiang,China
Ludwigshafen,Germany
Biu,Nigeria
Hemet,United States
Arafat,Mauritania
Rantau Prapat,Indonesia
Golcuk,Turkey
Burgos,Spain
Catumbela,Angola
Chittoor,India
Shibirghan,Afghanistan
El Bosque,Chile
Santa Maria Texmelucan,Mexico
Navadwip,India
Turgutlu,Turkey
Karaman,Turkey
Manaus,Brazil
Salatiga,Indonesia
Kotdwara,India
Danbury,United States
Chicoloapan,Mexico
Pilibhit,India
Sirjan,Iran
Khapalu,Pakistan
Bodrum,Turkey
Narashino,Japan
Uppsala,Sweden
Cachoeiro de Itapemirim,Brazil
Rancho Cucamonga,United States
Kangqiao,China
Oldenburg,Germany
Juazeiro,Brazil
Luziania,Brazil
Timon,Brazil
Dagupan City,Philippines
Ada,Nigeria
Albacete,Spain
Habaswein,Kenya
Santander,Spain
Gliwice,Poland
Piedras Negras,Mexico
Carupano,Venezuela
Bida,Nigeria
Sakura,Japan
Townsville,Australia
Cuddalore,India
Alcorcon,Spain
Patra,Greece
Sao Jose,Brazil
Basel,Switzerland
Lubao,Philippines
Tocuyito,Venezuela
Nova Friburgo,Brazil
Mexico,Philippines
Gondal,India
Shahin Shahr,Iran
Mulheim,Germany
Deo,India
Fenglu,China
Keningau,Malaysia
Salinas,United States
Sherbrooke,Canada
Kamakurayama,Japan
Ha Long,Vietnam
Silchar,India
Chirala,India
Gadag,India
Mang La,Vietnam
Hitachi,Japan
Jabalya,Gaza Strip
Prokopyevsk,Russia
Polomolok,Philippines
Ongata Rongai,Kenya
Saint-Etienne,France
Matosinhos,Portugal
Oceanside,United States
Sacaba,Bolivia
General Mariano Alvarez,Philippines
Lagos de Moreno,Mexico
Tiruvannamalai,India
Kindu,Congo (Kinshasa)
Kaolack,Senegal
Bidar,India
Podgorica,Montenegro
San Miguel,Philippines
Talhar,Pakistan
Jalalabad,India
Izumo,Japan
Rafah,Gaza Strip
Bir el Djir,Algeria
Rybinsk,Russia
Cazanga,Angola
Beji,Indonesia
Oeiras,Portugal
Kempton Park,South Africa
Settat,Morocco
Guiglo,CÙte d'Ivoire
Amadora,Portugal
Vallejo,United States
Baranavichy,Belarus
High Point,United States
Al Kufah,Iraq
Araguaina,Brazil
Tangjin,South Korea
Villupuram,India
Nawsari,India
Surigao,Philippines
Ercis,Turkey
Reggio di Calabria,Italy
Makurdi,Nigeria
Bao Loc,Vietnam
Kohat,Pakistan
Petite Riviere de l'Artibonite,Haiti
Garden Grove,United States
Pembroke Pines,United States
Nigde,Turkey
Nqutu,South Africa
Tonacatepeque,El Salvador
Escuintla,Guatemala
Fusagasuga,Colombia
Malayer,Iran
Olsztyn,Poland
Tomakomai,Japan
Aplahoue,Benin
Valsad,India
Guadalupe,Mexico
Lancaster,United States
As Suwayq,Oman
Concepcion,Philippines
San Luis,Argentina
Barra Mansa,Brazil
Cape Coast,Ghana
Ipiales,Colombia
Magwe,South Sudan
Tebingtinggi,Indonesia
Urayasu,Japan
Puerto Montt,Chile
Reggio Emilia,Italy
Al Marj,Libya
Sahab,Jordan
Caluquembe,Angola
Medinipur,India
Sosan,South Korea
Ji'an Shi,China
Talas,Turkey
Chuo-ku,Japan
Batumi,Georgia
Bielsko-Biala,Poland
Chetumal,Mexico
Nishio,Japan
Damoh,India
Kalale,Benin
Kroonstad,South Africa
Toliara,Madagascar
Barrechid,Morocco
Marysville,United States
Malanville,Benin
Calabozo,Venezuela
Baliuag,Philippines
Passo Fundo,Brazil
Haripur,India
Mahabad,Iran
Neyveli,India
Bordj Bou Arreridj,Algeria
Moratuwa,Sri Lanka
Francisco Morato,Brazil
Haicheng,China
Huich'on,North Korea
Ilford,United Kingdom
Maraba,Brazil
Baramula,India
Teluknaga,Indonesia
Edremit,Turkey
Jamalpur,Bangladesh
Riohacha,Colombia
Gabes,Tunisia
Catape,Angola
Caconda,Angola
Hirosaki,Japan
Villa Canales,Guatemala
Malkapur,India
Katha,Burma
Oyama,Japan
Basuo,China
Jind,India
Bandirma,Turkey
Bayamon,Puerto Rico
Itapecerica da Serra,Brazil
Itu,Brazil
Al Qurayyat,Saudi Arabia
Jutiapa,Guatemala
Mary,Turkmenistan
Osnabruck,Germany
Chandannagar,India
Linhares,Brazil
Tiantoujiao,China
Sampit,Indonesia
Fredericksburg,United States
Kismaayo,Somalia
Le Havre,France
Leverkusen,Germany
Adoni,India
Tuguegarao,Philippines
Gia Rai,Vietnam
Visalia,United States
Kuytun,China
Tuscaloosa,United States
Offa,Nigeria
Ocumare del Tuy,Venezuela
Sudbury,Canada
Ratnapura,Sri Lanka
Niiza,Japan
Takaoka,Japan
Tanjungbalai,Indonesia
Kushiro,Japan
Iwata,Japan
Obihiro,Japan
Sao Caetano do Sul,Brazil
Bechar,Algeria
Samandag,Turkey
Palmdale,United States
Warrington,United Kingdom
Udipi,India
Santa Cruz,United States
Saqqez,Iran
Fyzabad,India
Salihli,Turkey
San Fernando,Venezuela
Ebo,Angola
Muse,Burma
Fukang,China
Xuejiawan,China
Sawai Madhopur,India
Shahrud,Iran
Idlib,Syria
Lajes,Brazil
Dourados,Brazil
Tenali,India
Cienfuegos,Cuba
Ungaran,Indonesia
Darmstadt,Germany
Bocoio,Angola
Medford,United States
Khodabandeh,Iran
Abengourou,CÙte d'Ivoire
Conjeeveram,India
Hadano,Japan
Chillan,Chile
Gondomar,Portugal
Dong Ha,Vietnam
Abu Hulayfah,Kuwait
Musoma,Tanzania
Madhubani,India
Arnhem,Netherlands
Quibala,Angola
Proddatur,India
Volgodonsk,Russia
San Martin Texmelucan de Labastida,Mexico
Tunja,Colombia
Almetyevsk,Russia
San Marcos,Costa Rica
Pocos de Caldas,Brazil
Sultanpur Mazra,India
Sidon,Lebanon
Tigaraksa,Indonesia
Wau,South Sudan
Tokat,Turkey
Pocheon,South Korea
Skikda,Algeria
Norwich,United States
Muridke,Pakistan
Muzaffargarh,Pakistan
Merced,United States
San Fernando,Argentina
Petropavlovsk-Kamchatskiy,Russia
Heidelberg,Germany
Huddersfield,United Kingdom
Ube,Japan
Chirchiq,Uzbekistan
Bandar-e Mahshahr,Iran
Nazilli,Turkey
Manchester,United States
Odessa,United States
Haarlem,Netherlands
Boma,Congo (Kinshasa)
Tuxtepec,Mexico
Muskegon,United States
Sullana,Peru
San Andres Tuxtla,Mexico
Villeurbanne,France
Parnaiba,Brazil
Bizerte,Tunisia
Mukono,Uganda
Godhra,India
Rafsanjan,Iran
Sariaya,Philippines
Multai,India
Metro,Indonesia
Perugia,Italy
Camacari,Brazil
Talcahuano,Chile
Guadalajara,Spain
Tema,Ghana
Syzran,Russia
Zemun,Serbia
Ndalatando,Angola
Solingen,Germany
Leesburg,United States
Daule,Ecuador
Zhanlicun,China
Pangzawl,India
Bontang,Indonesia
Jinggang,China
Prantij,India
Ash Shihaniyah,Qatar
Papantla de Olarte,Mexico
Kamensk-Ural'skiy,Russia
San Miguel del Padron,Cuba
Tan Phu,Vietnam
Naic,Philippines
Liancheng,China
Zaranj,Afghanistan
Kidapawan,Philippines
Braganca Paulista,Brazil
Pindamonhangaba,Brazil
Split,Croatia
Novocherkassk,Russia
Ziarat,Pakistan
Miyakonojo,Japan
Lafayette,United States
Siirt,Turkey
Tra Vinh,Vietnam
Khanpur,Pakistan
Ferkessedougou,CÙte d'Ivoire
La Laguna,Spain
Southend,United Kingdom
Ciudad Acuna,Mexico
Jose Maria Ezeiza,Argentina
Khost,Afghanistan
Koudougou,Burkina Faso
Saint-Marc,Haiti
San Nicolas de los Arroyos,Argentina
Huaycan,Peru
Milagro,Ecuador
Dijon,France
Moga,India
Ede,Nigeria
Ekibastuz,Kazakhstan
Enschede,Netherlands
Newport,United Kingdom
Regensburg,Germany
Patos de Minas,Brazil
Kisarawe,Tanzania
Budaun,India
Hayward,United States
Ramat Gan,Israel
Uttarpara,India
Catamarca,Argentina
Marbella,Spain
Daltonganj,India
Ceyhan,Turkey
Quipungo,Angola
Corona,United States
Benoni,South Africa
Djelfa,Algeria
Macuspana,Mexico
Zhengding,China
Zlatoust,Russia
Aral,China
Cadiz,Philippines
Matsuzaka,Japan
Copiapo,Chile
Klaipeda,Lithuania
Ogaki,Japan
Jamkhed,India
Zabrze,Poland
Bharuch,India
Nanqiaotou,China
Ilagan,Philippines
Gweru,Zimbabwe
Abaetetuba,Brazil
Tacheng,China
Szeged,Hungary
Herne,Germany
Gojra,Pakistan
Banha,Egypt
Panjgur,Pakistan
Mahlaing,Burma
Paterson,United States
Ilheus,Brazil
Calama,Chile
Angers,France
San Miguel,Argentina
's-Hertogenbosch,Netherlands
Amersfoort,Netherlands
George,South Africa
Mandi Bahauddin,Pakistan
Itapetininga,Brazil
Lunglei,India
Nablus,West Bank
Nan Zhuang,China
Zaanstad,Netherlands
Guaymas,Mexico
Enfield,United Kingdom
Guimaraes,Portugal
Alexandria,United States
Kamina,Congo (Kinshasa)
Molo,Kenya
Domodedovo,Russia
Macon,United States
Saharsa,India
Chaoshan,China
Ketou,Benin
Rio das Ostras,Brazil
Adzope,CÙte d'Ivoire
Portmore,Jamaica
Girona,Spain
Grenoble,France
Qalyub,Egypt
Danao,Philippines
Lakewood,United States
Springfield,United States
Ghorahi,Nepal
Bac Lieu,Vietnam
Capas,Philippines
Xiaping,China
Al Miqdadiyah,Iraq
Vidisha,India
Pathankot,India
Ravenna,Italy
Paderborn,Germany
Ar Ramtha,Jordan
Severodvinsk,Russia
Borazjan,Iran
Kisi,Nigeria
Cap-Haitien,Haiti
Esmeraldas,Ecuador
Souk Ahras,Algeria
Karwar,India
Daiwanishi,Japan
Neuss,Germany
Khasavyurt,Russia
Chlef,Algeria
Pandi,Philippines
Camarajibe,Brazil
El Eulma,Algeria
Salzburg,Austria
Thanesar,India
Danzao,China
Kishangarh,India
Uiwang,South Korea
Luanshya,Zambia
Hanam,South Korea
Kansas City,United States
Zango,Nigeria
Braila,Romania
Barrie,Canada
Butembo,Congo (Kinshasa)
Saint-Louis,Senegal
Burlington,United States
Rudarpur,India
Kitenkela,Kenya
Tindwara,India
Warner Robins,United States
Nalgonda,India
Jinghai,China
Hitachi-Naka,Japan
Lucapa,Angola
Noda,Japan
Santana de Parnaiba,Brazil
Dibrugarh,India
Singaraja,Indonesia
Moanda,Congo (Kinshasa)
Seogwipo,South Korea
Palo Negro,Venezuela
Veraval,India
Durres,Albania
Hoeryong,North Korea
Abbotsford,Canada
Tochigi,Japan
Sunnyvale,United States
Betul Bazar,India
Sukrah,Tunisia
Andong,South Korea
Balurghat,India
Bytom,Poland
San Jose,Philippines
Jorhat,India
Poblacion,Philippines
Ixtlahuaca,Mexico
Kariya,Japan
Krishnanagar,India
Dutse,Nigeria
Newcastle,Australia
Ueda,Japan
Hollywood,United States
Livorno,Italy
Tete,Mozambique
Vinh Yen,Vietnam
Barakpur,India
Porbandar,India
Sinpo,North Korea
Giron,Colombia
Pouso Alegre,Brazil
Ciudad Choluteca,Honduras
Roseville,United States
Hoa Thanh,Vietnam
Alagoinhas,Brazil
Mudon,Burma
Amatitlan,Guatemala
Gulu,Uganda
Gwangyang,South Korea
Hoi An,Vietnam
Baubau,Indonesia
Imabari,Japan
New Bedford,United States
Kawashiri,Japan
Bordj el Kiffan,Algeria
Go Cong,Vietnam
Erdemli,Turkey
Gonbad-e Kavus,Iran
Al Manaqil,Sudan
Shantipur,India
Hindupur,India
Araucaria,Brazil
Matanzas,Cuba
Tulancingo,Mexico
Ipswich,United Kingdom
Beawar,India
Long Khanh,Vietnam
Bhalswa Jahangirpur,India
Mufulira,Zambia
Tauranga,New Zealand
South Lyon,United States
Bellevue,United States
Erode,India
Logrono,Spain
Dahuaishu,China
Minglanilla,Philippines
Manzanillo,Cuba
Eregli,Turkey
Chichicastenango,Guatemala
Duc Pho,Vietnam
San Jose,Philippines
Tafeng,China
Fairfield,United States
Cayirova,Turkey
Sibsagar,India
Mahmutlu,Turkey
Buyuk Cakirman,Turkey
Bugdayli,Turkey
Erzincan,Turkey
Kirsehir,Turkey
Eminabad,Pakistan
Kragujevac,Serbia
Badajoz,Spain
Binghamton,United States
Manzhouli,China
Delicias,Mexico
Piedecuesta,Colombia
Toledo,Brazil
Higashimurayama,Japan
Nimes,France
Ipokia,Nigeria
Jaranwala,Pakistan
Nangloi Jat,India
Topeka,United States
Rondonopolis,Brazil
Ramapo,United States
Kukichuo,Japan
Fengyicun,China
Mzuzu,Malawi
Valle de Santiago,Mexico
Dong Xoai,Vietnam
Valdivia,Chile
Golbasi,Turkey
Naogaon,Bangladesh
Willemstad,Cura√ßao
Bavaro,Dominican Republic
Soro,India
El Minie,Lebanon
Borj Hammoud,Lebanon
Auchi,Nigeria
Kashikishi,Zambia
Villanueva,Honduras
Penjamo,Mexico
Escondido,United States
Santa Rita,Brazil
Mariveles,Philippines
Saumlaki,Indonesia
Joliet,United States
Villa de Alvarez,Mexico
Levis,Canada
Zacatecas,Mexico
Kerch,Ukraine
Surprise,United States
Naperville,United States
Lashio,Burma
Pasadena,United States
Bohicon,Benin
Harrow,United Kingdom
Rimini,Italy
Port Louis,Mauritius
Maimanah,Afghanistan
Cotia,Brazil
Musashino,Japan
Melipilla,Chile
Sagay,Philippines
`Ajlun,Jordan
Marvdasht,Iran
Melitopol,Ukraine
Mesquite,United States
Agri,Turkey
Coquitlam,Canada
Xianshuigu,China
Nuzvid,India
Abbottabad,Pakistan
Santiago,Philippines
Champaign,United States
Sayama,Japan
Jean-Rabel,Haiti
Taza,Morocco
Pomona,United States
Nizip,Turkey
Dundee,United Kingdom
Sitarganj,India
Moc Chau,Vietnam
Dongguazhen,China
Al Hawiyah,Saudi Arabia
Cagliari,Italy
Odivelas,Portugal
Consolacion,Philippines
Maridi,South Sudan
Quilpue,Chile
Rafael Castillo,Argentina
Zhangaozen,Kazakhstan
Aix-en-Provence,France
Nchelenge,Zambia
Szombathely,Hungary
Kutaisi,Georgia
Komaki,Japan
Kiambu,Kenya
Siem Reap,Cambodia
Jyvaskyla,Finland
Houma,United States
Clermont-Ferrand,France
Hajipur,India
Kisaran,Indonesia
Pesqueria,Mexico
Mati,Philippines
Malakal,South Sudan
Milas,Turkey
La Lisa,Cuba
Kafr ash Shaykh,Egypt
Tipitapa,Nicaragua
Athens,United States
St. George,United States
Miass,Russia
Tama,Japan
Dongsheng,China
Habra,India
Yonago,Japan
Jequie,Brazil
Kramatorsk,Ukraine
Kalemie,Congo (Kinshasa)
Colima,Mexico
Dawei,Burma
Maquela do Zombo,Angola
Wamba,Congo (Kinshasa)
Bara Banki,India
Cairns,Australia
Xinjing,China
Cam Ranh,Vietnam
Bir,India
Florencio Varela,Argentina
Salavat,Russia
Beaumont,United States
Elkhart,United States
Keren,Eritrea
West Bromwich,United Kingdom
Derince,Turkey
Dhamar,Yemen
Gandajika,Congo (Kinshasa)
Colina,Chile
Dadu,Pakistan
Pleiku,Vietnam
Stavanger,Norway
Taungdwingyi,Burma
Narnaul,India
Chitaldrug,India
Calapan,Philippines
Calapan,Philippines
Franco da Rocha,Brazil
Mostaganem,Algeria
Paco do Lumiar,Brazil
Etah,India
Bani,Dominican Republic
Gloucester,United Kingdom
Quchan,Iran
Vila Junqueiro,Mozambique
Foggia,Italy
Iruma,Japan
Abohar,India
Thanatpin,Burma
Bhandaria,Bangladesh
Le Mans,France
Lake Charles,United States
Facatativa,Colombia
Arad,Romania
Fujita,Japan
Urganch,Uzbekistan
Kopeysk,Russia
Khairpur Mir's,Pakistan
Bukoba,Tanzania
Kaithal,India
Arayat,Philippines
Salamanca,Spain
Santa Maria,United States
Porlamar,Venezuela
Poole,United Kingdom
Comayagua,Honduras
Lleida,Spain
Rangkasbitung,Indonesia
Saguenay,Canada
Urdaneta,Philippines
Xintang,China
Lodhran,Pakistan
Yuma,United States
Balasore,India
Guelph,Canada
Zhaxi,China
Mehtar Lam,Afghanistan
Navoiy,Uzbekistan
Dar Naim,Mauritania
Pinetown,South Africa
Asaka,Japan
Ramu,Kenya
Olathe,United States
Midland,United States
Kakamigahara,Japan
Canakkale,Turkey
Aalborg,Denmark
Greeley,United States
Koiridih,India
Miskolc,Hungary
Torrance,United States
La Victoria,Venezuela
Ciego de Avila,Cuba
Bandundu,Congo (Kinshasa)
Pyatigorsk,Russia
Disuq,Egypt
Calabayan,Philippines
Ghazni,Afghanistan
Zhaoxiang,China
Huelva,Spain
Touggourt,Algeria
Shillong,India
Bafra,Turkey
Malasiqui,Philippines
Ikot Ekpene,Nigeria
Sannar,Sudan
Los Angeles,Chile
Rewari,India
Paghman,Afghanistan
Ilopango,El Salvador
Jinjiang,China
Tinipuka,Indonesia
Cartago,Colombia
Ashikaga,Japan
Thornton,United States
Stara Zagora,Bulgaria
Telford,United Kingdom
Shahrisabz,Uzbekistan
Garanhuns,Brazil
Hazaribagh,India
Las Cruces,United States
Trindade,Brazil
Nawabganj,Bangladesh
Toda,Japan
Ingolstadt,Germany
Lichinga,Mozambique
Bhimavaram,India
Tsuchiura,Japan
Negombo,Sri Lanka
Okinawa,Japan
Namacunde,Angola
Boca Chica,Dominican Republic
Altay,China
Bahawalnagar,Pakistan
Misato,Japan
Moriguchi,Japan
Columbia,United States
Preston,United Kingdom
Elektrostal,Russia
Brasilia,Brazil
Jun'an,China
York,United Kingdom
Mandsaur,India
Chas,India
Jahrom,Iran
Bondoukou,CÙte d'Ivoire
Lausanne,Switzerland
Bocaue,Philippines
Khuzdar,Pakistan
Brusque,Brazil
Mejicanos,El Salvador
Tepatitlan de Morelos,Mexico
Pemba,Mozambique
Elbistan,Turkey
Bilbays,Egypt
Fullerton,United States
Pitesti,Romania
Tan Chau,Vietnam
Numan,Nigeria
Kamalshahr,Iran
Tarragona,Spain
Subang,Indonesia
Las Maravillas,Mexico
Grand Junction,United States
Brest,France
Tabaco,Philippines
Fukayacho,Japan
Nsele,Congo (Kinshasa)
Coimbra,Portugal
Mtwara,Tanzania
Porac,Philippines
Carsamba,Turkey
Krugersdorp,South Africa
Port Blair,India
Middlesbrough,United Kingdom
Ruse,Bulgaria
Shizhaobi,China
Dos Hermanas,Spain
Samarra',Iraq
Ozamiz City,Philippines
Pecs,Hungary
Harchandpur,India
Yaritagua,Venezuela
Kumbakonam,India
Cuautitlan Izcalli,Mexico
Torbat-e Heydariyeh,Iran
Xiangcheng,China
Nahiyat Ghammas,Iraq
Al `Aqabah,Jordan
Batu Pahat,Malaysia
Kusatsu,Japan
Santa Tecla,El Salvador
Darwin,Australia
Reykjavik,Iceland
Atbara,Sudan
Caxias,Brazil
Kanasin,Mexico
Payatas,Philippines
Shinyanga,Tanzania
Aul,India
Masaya,Nicaragua
Malambo,Colombia
Momostenango,Guatemala
Serik,Turkey
Pakpattan,Pakistan
Botucatu,Brazil
Tanay,Philippines
Blackpool,United Kingdom
La Romana,Dominican Republic
Trois-Rivieres,Canada
Balneario de Camboriu,Brazil
Mino,Japan
Maykop,Russia
Carolina,Puerto Rico
Metairie,United States
Apeldoorn,Netherlands
Pantanal,Dominican Republic
Ishizaki,Japan
Kuwana,Japan
Orange,United States
Tours,France
Gemena,Congo (Kinshasa)
Cam Ranh,Vietnam
Sancti Spiritus,Cuba
Whitby,Canada
Cambridge,Canada
Kolar,India
Medea,Algeria
Koga,Japan
Dipolog,Philippines
Warren,United States
Dabou,CÙte d'Ivoire
Teresopolis,Brazil
Jacmel,Haiti
Orekhovo-Borisovo Yuzhnoye,Russia
West Valley City,United States
Chicacole,India
Montero,Bolivia
Moundou,Chad
Koutiala,Mali
Shunan,Japan
Candelaria,Philippines
Gaziemir,Turkey
Negage,Angola
Vila Franca de Xira,Portugal
Kapakli,Turkey
Inezgane,Morocco
Northampton,United Kingdom
Teofilo Otoni,Brazil
La Trinidad,Philippines
Bankura,India
Mandya,India
Hampton,United States
Norrkoping,Sweden
Jolo,Philippines
Cunduacan,Mexico
Dehri,India
Sinfra,CÙte d'Ivoire
Myebon,Burma
Atibaia,Brazil
Quillacollo,Bolivia
Medina Estates,Ghana
Kanata,Canada
Gunungsitoli,Indonesia
Porto Amboim,Angola
Cacula,Angola
Minoo,Japan
Durgauti,India
Curico,Chile
Taxila,Pakistan
Gingoog,Philippines
Lakewood,United States
Marivan,Iran
Phu Ly,Vietnam
Huehuetenango,Guatemala
Karatepe,Turkey
San Justo,Argentina
Mainpuri,India
Nasugbu,Philippines
Quimbele,Angola
Bima,Indonesia
Varginha,Brazil
Port-Gentil,Gabon
Pasadena,United States
Carcar,Philippines
Qabr as Sitt,Syria
Campo Largo,Brazil
San Jose del Cabo,Mexico
Cachoeirinha,Brazil
Pageralam,Indonesia
Zinacantepec,Mexico
Batang,Indonesia
Ergani,Turkey
Nakhodka,Russia
Bacau,Romania
Norzagaray,Philippines
Yaizu,Japan
Talaivasal,India
Kisarazu,Japan
Miramar,United States
Shchelkovo,Russia
Birganj,Nepal
Elizabeth,United States
Tobruk,Libya
Yima,China
Stamford,United States
Jicheon,South Korea
Ebina,Japan
Floridablanca,Philippines
Racine,United States
Gitega,Burundi
Rionegro,Colombia
Nkongsamba,Cameroon
Raigarh,India
Ahuachapan,El Salvador
Tay Ninh,Vietnam
Tizi Ouzou,Algeria
Agboville,CÙte d'Ivoire
Haraipur,India
Siwan,India
Kent,United States
Maldonado,Uruguay
Ipetumodu,Nigeria
Ruhengeri,Rwanda
Maia,Portugal
Shahreza,Iran
Zabol,Iran
Inazawa,Japan
Pyay,Burma
Parla,Spain
Amiens,France
Djakotome,Benin
El Oued,Algeria
Moron,Mongolia
Bern,Switzerland
Castanhal,Brazil
Ashqelon,Israel
Mabacun,China
Laghouat,Algeria
Livingstone,Zambia
Salto,Brazil
Sibiu,Romania
Brighton,United Kingdom
Zafarwal,Pakistan
Londuimbali,Angola
Santa Rita,Venezuela
Cameta,Brazil
Dumaguete City,Philippines
Berezniki,Russia
Marianao,Cuba
Sale,United Kingdom
Yakima,United States
Luuq,Somalia
Ba Don,Vietnam
Coral Springs,United States
Gubeng,Indonesia
Daraga,Philippines
Famalicao,Portugal
Tiraspol,Moldova
Ruda Slaska,Poland
Idfu,Egypt
Rybnik,Poland
Serpukhov,Russia
Tokha,Nepal
Kalol,India
Larache,Morocco
San Andres,Philippines
Marituba,Brazil
Dong Hoi,Vietnam
Peristeri,Greece
Yunxian Chengguanzhen,China
Madinat Hamad,Bahrain
Renca,Chile
Segou,Mali
Jau,Brazil
Tando Allahyar,Pakistan
Thandwe,Burma
Sterling Heights,United States
Hagonoy,Philippines
Hassan,India
Bingol,Turkey
Batu Gajah,Malaysia
Matagalpa,Nicaragua
Olmaliq,Uzbekistan
Lalitpur,India
Conchali,Chile
Santa Cruz do Sul,Brazil
Long Binh,Vietnam
Pitalito,Colombia
Bibemi,Cameroon
Naga,Philippines
Billings,United States
Porto-Novo,Benin
Uppsala,Sweden
Yalova,Turkey
Bloomington,United States
Khorramshahr,Iran
Charleston,United States
Ibirite,Brazil
Tarime,Tanzania
Crato,Brazil
Male,Maldives
Paramagudi,India
Milton,Canada
M'Sila,Algeria
Sripur,Bangladesh
Duitama,Colombia
Kipushi,Congo (Kinshasa)
Gondia,India
Zhangmu Touwei,China
Schaarbeek,Belgium
Luxembourg,Luxembourg
Carrollton,United States
Odemis,Turkey
Kozan,Turkey
Rehovot,Israel
Silifke,Turkey
San Carlos,Philippines
Sao Mateus,Brazil
Dalupura,India
Mogaung,Burma
Kingston,Canada
Obninsk,Russia
Centro Habana,Cuba
Unye,Turkey
Zagnanado,Benin
Adonara,Indonesia
Talavera,Philippines
Rustavi,Georgia
Kolomna,Russia
Okigwe,Nigeria
San Juan,Dominican Republic
Aware,Ethiopia
Naryai ka Puri,India
Surat Thani,Thailand
Furth,Germany
Blitar,Indonesia
Neftekamsk,Russia
Palwal,India
Ome,Japan
Ibarra,Ecuador
Barreiras,Brazil
Chicomba,Angola
Punto Fijo,Venezuela
Papeete,French Polynesia
Vasteras,Sweden
Cubatao,Brazil
Conselheiro Lafaiete,Brazil
Tultepec,Mexico
Jijel,Algeria
Isahaya,Japan
Leuwiliang,Indonesia
Buea,Cameroon
Annecy,France
Itapipoca,Brazil
Spanish Town,Jamaica
Villa Mercedes,Argentina
Tyler,United States
Lam Tin,Hong Kong
Palghat,India
Atyrau,Kazakhstan
Cizre,Turkey
Araras,Brazil
Maijdi,Bangladesh
Kusadasi,Turkey
Vlore,Albania
Quibdo,Colombia
Marand,Iran
Bassila,Benin
Thaton,Burma
Zama,Japan
Shuangcheng,China
Narita,Japan
Lao Cai,Vietnam
Trinidad,Bolivia
Innsbruck,Austria
Udon Thani,Thailand
Angono,Philippines
Silay,Philippines
Anand,India
Jiroft,Iran
City of Isabela,Philippines
Nantou,China
Los Guayos,Venezuela
Arcahaie,Haiti
Botad,India
Abiko,Japan
Tabarre,Haiti
Baiyashi,China
Amherst,United States
Lincoln,United Kingdom
Mojokerto,Indonesia
Onomichi,Japan
Apucarana,Brazil
Jamundi,Colombia
Relizane,Algeria
Heilbronn,Germany
Polokwane,South Africa
Cili,China
Battambang,Cambodia
Ulm,Germany
Iowa City,United States
Mataro,Spain
Mardin,Turkey
Mukerian,India
Zwolle,Netherlands
Girardot,Colombia
Johnson City,United States
Sam Son,Vietnam
Idanre,Nigeria
Vespasiano,Brazil
Limoges,France
Ponnagyun,Burma
Hanumangarh,India
Jetpur,India
Arcot,India
Kokubunji,Japan
Kanchrapara,India
Parepare,Indonesia
Ituzaingo,Argentina
Cienaga,Colombia
Chinguar,Angola
Ferrara,Italy
Zhangbei,China
Antsiranana,Madagascar
Akcaabat,Turkey
Longjing,China
Santa Clara,United States
Tottenham,United Kingdom
Charallave,Venezuela
Mansa,Zambia
Jamaame,Somalia
Petapa,Guatemala
Chech'on,South Korea
Bamban,Philippines
Harar,Ethiopia
Pforzheim,Germany
Sarhari,Pakistan
Guadalajara de Buga,Colombia
Dortyol,Turkey
Ciudad Ojeda,Venezuela
Braganca,Brazil
Mubi,Nigeria
Guagua,Philippines
Kovrov,Russia
Songnim,North Korea
Bat Yam,Israel
Osaki,Japan
Bellingham,United States
Norman,United States
Coeur d'Alene,United States
Santo Tomas,Philippines
Orebro,Sweden
Puno,Peru
Hoshangabad,India
Tariba,Venezuela
Fengcheng,China
Saida,Algeria
Fort Smith,United States
Polatli,Turkey
Rosario,Philippines
Lewisville,United States
Apatzingan de la Constitucion,Mexico
Wurzburg,Germany
Rudnyy,Kazakhstan
Tuaran,Malaysia
Khanna,India
Ahmadpur East,Pakistan
Wazirabad,Pakistan
Avrankou,Benin
Dover,United States
Vihari,Pakistan
Mosquera,Colombia
Dongsheng,China
Garut,Indonesia
Votorantim,Brazil
Buon Ho,Vietnam
Abaji,Nigeria
Cua,Venezuela
Salmas,Iran
Yuba City,United States
Edremit,Turkey
Jazan,Saudi Arabia
Santa Lucia Cotzumalguapa,Guatemala
Guimba,Philippines
Worcester,South Africa
Latina,Italy
Zhaozhou,China
Dessalines,Haiti
San Ignacio,Peru
Ciudad Sandino,Nicaragua
Allada,Benin
Iwakuni,Japan
Nagda,India
Bam,Iran
Lehigh Acres,United States
Opole,Poland
Kayes,Mali
Paranagua,Brazil
Koforidua,Ghana
Seto,Japan
Wolfsburg,Germany
Omiyacho,Japan
Misserete,Benin
Koganei,Japan
Salerno,Italy
Oume,CÙte d'Ivoire
Torrejon de Ardoz,Spain
Abilene,United States
Saidpur,Bangladesh
Derbent,Russia
Nahiyat Khan Bani Sa`d,Iraq
Leiria,Portugal
Sertaozinho,Brazil
Hardoi,India
Delgado,El Salvador
Cabo Frio,Brazil
Nemby,Paraguay
Lucheng,China
Kamez,Albania
Fatsa,Turkey
Santa Cruz,Philippines
Guelmim,Morocco
Bokhtar,Tajikistan
Fuyuan,China
Nefteyugansk,Russia
Gurabo al Medio,Dominican Republic
Ajax,Canada
Barcarena,Brazil
Catabola,Angola
Villa Alemana,Chile
My Drarga,Morocco
Simi Valley,United States
Kislovodsk,Russia
Suhum,Ghana
Jandira,Brazil
San Juan,Philippines
Nazran,Russia
Altamira,Brazil
Guntakal,India
Iizuka,Japan
Pithampur,India
Pearland,United States
Jijiga,Ethiopia
Kenosha,United States
Rosetta,Egypt
Giresun,Turkey
San Fernando,Philippines
Kastamonu,Turkey
Payakumbuh,Indonesia
Arecibo,Puerto Rico
Patan,India
Luleburgaz,Turkey
Karabuk,Turkey
Bonao,Dominican Republic
Barbacena,Brazil
Zoetermeer,Netherlands
Basirhat,India
Resende,Brazil
Raxaul,India
Sakiet ed Daier,Tunisia
Nzega,Tanzania
Gashua,Nigeria
Az Zulfi,Saudi Arabia
Jilib,Somalia
Cerro,Cuba
Bataysk,Russia
Algeciras,Spain
Halisahar,India
Magelang,Indonesia
Jagadhri,India
Tychy,Poland
Meridian,United States
Juticalpa,Honduras
Jizhou,China
Ksar El Kebir,Morocco
Koidu,Sierra Leone
Guarapari,Brazil
Yeebo Town,Liberia
Sunam,India
Ouahigouya,Burkina Faso
Rishra,India
Grand-Bassam,CÙte d'Ivoire
Jharsugra,India
Leeuwarden,Netherlands
Ben Tre,Vietnam
Glazoue,Benin
Ovalle,Chile
Chinautla,Guatemala
New Mirpur,Pakistan
Chia,Colombia
Pinsk,Belarus
Round Rock,United States
Mogi Guacu,Brazil
Magalang,Philippines
Waldorf,United States
Exeter,United Kingdom
Bimbo,Central African Republic
Pali,India
Kuopio,Finland
Baleraja,Indonesia
Leiden,Netherlands
Fugu,China
Savannakhet,Laos
Temple,United States
Magangue,Colombia
Nevsehir,Turkey
Cambridge,United Kingdom
Kirishima,Japan
Cai Lay,Vietnam
Maicao,Colombia
Pobe,Benin
Akcakale,Turkey
Giugliano in Campania,Italy
Lynchburg,United States
Dongfeng,China
Paleng,Indonesia
Santa Cruz,Philippines
Djidja,Benin
Duma,Syria
Longtian,China
Punta Arenas,Chile
Rubtsovsk,Russia
Soke,Turkey
Tres Lagoas,Brazil
Rochester,United States
Nandgaon,India
Orizaba,Mexico
Bento Goncalves,Brazil
Baraki,Algeria
Cherkessk,Russia
Ariana,Tunisia
Alwal,India
Gapan,Philippines
Kaya,Burkina Faso
Ed Damer,Sudan
Munch'on,North Korea
Gexianzhuang,China
Logan,United States
Kilifi,Kenya
Romford,United Kingdom
Arvada,United States
Dimapur,India
Shiyan,China
Pati,Indonesia
Yuanlin,Taiwan
Bayawan,Philippines
Clovis,United States
Skhirate,Morocco
Hoima,Uganda
San Pedro Garza Garcia,Mexico
Bayan Lepas,Malaysia
Ciudad Hidalgo,Mexico
Behbahan,Iran
Itatiba,Brazil
Barretos,Brazil
Ise,Japan
Puerto Cortes,Honduras
Maina,Guam
Indramayu,Indonesia
Tam Ky,Vietnam
Uruma,Japan
Sarangapuram,India
Eregli,Turkey
Bhadrakh,India
Leon,Spain
Gyumri,Armenia
Independence,United States
Dharmavaram,India
Colchester,United Kingdom
Sanjiao,China
Monza,Italy
Chinandega,Nicaragua
Metz,France
Faridpur,Bangladesh
Linjiang,China
Springs,South Africa
Dorud,Iran
Kashiwara,Japan
Ondjiva,Angola
Alberton,South Africa
Yessentuki,Russia
Temperley,Argentina
Waterloo,Canada
Dordrecht,Netherlands
Kamalia,Pakistan
Tsuruoka,Japan
Lianhe,China
Ar Rass,Saudi Arabia
Port-de-Paix,Haiti
Wuling,China
Chon Thanh,Vietnam
Ambikapur,India
Puruliya,India
Mit Ghamr,Egypt
Tabuk,Philippines
Kirikhan,Turkey
Sassari,Italy
Ghazipur,India
Ch'ungmu,South Korea
Apartado,Colombia
Tumen,China
Perpignan,France
Thanh Pho Uong Bi,Vietnam
Jima,Ethiopia
Genhe,China
Navojoa,Mexico
Anderlecht,Belgium
Redding,United States
Winterveld,South Africa
Lahti,Finland
Chilapa de Alvarez,Mexico
Gafsa,Tunisia
Coatepeque,Guatemala
Bagaha,India
Mus,Turkey
Catchiungo,Angola
Nakhon Pathom,Thailand
Pingshan,China
Kotamobagu,Indonesia
Greenville,United States
Gurdaspur,India
Ky Anh,Vietnam
Novocheboksarsk,Russia
Pelabuhanratu,Indonesia
Kot Addu,Pakistan
Duluth,United States
Tindivanam,India
Honmachi,Japan
Ramos Mejia,Argentina
Gottingen,Germany
High Wycombe,United Kingdom
Gemlik,Turkey
Maastricht,Netherlands
Berkeley,United States
Boulogne-Billancourt,France
Khurda,India
Boulder,United States
Poblacion,Philippines
Kandy,Sri Lanka
Midyat,Turkey
Ban Bang Pu Mai,Thailand
Besancon,France
Gateshead,United Kingdom
Pueblo,United States
Guelma,Algeria
Baraka,Congo (Kinshasa)
Ghardaia,Algeria
Hengken,India
Nokha,India
Jandrapeta,India
Unwana,Nigeria
Ar Rustaq,Oman
Mariupol,Ukraine
Dong Hoa,Vietnam
Gorzow Wielkopolski,Poland
Terrebonne,Canada
Lalo,Benin
Yelahanka,India
Ghotki,Pakistan
Kwekwe,Zimbabwe
Malindi,Kenya
Rize,Turkey
Almirante Tamandare,Brazil
Ebetsu,Japan
Moncton,Canada
Palma Soriano,Cuba
An,Burma
Suceava,Romania
Jiangna,China
Pleven,Bulgaria
Fulgazi,Bangladesh
Bergamo,Italy
Shuixi,China
Sanxi,China
Nazarabad,Iran
West Palm Beach,United States
Candaba,Philippines
Namakkal,India
Parow,South Africa
Tizayuca,Mexico
Mohammad Shahr,Iran
Port Dickson,Malaysia
Angra dos Reis,Brazil
Arapongas,Brazil
Dolgoprudnyy,Russia
Guaratingueta,Brazil
Slough,United Kingdom
Tuz Khurmatu,Iraq
Aw Dheegle,Somalia
Birigui,Brazil
Totonicapan,Guatemala
Huaraz,Peru
Daitocho,Japan
Darjeeling,India
Piraquara,Brazil
Bottrop,Germany
Bet Shemesh,Israel
Bismil,Turkey
Vihiga,Kenya
Berrouaghia,Algeria
Pescara,Italy
Hung Yen,Vietnam
Rundu,Namibia
Miramar,Mexico
Soasio,Indonesia
Sopur,India
Nowshera,Pakistan
Bandar-e Anzali,Iran
Reutlingen,Germany
Bruges,Belgium
Yongqing,China
Calumpit,Philippines
Iguala de la Independencia,Mexico
Bwana Mkubwa,Zambia
Butwal,Nepal
Senador Canedo,Brazil
Burlington,United States
Chikmagalur,India
Seaside,United States
Matamoros,Mexico
Kadoma,Japan
Yangliuqing,China
Richardson,United States
Xuqiaocun,China
Kampong Cham,Cambodia
Dinalupihan,Philippines
Malita,Philippines
Gudivada,India
Bama,Nigeria
Quyang,China
Ilobu,Nigeria
Ligao,Philippines
Trento,Italy
Nouadhibou,Mauritania
Dongsheng,China
Amreli,India
Blackburn,United Kingdom
Phagwara,India
Bage,Brazil
Aizuwakamatsu,Japan
Tahoua,Niger
Matsubara,Japan
Araguari,Brazil
Erlangen,Germany
Cambridge,United States
Gogounou,Benin
Agadez,Niger
Saanich,Canada
Nobeoka,Japan
Uribia,Colombia
Beni Yakhlef,Morocco
Vitoria de Santo Antao,Brazil
Banyuwangi,Indonesia
Handa,Japan
Monroe,United States
Salman Bak,Iraq
Catacamas,Honduras
North Charleston,United States
Badin,Pakistan
Saginaw,United States
Midsayap,Philippines
Heroica Guaymas,Mexico
Munuf,Egypt
Uruguaiana,Brazil
Banfora,Burkina Faso
Harshin,Ethiopia
Novomoskovsk,Russia
Adilabad,India
Apalit,Philippines
Yulu,China
Umuarama,Brazil
Helong,China
Clearwater,United States
Alcobendas,Spain
Cassongue,Angola
Faqus,Egypt
Dabrowa Gornicza,Poland
The Woodlands,United States
Baripada,India
Linkoping,Sweden
Soreang,Indonesia
Konosu,Japan
Samal,Philippines
Datu Odin Sinsuat,Philippines
Manpo,North Korea
Barcelos,Portugal
Tatui,Brazil
Sidi Yahya Zaer,Morocco
Chimaltenango,Guatemala
La Granja,Chile
Yavatmal,India
Titagarh,India
Macul,Chile
Ikoma,Japan
Honcho,Japan
Barnala,India
Cheltenham,United Kingdom
Forli,Italy
Oktyabr'skiy,Russia
Chittaurgarh,India
Brandon,United States
St. Cloud,United States
Orleans,France
Xai-Xai,Mozambique
Rouen,France
Tecoman,Mexico
Kadoma,Zimbabwe
West Jordan,United States
Boke,Guinea
Coronel,Chile
Narasaraopet,India
Siracusa,Italy
Himamaylan,Philippines
Ocana,Colombia
Ballarat,Australia
Dharan,Nepal
Temixco,Mexico
Bongao,Philippines
Tianmu,China
Ain Beida,Algeria
Karatsu,Japan
Nagahama,Japan
Targu-Mures,Romania
Sogamoso,Colombia
Helsingborg,Sweden
San Tung Chung Hang,Hong Kong
Sabha,Libya
Kyzyl,Russia
Beppu,Japan
Smithtown,United States
Adjaouere,Benin
Ra's al Khaymah,United Arab Emirates
Noksan,South Korea
Broken Arrow,United States
Chidambaram,India
Urasoe,Japan
Sao Goncalo do Amarante,Brazil
Sri Jayewardenepura Kotte,Sri Lanka
Varzea Paulista,Brazil
Harlingen,United States
Yitong,China
San Ildefonso,Philippines
Tarogong,Indonesia
Kailua,United States
Nasushiobara,Japan
Nusaybin,Turkey
Pedro Juan Caballero,Paraguay
Ribeirao Pires,Brazil
Westminster,United States
Sandvika,Norway
Uzhhorod,Ukraine
Gilroy,United States
Koencho,Japan
Kovilpatti,India
Ar Rumaythah,Iraq
Kasese,Uganda
Richmond,United States
Bijnor,India
Chelmsford,United Kingdom
Nyiregyhaza,Hungary
Puerto Madryn,Argentina
Los Banos,Philippines
Sabara,Brazil
Koblenz,Germany
Mandeville,United States
El Pueblito,Mexico
Thies,Senegal
Sliven,Bulgaria
Saint-Denis,France
Elblag,Poland
Igarassu,Brazil
Guanabacoa,Cuba
Aihua,China
Mendoza,Argentina
Al Mudaybi,Oman
Swabi,Pakistan
Turbaco,Colombia
Ciudad Guzman,Mexico
Tlapacoyan,Mexico
Bu'aale,Somalia
Xiva,Uzbekistan
Niihama,Japan
Utica,United States
Ponce,Puerto Rico
Al Mansurah,Yemen
Amasya,Turkey
League City,United States
Ben Guerir,Morocco
Rawajaya,Indonesia
Port Arthur,United States
Hofu,Japan
Sano,Japan
Lowell,United States
Dam Dam,India
Qiaotou,China
Hatsukaichi,Japan
Bremerhaven,Germany
Bijeljina,Bosnia and Herzegovina
Maghnia,Algeria
East Los Angeles,United States
Shacheng,China
Nevinnomyssk,Russia
Thimphu,Bhutan
Carlsbad,United States
Iriga City,Philippines
Boras,Sweden
Plaridel,Philippines
Catalao,Brazil
Tando Muhammad Khan,Pakistan
Jaramana,Syria
Yoju,South Korea
Kemalpasa,Turkey
Ambovombe,Madagascar
Sakete,Benin
Alphen aan den Rijn,Netherlands
Lugazi,Uganda
Machakos,Kenya
Elgin,United States
San Juan,Philippines
Bintulu,Malaysia
Tenggarong,Indonesia
Namur,Belgium
Petrzalka,Slovakia
Materi,Benin
Kakegawa,Japan
Zhijiang,China
Kuningan,Indonesia
Waterloo,United States
Quilengues,Angola
Tawau,Malaysia
Poa,Brazil
Iranshahr,Iran
Ifanhim,Benin
Ndali,Benin
Lauro de Freitas,Brazil
Pul-e Khumri,Afghanistan
Fujimino,Japan
Comitan,Mexico
Leominster,United States
Bend,United States
Mungo,Angola
Guiguinto,Philippines
Itabira,Brazil
Shahdadpur,Pakistan
Sa-ch'on,South Korea
Bukittinggi,Indonesia
Satkhira,Bangladesh
Vejalpur,India
Ait Ali,Morocco
Manolo Fortich,Philippines
Hikone,Japan
Jauharabad,Pakistan
Mangaldan,Philippines
Tokai,Japan
Libmanan,Philippines
Remscheid,Germany
San Carlos de Bariloche,Argentina
Paulo Afonso,Brazil
Tecpan Guatemala,Guatemala
Afdem,Ethiopia
Sioux City,United States
Gresham,United States
Kazo,Japan
Larisa,Greece
Jonkoping,Sweden
Trier,Germany
Longview,United States
Bergisch Gladbach,Germany
Tayabas,Philippines
Al Misrakh,Yemen
Carora,Venezuela
Lomas de Zamora,Argentina
Balangir,India
Lawang,Indonesia
Shegaon,India
Oshu,Japan
Plock,Poland
Nkayi,Zimbabwe
Higashiomi,Japan
Otaru,Japan
Nador,Morocco
Ciudad de la Costa,Uruguay
Santa Lucia,Venezuela
Goth Tando Sumro,Pakistan
Sepatan,Indonesia
Guanare,Venezuela
Magra,India
Madrid,Colombia
Mahasamund,India
Pompano Beach,United States
Rajpura,India
Kilis,Turkey
Mikhaylovsk,Russia
Hezuo,China
La Libertad,Ecuador
Pochuta,Guatemala
Dassa-Zoume,Benin
Akishima,Japan
Bagalkot,India
Osmanabad,India
Esteli,Nicaragua
Jaen,Spain
San Martin,El Salvador
Kouande,Benin
Kalianpur,India
Shujalpur,India
Sahibganj,India
Passos,Brazil
Subic,Philippines
Fujimi,Japan
Baybay,Philippines
Ichinoseki,Japan
Downey,United States
Soma,Turkey
Colatina,Brazil
Bou Saada,Algeria
Alkmaar,Netherlands
Pervouralsk,Russia
Mawanella,Sri Lanka
Daet,Philippines
Nova Lima,Brazil
Recklinghausen,Germany
Araxa,Brazil
Laoag,Philippines
Murrieta,United States
Odintsovo,Russia
Pushkino,Russia
Chilon,Mexico
Chiquimula,Guatemala
Sabara Bangou,Niger
Kayabasi,Turkey
Jawhar,Somalia
Idaho Falls,United States
Santamesa,Philippines
Kasempa,Zambia
Miami Gardens,United States
Champdani,India
Harad,Saudi Arabia
Disa,India
Ariquemes,Brazil
Codo,Brazil
Kasuga,Japan
Everett,United States
Nsukka,Nigeria
Mersa,Ethiopia
Kintampo,Ghana
Nandurbar,India
Purwa Utar,India
Tuzla,Bosnia and Herzegovina
Kaiyun,China
Trujillo,Venezuela
Cadiz,Spain
Holland,United States
Khushab,Pakistan
Puerto Barrios,Guatemala
Fasa,Iran
Rosario,Philippines
Jena,Germany
Montreuil,France
Kiffa,Mauritania
Al Ahad al Masarihah,Saudi Arabia
As Salamiyah,Syria
Sorriso,Brazil
Franceville,Gabon
San Antonio la Isla,Mexico
San Antonio Enchisi,Mexico
Costa Mesa,United States
Socopo,Venezuela
Manzini,Eswatini
Masindi,Uganda
Martinez de la Torre,Mexico
Temecula,United States
Changbang,China
Empangeni,South Africa
Ferozepore,India
Baneh,Iran
Itele,Nigeria
Rochdale,United Kingdom
Jeonghae,South Korea
Shirayamamachi,Japan
Al Jizah,Jordan
Tubarao,Brazil
Zhukovskiy,Russia
Bridgetown,Barbados
Wythenshawe,United Kingdom
Mancheral,India
Qal`at Sukkar,Iraq
Tinaquillo,Venezuela
Pisco,Peru
Jacksonville,United States
Retalhuleu,Guatemala
Reus,Spain
Bernal,Argentina
San Buenaventura,United States
Mirialguda,India
Birkenhead,United Kingdom
Vicenza,Italy
Brovary,Ukraine
Doncaster,United Kingdom
Winterthur,Switzerland
Sugar Land,United States
Dali,China
Rotherham,United Kingdom
Dera Ismail Khan,Pakistan
Esteban Echeverria,Argentina
Quezon,Philippines
Aguachica,Colombia
Naujan,Philippines
Glan,Philippines
Bayugan,Philippines
Maidstone,United Kingdom
Gualeguaychu,Argentina
Kecskemet,Hungary
Zarate,Argentina
Delft,Netherlands
Walthamstow,United Kingdom
Drammen,Norway
Chico,United States
Nkpor,Nigeria
Kamagaya,Japan
Tacurong,Philippines
Malacatan,Guatemala
Taoyang,China
Yongju,South Korea
Labo,Philippines
Sandacho,Japan
Roquetas de Mar,Spain
White Rock,Canada
Marugame,Japan
South Fulton,United States
Tangjia,China
Sehore,India
Sparks,United States
Handeni,Tanzania
Balombo,Angola
Talisay,Philippines
Hosan,South Korea
Silopi,Turkey
Bangaon,India
Thunder Bay,Canada
Pulilan,Philippines
Maxixe,Mozambique
Dimitrovgrad,Russia
Kasserine,Tunisia
Bagu Na Mohra,Pakistan
Matruh,Egypt
Baia Mare,Romania
Shihuajie,China
Tondabayashicho,Japan
San Francisco de la Piedad,Mexico
Witbank,South Africa
Khopoli,India
Ferizaj,Kosovo
Oxford,United Kingdom
Xishancun,China
Mascara,Algeria
Khenchela,Algeria
Taungoo,Burma
Mong Cai,Vietnam
Artem,Russia
La Gi,Vietnam
Komatsu,Japan
Islamabad,India
Yasuj,Iran
Khardah,India
Cawayan,Philippines
Eau Claire,United States
Mopti,Mali
Delta,Canada
Toowoomba,Australia
Caen,France
Mungeli,India
Alto Hospicio,Chile
Habikino,Japan
Auburn,United States
Maramag,Philippines
Nantang,China
Tadpatri,India
Acharnes,Greece
Birnin Kebbi,Nigeria
Yilong,China
Reyhanli,Turkey
Mudanya,Turkey
An Nuhud,Sudan
Villa del Rosario,Colombia
Liberec,Czechia
Itumbiara,Brazil
Rijeka,Croatia
Cagua,Venezuela
Douliu,Taiwan
Dearborn,United States
Baia Farta,Angola
Mazhang,China
Castelar,Argentina
Villa Krause,Argentina
Riverview,United States
Balsas,Brazil
Lingayen,Philippines
Labe,Guinea
Allen,United States
Gharbara,India
Chaman,Pakistan
Pishin,Pakistan
Sultanpur,India
Joyabaj,Guatemala
Umm Qasr,Iraq
Kogon Shahri,Uzbekistan
Kawit,Philippines
Kotmale,Sri Lanka
Teixeira de Freitas,Brazil
West Covina,United States
Mineshita,Japan
Shikohabad,India
Morales,Guatemala
Centennial,United States
Basingstoke,United Kingdom
Jalpaiguri,India
Manokwari,Indonesia
Bloomington,United States
Shamli,India
Wa,Ghana
Cambe,Brazil
Sandy Springs,United States
Bhilai Karanja,India
Argenteuil,France
Monastir,Tunisia
Chongshan,China
Ilebo,Congo (Kinshasa)
El Monte,United States
Hillsboro,United States
Edison,United States
Emmen,Netherlands
Menifee,United States
Bante,Benin
Lujan,Argentina
Novyy Urengoy,Russia
Bagong Silangan,Philippines
Yopal,Colombia
Erdenet,Mongolia
Suriapet,India
Ji-Parana,Brazil
Kalmunai,Sri Lanka
Tajimi,Japan
Chabahar,Iran
Maipu,Argentina
Crawley,United Kingdom
Acailandia,Brazil
Rio Rancho,United States
As Safirah,Syria
Wardha,India
La Banda,Argentina
Catbalogan,Philippines
Htison,Burma
El Kelaa des Srarhna,Morocco
Davie,United States
Ranibennur,India
Omuta,Japan
Longjiang,China
Terni,Italy
Hammamet,Tunisia
Berdiansk,Ukraine
Toufen,Taiwan
Ad Dakhla,Morocco
Tiaong,Philippines
Tarnow,Poland
Carmona,Philippines
Dagenham,United Kingdom
Jurupa Valley,United States
Vidnoye,Russia
El Limon,Venezuela
Menderes,Turkey
Barnoi,India
Bolzano,Italy
Raba,Indonesia
Mingacevir,Azerbaijan
Sitamarhi,India
Lokossa,Benin
Nanaimo,Canada
Son La,Vietnam
Ocotlan,Mexico
Sao Pedro da Aldeia,Brazil
Saijo,Japan
Contramaestre,Cuba
Anaco,Venezuela
Khanty-Mansiysk,Russia
Binh Hoa,Vietnam
Atebubu,Ghana
Koszalin,Poland
Idku,Egypt
Columbia,United States
Granada,Nicaragua
Catanduva,Brazil
Lo Barnechea,Chile
Funchal,Portugal
Kishanganj,India
Song Cau,Vietnam
Temoaya,Mexico
Bergama,Turkey
Kiryu,Japan
Jatai,Brazil
Yevpatoriia,Ukraine
Erechim,Brazil
Tikrit,Iraq
Hindaun,India
Azare,Nigeria
Semari,India
Moers,Germany
Lerma,Mexico
Inglewood,United States
Nova Serrana,Brazil
Japeri,Brazil
Gangawati,India
Binh Long,Vietnam
Pangkalan Bun,Indonesia
Cipolletti,Argentina
Malungun,Philippines
Spokane Valley,United States
Mostar,Bosnia and Herzegovina
Sabac,Serbia
Charsadda,Pakistan
Valle de La Pascua,Venezuela
Robat Karim,Iran
North Lakhimpur,India
Seversk,Russia
Renton,United States
Ash Shaykh `Uthman,Yemen
San Tan Valley,United States
Lagarto,Brazil
Jamalpur,India
Kongolo,Congo (Kinshasa)
Mityana,Uganda
Bulan,Philippines
Kamyshin,Russia
Texcoco,Mexico
Burbank,United States
Nikopol,Ukraine
Mazyr,Belarus
Sloviansk,Ukraine
Sultan Kudarat,Philippines
Maranguape,Brazil
Ndjamba,Angola
Makrana,India
Al Faw,Iraq
Brockton,United States
Salzgitter,Germany
Jincheng,China
Planaltina,Brazil
Sheopur,India
Kandhkot,Pakistan
Guasdualito,Venezuela
Pergamino,Argentina
Tagbilaran City,Philippines
Mulhouse,France
El Cajon,United States
Ourense,Spain
Los Minas,Dominican Republic
Parral,Mexico
Aliaga,Turkey
Murom,Russia
Lavras,Brazil
Coronel Fabriciano,Brazil
Orekhovo-Zuyevo,Russia
Alasehir,Turkey
Kafr ad Dawwar,Egypt
Wloclawek,Poland
Brantford,Canada
Tenancingo,Mexico
Presidente Franco,Paraguay
Tuyen Quang,Vietnam
Olanchito,Honduras
Ballia,India
Walbrzych,Poland
Barika,Algeria
Nancy,France
Siauliai,Lithuania
Vi Thanh,Vietnam
Aquin,Haiti
Techiman,Ghana
Chorzow,Poland
Tam Diep,Vietnam
Balanga,Philippines
Gillingham,United Kingdom
Ikeda,Japan
Muriae,Brazil
Halifax,United Kingdom
Tadepallegudem,India
Salto,Uruguay
Natitingou,Benin
Moulay Abdallah,Morocco
Chatham,Canada
Seguela,CÙte d'Ivoire
Ourinhos,Brazil
Sindangan,Philippines
Chicoutimi,Canada
Bansbaria,India
Tula de Allende,Mexico
Lida,Belarus
Toride,Japan
Salford,United Kingdom
Rialto,United States
Kilinochchi,Sri Lanka
Bacabal,Brazil
Xianghe,China
Uitenhage,South Africa
Arzamas,Russia
Biak,Indonesia
Wigan,United Kingdom
Roncaglia,Italy
Itacoatiara,Brazil
San Mateo,United States
Yunfu,China
Breves,Brazil
Buzau,Romania
Mubende,Uganda
Woodbridge,United States
Francistown,Botswana
Lower Hutt,New Zealand
Uba,Brazil
Hounslow,United Kingdom
Bumba,Congo (Kinshasa)
Bundi,India
Gujar Khan,Pakistan
Sarh,Chad
Taitung,Taiwan
Elista,Russia
Chikushino,Japan
Hanau,Germany
Patos,Brazil
Itanhaem,Brazil
Aracruz,Brazil
San Rafael,Philippines
Inzai,Japan
Iguatu,Brazil
Camboriu,Brazil
Miryang,South Korea
Tanjungpandan,Indonesia
Santo Antonio de Jesus,Brazil
Bendigo,Australia
Paniqui,Philippines
Amaravati,India
Sumber,Indonesia
Noyabrsk,Russia
Parang,Philippines
Negapatam,India
Sangju,South Korea
Goodyear,United States
Santa Rosa,Argentina
Buxar,India
Wembley,United Kingdom
Onojo,Japan
Charlottesville,United States
Caieiras,Brazil
Telde,Spain
Berdsk,Russia
Orsha,Belarus
Hinche,Haiti
Palhoca,Brazil
Hoyacho,Japan
Walvisbaai,Namibia
Tepexpan,Mexico
Guihulngan,Philippines
Lafayette,United States
Gursu,Turkey
Jirja,Egypt
Kheda,India
Lee's Summit,United States
Edinburg,United States
Daly City,United States
Wichita Falls,United States
Tezpur,India
Piacenza,Italy
Gutersloh,Germany
Messaad,Algeria
Noginsk,Russia
Mayari,Cuba
Seoni,India
Hildesheim,Germany
Ngong,Kenya
Olomouc,Czechia
Ban Mangkon,Thailand
Mustafakemalpasa,Turkey
Kashmar,Iran
Bahrain,Pakistan
Bowling Green,United States
Aurangabad,India
Jounie,Lebanon
Ituiutaba,Brazil
Mositai,China
Matehuala,Mexico
Longmont,United States
Nakhon Si Thammarat,Thailand
Rishikesh,India
Siegen,Germany
Simanggang,Malaysia
Yishi,China
Isehara,Japan
Vacaville,United States
Kot Radha Kishan,Pakistan
Shibuya,Japan
Sabratah,Libya
Lahan,Nepal
Aflou,Algeria
Fugangcun,China
Al Jumayl,Libya
San Vicente de Baracaldo,Spain
Dhangadhi,Nepal
Worcester,United Kingdom
Shushtar,Iran
Tota,Benin
Kapurthala,India
Boryeong,South Korea
Kasama,Zambia
Al Hajar al Aswad,Syria
Akyazi,Turkey
Chau Doc,Vietnam
Zonguldak,Turkey
Calandala,Angola
Igdir,Turkey
Dhamtari,India
Raneswar,India
Chishtian,Pakistan
Espejo,Chile
Cinere,Indonesia
Brajarajnagar,India
Eastbourne,United Kingdom
Sujangarh,India
Kaiserslautern,Germany
Novoshakhtinsk,Russia
Ciudad Rio Bravo,Mexico
Bhadreswar,India
Highlands Ranch,United States
Pavlohrad,Ukraine
Clarington,Canada
Hengnan,China
Assis,Brazil
Klagenfurt,Austria
Chilakalurupet,India
Quincy,United States
Hikkaduwa,Sri Lanka
Sungai Penuh,Indonesia
Jingping,China
Chaguanas,Trinidad and Tobago
Novara,Italy
Kousseri,Cameroon
Ain Oussera,Algeria
Deventer,Netherlands
Arsuz,Turkey
KwaDukuza,South Africa
Nga Bay,Vietnam
Hong Ngu,Vietnam
Jeypore,India
Zomba,Malawi
Daoukro,CÙte d'Ivoire
Santa Cruz,Philippines
Presidencia Roque Saenz Pena,Argentina
Itaperuna,Brazil
Mporokoso,Zambia
Suruc,Turkey
Karanja,India
Fishers,United States
Lynn,United States
Aboisso,CÙte d'Ivoire
Xirdalan,Azerbaijan
Salavan,Laos
Saint-Jerome,Canada
Red Deer,Canada
Sakado,Japan
Bim Son,Vietnam
Kefar Sava,Israel
Xinhua,China
Sungailiat,Indonesia
Sittwe,Burma
Concepcion del Uruguay,Argentina
Leer,South Sudan
Norwalk,United States
Lae,Papua New Guinea
Cavite City,Philippines
Playas de Rosarito,Mexico
Ahar,Iran
Asagicinik,Turkey
Yen Bai,Vietnam
Weifen,China
Sur,Turkey
Nahiyat al Iskandariyah,Iraq
Kalyani,India
Ha Tien,Vietnam
Carmel,United States
Masjed Soleyman,Iran
Calasiao,Philippines
Datia,India
Itaugua,Paraguay
Torbat-e Jam,Iran
Diourbel,Senegal
Kawachinagano,Japan
Libertad,Argentina
Gangtok,India
Oulad Teima,Morocco
Vaciamadrid,Spain
Bocono,Venezuela
San Felipe del Progreso,Mexico
Chust,Uzbekistan
Lamitan,Philippines
Hesperia,United States
Talipao,Philippines
Renala Khurd,Pakistan
Sabanalarga,Colombia
Cottbus,Germany
Pyinmana,Burma
Bamyan,Afghanistan
Mbanza-Ngungu,Congo (Kinshasa)
Banzhuangcun,China
Ra's Gharib,Egypt
Gwelej,Eritrea
Babile,Ethiopia
Dzolokpuita,Ghana
Suramala,India
Barod,India
Bijaynagar,India
Khambhaliya,India
Abbigeri,India
Kundli,India
Sojat,India
Navalyal,India
Ad Dujayl,Iraq
Zahle,Lebanon
Sakiet ez Zit,Tunisia
La Marsa,Tunisia
Mumias,Kenya
Luckeesarai,India
Pouytenga,Burkina Faso
St. Augustine,United States
Solola,Guatemala
Mabai,China
Debre Zeyit,Ethiopia
Yelets,Russia
Nabire,Indonesia
Buckeye,United States
Ejido,Venezuela
Sundsvall,Sweden
Kadaiyanallur,India
Sayaxche,Guatemala
Ciamis,Indonesia
Putatan,Philippines
Xiongzhou,China
Urgut Shahri,Uzbekistan
Fengning,China
Achinsk,Russia
Talara,Peru
Kani,Japan
Santiago de Compostela,Spain
Roubaix,France
Tinsukia,India
San Angelo,United States
Lugo,Spain
Santa Cruz del Quiche,Guatemala
Hualien,Taiwan
Tobolsk,Russia
Campo Mourao,Brazil
Alaminos,Philippines
Xiegang,China
Tellicherry,India
Jinotega,Nicaragua
Omura,Japan
Itarsi,India
Izumisano,Japan
Thika,Kenya
Bislig,Philippines
Abhar,Iran
Viseu,Portugal
Malate,Philippines
Ginowan,Japan
Wakefield,United Kingdom
Sakata,Japan
Federal Way,United States
Khamis Mushayt,Saudi Arabia
Blida,Algeria
Pili,Philippines
Pickering,Canada
Hasilpur,Pakistan
Tourcoing,France
Trincomalee,Sri Lanka
Riberalta,Bolivia
Berkane,Morocco
Sievierodonetsk,Ukraine
Moron,Argentina
Bismarck,United States
Lira,Uganda
Kohima,India
Sisophon,Cambodia
Mossel Bay,South Africa
Vereeniging,South Africa
Mianeh,Iran
Heshan,China
Paoy Paet,Cambodia
Nyeri,Kenya
Zelenodol'sk,Russia
Burzaco,Argentina
Uch Sharif,Pakistan
Boca Raton,United States
Kontagora,Nigeria
Schwerin,Germany
Senahu,Guatemala
Khambhat,India
New Braunfels,United States
Ixmiquilpan,Mexico
Vista,United States
Caldas Novas,Brazil
San Cugat del Valles,Spain
Las Rozas de Madrid,Spain
Itoshima,Japan
Mahuva,India
Oton,Philippines
Manacapuru,Brazil
Ain El Aouda,Morocco
Sopron,Hungary
Koytendag,Turkmenistan
Kadirli,Turkey
Abreu e Lima,Brazil
Lethbridge,Canada
Chikusei,Japan
Patzcuaro,Mexico
Kanoya,Japan
Ancona,Italy
Lorca,Spain
Novokuybyshevsk,Russia
Saku,Japan
Santa Cruz do Capibaribe,Brazil
Babahoyo,Ecuador
Sergiyev Posad,Russia
M'lang,Philippines
Nanterre,France
Rio Grande,Argentina
Moortebeek,Belgium
Chitose,Japan
Balti,Moldova
Smederevo,Serbia
Ramnagar,India
Trelew,Argentina
Kamloops,Canada
Montego Bay,Jamaica
Catarman,Philippines
Valenca,Brazil
Saint-Jean-sur-Richelieu,Canada
Salihorsk,Belarus
Marmaris,Turkey
Udine,Italy
Janakpur,Nepal
Nanxicun,China
Paulinia,Brazil
Kambar,Pakistan
Errachidia,Morocco
Al Jammaliyah,Egypt
Itauna,Brazil
Ipojuca,Brazil
Quilenda,Angola
Gambela,Ethiopia
Kallithea,Greece
Deoni Buzurg,India
Mariano Roque Alonso,Paraguay
Tsuyama,Japan
Nantou,Taiwan
Beaverton,United States
Isulan,Philippines
Kalluru,India
Tartu,Estonia
Konan,Japan
Lajeado,Brazil
Adjarra,Benin
Dongducheon,South Korea
Al Fqih Ben Calah,Morocco
Ceske Budejovice,Czechia
Attock Khurd,Pakistan
Fanyang,China
Portsmouth,United States
Yacuiba,Bolivia
Pernik,Bulgaria
Andria,Italy
Para de Minas,Brazil
Modi`in Makkabbim Re`ut,Israel
Orem,United States
Munakata,Japan
Zheleznogorsk,Russia
Toms River,United States
Harnai,Pakistan
Didim,Turkey
Colon,El Salvador
Kimberley,South Africa
Conroe,United States
Tumbes,Peru
Es Senia,Algeria
Bodinayakkanur,India
Quvasoy,Uzbekistan
Bekobod,Uzbekistan
Paletwa,Burma
Kamianets-Podilskyi,Ukraine
Caotun,Taiwan
Tamazunchale,Mexico
Arauca,Colombia
Tela,Honduras
Paraiso,Mexico
Do Gonbadan,Iran
Atamyrat,Turkmenistan
Kazerun,Iran
Francisco Beltrao,Brazil
Sangolqui,Ecuador
Iida,Japan
Suffolk,United States
Votuporanga,Brazil
Sunrise,United States
Ad Darwa,Morocco
Buin,Chile
Ben Arous,Tunisia
Bab Ezzouar,Algeria
Oldham,United Kingdom
Zhudong,Taiwan
Half Way Tree,Jamaica
Sutton Coldfield,United Kingdom
Peje,Kosovo
Caceres,Spain
Wujiaqu,China
Harihar,India
Tomohon,Indonesia
Lawrence,United States
Parintins,Brazil
Arden-Arcade,United States
Osijek,Croatia
Corumba,Brazil
Arezzo,Italy
Maribor,Slovenia
Prescott Valley,United States
Mbale,Uganda
Doudian,China
Mezhdurechensk,Russia
Escalante,Philippines
Itabaiana,Brazil
Mthatha,South Africa
Charikar,Afghanistan
Harran,Turkey
Votkinsk,Russia
Szekesfehervar,Hungary
Muzaffarabad,Pakistan
Hammersmith,United Kingdom
Amalner,India
Balayan,Philippines
Sardarshahr,India
Kalisz,Poland
Martil,Morocco
Middletown,United States
Longkeng,China
Esslingen,Germany
Longquan,China
Greece,United States
Vanderbijlpark,South Africa
Vilhena,Brazil
Rio Gallegos,Argentina
Weiyuan,China
Caseros,Argentina
Cesena,Italy
Witten,Germany
Porto Seguro,Brazil
Navapolatsk,Belarus
Dhulian,India
Hadera,Israel
Arifwala,Pakistan
San German,Puerto Rico
Edmond,United States
Sao Cristovao,Brazil
Zerakpur,India
Tandwa,India
Shire,Ethiopia
Kamisu,Japan
Cubuk,Turkey
Burdur,Turkey
Candelaria,Colombia
Pesaro,Italy
Tracy,United States
Manteca,United States
Tiruchengodu,India
Mons,Belgium
Huong Thuy,Vietnam
Pedagadi,India
Vitry-sur-Seine,France
Boli,China
Nagina,India
Bogo,Cameroon
Saint-Michel de l'Atalaye,Haiti
Chakdaha,India
Shimada,Japan
Closepet,India
Jiantang,China
Emmiganur,India
Yalamakuru,India
Balamban,Philippines
Siguatepeque,Honduras
Labuan,Malaysia
Sidi Slimane,Morocco
Naxcivan,Azerbaijan
Lindi,Tanzania
Rawanduz,Iraq
Yumbo,Colombia
Vaniyambadi,India
Kingsport,United States
Mianwali,Pakistan
Dongping,China
Meizichong,China
Nabha,India
Nahiyat al Karmah,Iraq
Giessen,Germany
Moca,Dominican Republic
Rincon de Romos,Mexico
Sibolga,Indonesia
San Sebastian de los Reyes,Spain
Cerete,Colombia
Hemel Hempstead,United Kingdom
San Ramon,Chile
San Martin Jilotepeque,Guatemala
Bouna,CÙte d'Ivoire
Legnica,Poland
Kangan,India
Ludwigsburg,Germany
Los Patios,Colombia
Gera,Germany
Portsmouth,United States
Torrevieja,Spain
Lecce,Italy
Itaituba,Brazil
Sandy,United States
Behshahr,Iran
Hanamaki Onsen,Japan
Lopez,Philippines
Lingwala,Congo (Kinshasa)
Bhadohi,India
Kanuma,Japan
Gjakove,Kosovo
San Joaquin,Chile
Gerona,Philippines
Allinagaram,India
Bayan Hot,China
Amstelveen,Netherlands
Niagara Falls,Canada
Villa Luzuriaga,Argentina
Vasco Da Gama,India
Marmagao,India
Palm Coast,United States
Pingyuanjie,China
Shibata,Japan
Umea,Sweden
Slidell,United States
Haskovo,Bulgaria
Ashiya,Japan
Yishui,China
Yi Xian,China
Bath,United Kingdom
Ruwa,Zimbabwe
San Marcos,United States
Zhoujiajing,China
Simoes Filho,Brazil
Livonia,United States
Santa Fe,United States
Plantation,United States
Herzliyya,Israel
Aksehir,Turkey
Greenburgh,United States
Ponta Pora,Brazil
Monkayo,Philippines
Hayes,United Kingdom
Rio Largo,Brazil
Azumino,Japan
Atascocita,United States
Dhar,India
Hradec Kralove,Czechia
Qormi,Malta
Birecik,Turkey
Valongo,Portugal
Mairipora,Brazil
Alvand,Iran
Lingtang,China
Chiantla,Guatemala
Oued Zem,Morocco
Fall River,United States
Simeulu,Indonesia
Zifta,Egypt
Cape Breton,Canada
Al Fujayrah,United Arab Emirates
Sanjo,Japan
San Fernando,Spain
Tubingen,Germany
Compton,United States
Carson,United States
Daanbantayan,Philippines
Inagi,Japan
Lysychansk,Ukraine
Duren,Germany
Mijas,Spain
Wangjia,China
Yashio,Japan
Jinbi,China
Yotsukaido,Japan
Chilliwack,Canada
Serov,Russia
Santa Cruz Xoxocotlan,Mexico
Lemery,Philippines
Indanan,Philippines
La Crosse,United States
Ramnicu Valcea,Romania
Fenggang,China
Galle,Sri Lanka
Dod Ballapur,India
Itajuba,Brazil
Darlington,United Kingdom
Ciudad General Belgrano,Argentina
Rafaela,Argentina
Missoula,United States
Wukari,Nigeria
Guaiba,Brazil
Barra do Pirai,Brazil
Creteil,France
Palimbang,Philippines
Nisshin,Japan
Boundiali,CÙte d'Ivoire
La Reina,Chile
Wimbledon,United Kingdom
Ketapang,Indonesia
O'Fallon,United States
Kadugli,Sudan
Flensburg,Germany
Mount Pleasant,United States
Yozgat,Turkey
Akot,India
Tamanrasset,Algeria
Helmond,Netherlands
Rongwo,China
Sablayan,Philippines
Naju,South Korea
Roswell,United States
Oss,Netherlands
Barletta,Italy
Bedford,United Kingdom
Iserlohn,Germany
Hoover,United States
Pardubice,Czechia
Tatakan,Indonesia
Kitakami,Japan
Florence,United States
Kalamaria,Greece
Leninsk-Kuznetskiy,Russia
Serra Talhada,Brazil
Contai,India
Santa Barbara,Philippines
Obu,Japan
Teziutlan,Mexico
Coatepec,Mexico
La Spezia,Italy
Kot Kapura,India
Wuji,China
Netrakona,Bangladesh
Williamsburg,United States
Sa'ada,Morocco
Hove,United Kingdom
Cruzeiro do Sul,Brazil
Satsumasendai,Japan
Shabqadar,Pakistan
Pato Branco,Brazil
South Gate,United States
Higashi-Matsuyama,Japan
Hamilton,United States
Kakamega,Kenya
Chino,United States
Avignon,France
Turkmenbasy,Turkmenistan
Raub,Malaysia
Fort Myers,United States
Gatchina,Russia
Turayf,Saudi Arabia
Southport,United Kingdom
Ouidah,Benin
Goalundo Ghat,Bangladesh
Sinende,Benin
Linquan,China
Phu Tho,Vietnam
Kirkland,United States
Niono,Mali
Grahamstown,South Africa
Myingyan,Burma
Santa Monica,United States
Brossard,Canada
Satu Mare,Romania
Piranshahr,Iran
Yao,Chad
Samalut,Egypt
Kars,Turkey
Cisauk,Indonesia
Mizan Teferi,Ethiopia
Arzew,Algeria
Vineland,United States
Norwalk,United States
Azua,Dominican Republic
San Jose del Rincon Centro,Mexico
Salaman,Philippines
Usti nad Labem,Czechia
Mandvi,India
San Francisco Solano,Argentina
Tucurui,Brazil
Kendu Bay,Kenya
Hilversum,Netherlands
Rayachoti,India
Avare,Brazil
Paloncha,India
Manhuacu,Brazil
Cacapava,Brazil
Pamekasan,Indonesia
Xiancun,China
Alessandria,Italy
Ambohimangakely,Madagascar
Hastings,United Kingdom
Agua Prieta,Mexico
Maple Ridge,Canada
Parli Vaijnath,India
Grudziadz,Poland
Alafaya,United States
Solwezi,Zambia
Caimbambo,Angola
Bauan,Philippines
Sivaganga,India
Chinhoyi,Zimbabwe
Pantukan,Philippines
Pongotan,Philippines
Ramagiri Udayagiri,India
Cambambe,Angola
Mengdingjie,China
Colombes,France
Funza,Colombia
Lawton,United States
Zhezqazghan,Kazakhstan
Avondale,United States
Katiola,CÙte d'Ivoire
Kattaqo'rg'on Shahri,Uzbekistan
Cankiri,Turkey
Eslamabad-e Gharb,Iran
Chililabombwe,Zambia
Vanadzor,Armenia
Germantown,United States
Fundacion,Colombia
Ponnani,India
Sahagun,Colombia
Michurinsk,Russia
Montelibano,Colombia
Ceylanpinar,Turkey
Jamtara,India
Rapid City,United States
Larnaca,Cyprus
Sao Lourenco da Mata,Brazil
Guliston,Uzbekistan
Pinamalayan,Philippines
Orpington,United Kingdom
Valjevo,Serbia
Julu,China
Vezirkopru,Turkey
Mandurah,Australia
Watford,United Kingdom
Masvingo,Zimbabwe
Sao Joao del Rei,Brazil
Yoshiwara,Japan
Puerto Padre,Cuba
Caucasia,Colombia
Penaflor,Chile
Imizucho,Japan
Nasatta,Pakistan
Abomey,Benin
Pollachi,India
Gjilan,Kosovo
Hendek,Turkey
Westminster,United States
El Ejido,Spain
Jalalpur Jattan,Pakistan
Wajir,Kenya
Victorias,Philippines
Marudi,Malaysia
Kavali,India
Botosani,Romania
Luau,Angola
Necochea,Argentina
Tangjia,China
Al Badrashayn,Egypt
Leogane,Haiti
Darnah,Libya
Mong Tun,Burma
Richard-Toll,Senegal
Afmadow,Somalia
Barwaaqo,Somalia
Ma`arrat an Nu`man,Syria
La Grita,Venezuela
Mihara,Japan
El Puerto de Santa Maria,Spain
Hoopstad,South Africa
Compostela,Philippines
Mogok,Burma
Bayt Lahya,Gaza Strip
Patrocinio,Brazil
Chiclana de la Frontera,Spain
Msaken,Tunisia
Itapeva,Brazil
Olavarria,Argentina
Stevenage,United Kingdom
San Jose Pinula,Guatemala
Sankeshwar,India
Koka,Japan
Glyfada,Greece
Serdar,Turkmenistan
Saquarema,Brazil
Bangkalan,Indonesia
Los Cerrillos,Chile
Aubervilliers,France
Conda,Angola
Poitiers,France
Tartus,Syria
Sarapul,Russia
Kadiri,India
Zhunan,Taiwan
Torrente,Spain
Ipil,Philippines
Prijedor,Bosnia and Herzegovina
Mestre,Italy
Villa de Cura,Venezuela
Caracase,Somalia
Surallah,Philippines
Ciudad de Atlixco,Mexico
Pistoia,Italy
Segbana,Benin
Clifton,United States
Lere,Chad
Cheektowaga,United States
Kazanlak,Bulgaria
Magadan,Russia
Phusro,India
Polangui,Philippines
Banga,Philippines
Humpata,Angola
Kalibo,Philippines
San Francisco,Mexico
Kuhdasht,Iran
Maladzyechna,Belarus
Jalal-Abad,Kyrgyzstan
Kairana,India
Jaworzno,Poland
Waukegan,United States
Shwebo,Burma
Hinigaran,Philippines
Calabanga,Philippines
As Salt,Jordan
Passi,Philippines
Murcia,Philippines
Bogo,Philippines
Aalst,Belgium
Al Khmissat,Morocco
Bloomington,United States
Lucca,Italy
Solikamsk,Russia
Hemei,Taiwan
Pisa,Italy
Wangqing,China
Viana do Castelo,Portugal
Danli,Honduras
Mayaguez,Puerto Rico
Gueznaia,Morocco
Toviklin,Benin
Chosica,Peru
Paingkyon,Burma
Villa Maria,Argentina
Rasipuram,India
Leping,China
Najibabad,India
San Leandro,United States
Newton,United States
Podujeve,Kosovo
San Luis,Cuba
Barra do Corda,Brazil
Joplin,United States
Bhakkar,Pakistan
Berisso,Argentina
Bertoua,Cameroon
Solana,Philippines
Ain M'Lila,Algeria
Nirmal,India
Nirala,India
Ootacamund,India
Fulad Shahr,Iran
Echague,Philippines
Aroroy,Philippines
Buzuluk,Russia
Mobara,Japan
Prosperidad,Philippines
Lawrence,United States
Alabel,Philippines
Suva,Fiji
Ban Laem Chabang,Thailand
Beja,Tunisia
Grimsby,United Kingdom
Villingen-Schwenningen,Germany
Jangipur,India
Jaffna,Sri Lanka
Nikaia,Greece
Janzur,Libya
Leshou,China
Sangrur,India
Damaturu,Nigeria
Qiantangcun,China
Hartlepool,United Kingdom
Al Wakrah,Qatar
Tuban,Indonesia
Sassandra,CÙte d'Ivoire
Sakai,Japan
Newmarket,Canada
Jilotepec,Mexico
Makilala,Philippines
Panevezys,Lithuania
Wislane,Morocco
Maiquetia,Venezuela
Mettupalaiyam,India
Wakiso,Uganda
Bromley,United Kingdom
Jumri Tilaiya,India
Guanambi,Brazil
Jaguey Grande,Cuba
Glazov,Russia
Baggao,Philippines
San Juan de los Morros,Venezuela
Tonghae,South Korea
Ende,Indonesia
Aruppukkottai,India
Menglang,China
Faridkot,India
Calauan,Philippines
Ama,Japan
Slupsk,Poland
Madgaon,India
Baras,Philippines
Gitarama,Rwanda
Zwickau,Germany
Koidu-Bulma,Sierra Leone
Palangotu Adwar,India
Ratingen,Germany
Western Bicutan,Philippines
Chester,United Kingdom
Consolacion del Sur,Cuba
Tire,Turkey
Changting,China
Maasin,Philippines
San Fabian,Philippines
Ben Gardane,Tunisia
Satrovka,Azerbaijan
Springdale,United States
Midrand,South Africa
Denan,Ethiopia
Chauk Azam,Pakistan
Santa Catarina Pinula,Guatemala
Dobrich,Bulgaria
Calaca,Philippines
Caratinga,Brazil
Jamui,India
Middelburg,South Africa
Nahuala,Guatemala
Camiling,Philippines
Troy,United States
Limpio,Paraguay
Reutov,Russia
Shuangshuicun,China
Chongoroi,Angola
Lunen,Germany
Chimbas,Argentina
Rubio,Venezuela
Bhola,Bangladesh
Lorena,Brazil
Dipalpur,Pakistan
Fulham,United Kingdom
Hounde,Burkina Faso
Usulutan,El Salvador
Ad Diwem,Sudan
Norton,Zimbabwe
Citrus Heights,United States
Dunkerque,France
Bama,China
Wulan,China
Cuscatancingo,El Salvador
Heyunkeng,China
Kumarapalaiyam,India
Heerlen,Netherlands
Mechelen,Belgium
Takasagocho-takasemachi,Japan
Binmaley,Philippines
Tangxing,China
Campana,Argentina
Paredes,Portugal
Fukuroi,Japan
Widekum,Cameroon
Kansk,Russia
Taohuajiang,China
Longonjo,Angola
Les Cayes,Haiti
Hansi,India
Salinas Victoria,Mexico
Deerfield Beach,United States
Cardenas,Cuba
Shahdol,India
Yoro,Honduras
Hamakita,Japan
Arona,Spain
Unai,Brazil
Belladere,Haiti
Clarkstown,United States
Nuneaton,United Kingdom
Town 'n' Country,United States
Gavle,Sweden
Toledo,Spain
Anakapalle,India
Gravata,Brazil
Winchester,United States
Nabua,Philippines
Tucupita,Venezuela
Tuncheng,China
Nimbahera,India
Yaofeng,China
Nachchandupatti,India
Hassi Bahbah,Algeria
Loznica,Serbia
Kalpitiya,Sri Lanka
Karanganyar,Indonesia
Navegantes,Brazil
Yabelo,Ethiopia
Santa Rosa Jauregui,Mexico
Dingcheng,China
Guasave,Mexico
Aulnay-sous-Bois,France
Gotenba,Japan
Miaoli,Taiwan
Odienne,CÙte d'Ivoire
Bilwi,Nicaragua
Bantayan,Philippines
San Antonio,Chile
Mission,United States
Kahta,Turkey
Batticaloa,Sri Lanka
Ibshaway,Egypt
La Libertad,Guatemala
Bryan,United States
Settsu,Japan
Chekhov,Russia
Silvan,Turkey
Sarni,India
Repentigny,Canada
Shchekino,Russia
Thanhlyin,Burma
Khowrasgan,Iran
Kitanagoya,Japan
Shaoshanzhan,China
Potiskum,Nigeria
Tajrish,Iran
Velez-Malaga,Spain
Velikiye Luki,Russia
Ciudad de Melilla,Spain
Sharurah,Saudi Arabia
Kameoka,Japan
Hawthorne,United States
Whittier,United States
Keffi,Nigeria
Qaracuxur,Azerbaijan
Iga,Japan
Livermore,United States
Chiguayante,Chile
Cabiao,Philippines
Fuengirola,Spain
Caceres,Brazil
Lake Forest,United States
Volos,Greece
Guinobatan,Philippines
Konstanz,Germany
Kharian,Pakistan
Anapa,Russia
San Ramon,United States
Melbourne,United States
Basoda,India
Longhua,China
Taishan Houcun,China
San Pedro Sacatepequez,Guatemala
Ducheng,China
Sekimachi,Japan
Maratturai,India
Worms,Germany
Redencao,Brazil
Karakol,Kyrgyzstan
El Bayadh,Algeria
Franklin,United States
Mukacheve,Ukraine
Fusui,China
Karad,India
Xuddur,Somalia
Kirklareli,Turkey
Pariaman,Indonesia
Auburn,United States
Chinnachauku,India
Batarasa,Philippines
Colonie,United States
Lugang,Taiwan
Junin,Argentina
Caldas,Colombia
Kombolcha,Ethiopia
Novo Hamburgo,Brazil
Mitrovice,Kosovo
Jinhe,China
Garulia,India
Tagaytay,Philippines
Apaseo el Grande,Mexico
Chanwari,India
General Rodriguez,Argentina
Chiquinquira,Colombia
Krishnagiri,India
Dapitan,Philippines
Takayama,Japan
Upper Darby,United States
Grand Bourg,Argentina
Harda Khas,India
Maga,Cameroon
Zarafshon Shahri,Uzbekistan
Araripina,Brazil
Monte Chingolo,Argentina
Port Huron,United States
Puerto Maldonado,Peru
Mhow,India
Derry,United Kingdom
Santa Ines,Brazil
Ealing,United Kingdom
Marl,Germany
Hovsan,Azerbaijan
Luvungi,Congo (Kinshasa)
Bahla',Oman
Atakpame,Togo
Woolwich,United Kingdom
Longchuan,China
Karacabey,Turkey
Baabda,Lebanon
Hinthada,Burma
San Baudilio de Llobregat,Spain
Presov,Slovakia
Sayhat,Saudi Arabia
Yuksekova,Turkey
Peterborough,Canada
Ciudad Mante,Mexico
Pandacan,Philippines
Tuxpam de Rodriguez Cano,Mexico
Chirundu,Zambia
Mohammadia,Algeria
Dien Bien Phu,Vietnam
Catanzaro,Italy
Sumenep,Indonesia
Tshilenge,Congo (Kinshasa)
Sentani,Indonesia
Decatur,United States
Treviso,Italy
Madaba,Jordan
Khemis Miliana,Algeria
Yokotemachi,Japan
Dhoraji,India
Baytown,United States
Rafha,Saudi Arabia
Honiara,Solomon Islands
Ushiku,Japan
Houmt Souk,Tunisia
Virappanchathiram,India
Komae,Japan
Santana do Livramento,Brazil
Sabanalarga,Colombia
New Kru Town,Liberia
Carpina,Brazil
Standerton,South Africa
Kaizuka,Japan
Brooklyn Park,United States
Nabunturan,Philippines
Bais,Philippines
Villa Altagracia,Dominican Republic
Springfield,United States
Science City of Munoz,Philippines
Newport Beach,United States
Nabeul,Tunisia
Athurugiriya,Sri Lanka
Higashiyamato,Japan
Ayase,Japan
Bangil,Indonesia
Chigorodo,Colombia
Westland,United States
Concepcion Tutuapa,Guatemala
Port of Spain,Trinidad and Tobago
Euriapolis,Brazil
Wako,Japan
Al Hindiyah,Iraq
Luancheng,China
Darayya,Syria
Sambava,Madagascar
Pori,Finland
Kitakoriyamacho,Japan
Ilion,Greece
Laharpur,India
Hetauda,Nepal
Ath Thawrah,Syria
Bolinao,Philippines
San Carlos,Venezuela
Aruja,Brazil
El Milia,Algeria
Channapatna,India
Versailles,France
Newark,United States
Chita,Japan
Kesan,Turkey
Ermelo,South Africa
Yambol,Bulgaria
Xishancun,China
Acayucan,Mexico
Lucas do Rio Verde,Brazil
Dolisie,Congo (Brazzaville)
Gubkin,Russia
Pilkhua,India
Ho,Ghana
Matao,Brazil
Barahona,Dominican Republic
Tiruppattur,India
Hamma Bouziane,Algeria
Moriyama,Japan
Nizwa,Oman
Konotop,Ukraine
Foumban,Cameroon
Valdemoro,Spain
Baghlan,Afghanistan
Talavera de la Reina,Spain
Muncie,United States
Lafey,Kenya
Galway,Ireland
Aylesbury,United Kingdom
Nazareth,Israel
Taytay,Philippines
Phuc Yen,Vietnam
Resita,Romania
La Piedad,Mexico
Farmington Hills,United States
Gokulgarh,India
Kamensk-Shakhtinskiy,Russia
Serrinha,Brazil
Venado Tuerto,Argentina
Maco,Philippines
Ciudad de Ceuta,Spain
Cicero,United States
Ashford,United Kingdom
Sirsilla,India
Como,Italy
Boukoumbe,Benin
Habiganj,Bangladesh
Lakshmipur,Bangladesh
La Trinidad,Mexico
Minden,Germany
Picos,Brazil
Siaton,Philippines
Pontevedra,Spain
Kampong Trach,Cambodia
San Antonio,Philippines
Buena Park,United States
Lelystad,Netherlands
San Fernando,Trinidad and Tobago
Wutiancun,China
Mingxing,China
Valinhos,Brazil
Mazatenango,Guatemala
Mansa,India
Tual,Indonesia
Mabinay,Philippines
Busto Arsizio,Italy
Nantingcun,China
David,Panama
Al Hayy,Iraq
Louga,Senegal
Warwick,United States
Ufeyn,Somalia
Ji'an,Taiwan
Wadala Sandhuan,Pakistan
Araruama,Brazil
Jastrzebie-Zdroj,Poland
Bayeux,Brazil
Hattiesburg,United States
Stockton-on-Tees,United Kingdom
Zheleznogorsk,Russia
Norderstedt,Germany
Mugla,Turkey
Nakatsu,Japan
Brindisi,Italy
Shirvan,Iran
Villa Vicente Guerrero,Mexico
Zilina,Slovakia
Tanjay,Philippines
Cranston,United States
Ushuaia,Argentina
Albany,United States
Chingleput,India
Jacobina,Brazil
Mian Channun,Pakistan
Manfalut,Egypt
Rivadavia,Argentina
Rivadavia,Argentina
Bagamoyo,Tanzania
Cruzeiro,Brazil
Chelghoum el Aid,Algeria
Bhalwal,Pakistan
Mussende,Angola
Calatrava,Philippines
Wuyi,China
Chulucanas,Peru
Layton,United States
Madera,United States
Largo,United States
El Estor,Guatemala
Velbert,Germany
Cukai,Malaysia
Redwood City,United States
Sabaneta,Colombia
Mountain View,United States
Owariasahi,Japan
Izalco,El Salvador
Shikokuchuo,Japan
Nakhon Sawan,Thailand
Deurne,Belgium
Pine Hills,United States
Cajica,Colombia
Omihachiman,Japan
Puerto Iguazu,Argentina
Nueva Concepcion,Guatemala
Comonfort,Mexico
Quixeramobim,Brazil
Yeysk,Russia
Saint Albans,United Kingdom
Folsom,United States
Silver Spring,United States
Johns Creek,United States
The Villages,United States
Tacana,Guatemala
Harlow,United Kingdom
Carmen,Philippines
Burnley,United Kingdom
Courbevoic,France
Ratodero,Pakistan
Jepara,Indonesia
Redditch,United Kingdom
Saunda,India
Kongjiazhuangcun,China
Ashoknagar,India
Ubay,Philippines
Bhaktapur,Nepal
Banco Filipino International Village,Philippines
Owensboro,United States
Yildiz,Turkey
Gurgenpinari,Turkey
Uzungoz,Turkey
Bartin,Turkey
Lucerne,Switzerland
Siasi,Philippines
Concordia,Brazil
Napa,United States
Watampone,Indonesia
Katoya,India
An Khe,Vietnam
New Rochelle,United States
Jaen,Peru
Muroran,Japan
Timoteo,Brazil
Apizaco,Mexico
Hukou,Taiwan
Rubi,Spain
Uman,Ukraine
Purmerend,Netherlands
Dar el Beida,Algeria
Imam Qasim,Iraq
Kentau,Kazakhstan
Alhambra,United States
Mogi Mirim,Brazil
Remedios de Escalada,Argentina
Xicotepec de Juarez,Mexico
Fiumicino,Italy
Shuibian,China
Mandiraja Kulon,Indonesia
Kadi,India
Chapadinha,Brazil
Xiedian,China
Cheyenne,United States
Kimje,South Korea
Kimitsu,Japan
Matalam,Philippines
Grosseto,Italy
Miami Beach,United States
Buhi,Philippines
Athi River,Kenya
Nowy Sacz,Poland
San Jose de las Lajas,Cuba
Lambunao,Philippines
Bulacan,Philippines
Shumen,Bulgaria
Mannargudi,India
Pilar,Argentina
Orhangazi,Turkey
Wenatchee,United States
Hengkou,China
Ita,Paraguay
Kapalong,Philippines
Panzos,Guatemala
Salina Cruz,Mexico
Tecate,Mexico
Jackson,United States
Balrampur,India
Baalbek,Lebanon
Hengelo,Netherlands
Lehi,United States
Kashiwazaki,Japan
Tallaght,Ireland
Khamanon Kalan,India
La Louviere,Belgium
Launceston,Australia
Dera Allahyar,Pakistan
Gonder,Ethiopia
Campo Limpo,Brazil
Rueil-Malmaison,France
Gaoliying Ercun,China
Rafah,Egypt
Anderson,United States
Beziers,France
Ahenkro,Ghana
Kharan,Pakistan
Yonezawa,Japan
Orihuela,Spain
Shiji,China
Gobernador Galvez,Argentina
San Francisco,Philippines
Leme,Brazil
Malapatan,Philippines
Homestead,United States
Balcova,Turkey
Florence,United States
Barili,Philippines
Wujindian,China
Meybod,Iran
Gelendzhik,Russia
Guercif,Morocco
Yanggao,China
Rancho Cordova,United States
Morgantown,United States
Bargarh,India
Curvelo,Brazil
San Cristobal Verapaz,Guatemala
Comitancillo,Guatemala
Boynton Beach,United States
Seropedica,Brazil
Bamberg,Germany
San Ramon,Costa Rica
Somerville,United States
Edmonton,United Kingdom
Sama'il,Oman
Dahegam,India
North Port,United States
Lakewood,United States
Torre del Greco,Italy
Randfontein,South Africa
Batley,United Kingdom
Adigala,Ethiopia
Santana,Brazil
Nagaoka,Japan
Rajula,India
Azov,Russia
Butterworth,Malaysia
Tala,Mexico
Antehiroka,Madagascar
Oum el Bouaghi,Algeria
Cabadbaran,Philippines
Salisbury,United States
South Jordan,United States
Tagoloan,Philippines
Kamareddipet,India
Zuwarah,Libya
Bafut,Cameroon
Takestan,Iran
Arni,India
Echizen,Japan
Maravatio de Ocampo,Mexico
Livingston,Guatemala
Kumbo,Cameroon
Bolpur,India
Manresa,Spain
Peruvancha,India
Neumunster,Germany
Sint-Niklaas,Belgium
Namsan,North Korea
Parma,United States
Gumla,India
Simdega,India
San Andres Cholula,Mexico
Hanno,Japan
Gandia,Spain
Cachoeira do Sul,Brazil
Gamagori,Japan
Dogubayazit,Turkey
Manmad,India
Goiana,Brazil
Afsin,Turkey
Koktokay,China
Piro,India
Sira,India
Arsikere,India
Tall `Afar,Iraq
Taldyqorghan,Kazakhstan
Nabatiye,Lebanon
Masallatah,Libya
Andahuaylas,Peru
Kathri,Pakistan
Jamshoro,Pakistan
Khewra,Pakistan
Puerto Ayacucho,Venezuela
Scunthorpe,United Kingdom
La Rochelle,France
Mit Salsil,Egypt
Jagannathaprasad,India
San Jose,Philippines
Drobeta-Turnu Severin,Romania
Sokcho,South Korea
Paco,Philippines
Kottagudem,India
Idah,Nigeria
Marsala,Italy
Pharr,United States
State College,United States
Ban Map Ta Phut,Thailand
Poblacion,Philippines
,Germany
Piatra Neamt,Romania
Ciudad Lerdo,Mexico
Tissamaharama,Sri Lanka
Akiruno,Japan
Polatsk,Belarus
Ust'-Ilimsk,Russia
Patikul,Philippines
Ezpeleta,Argentina
Bani Mazar,Egypt
Bugulma,Russia
Vila do Conde,Portugal
Krasnyi Luch,Ukraine
Khrustalnyi,Ukraine
Cianorte,Brazil
Plymouth,United States
Belo Jardim,Brazil
Viana,Brazil
Eseka,Cameroon
Xai,Laos
Dosemealti,Turkey
Robles,Philippines
Sao Roque,Brazil
San Martin,Argentina
Torres Vedras,Portugal
Chibemba,Angola
Langarud,Iran
Senhor do Bonfim,Brazil
Medenine,Tunisia
Afgooye,Somalia
Turlock,United States
Vicosa,Brazil
Dudley,United Kingdom
San Isidro,Philippines
Iwamizawa,Japan
Davis,United States
Perris,United States
Mangatarem,Philippines
Ban Talat Rangsit,Thailand
Cacador,Brazil
Phuket,Thailand
Owendo,Gabon
Schiedam,Netherlands
Ban Nong Prue,Thailand
Drummondville,Canada
Viersen,Germany
Natori-shi,Japan
Kawartha Lakes,Canada
Lisala,Congo (Kinshasa)
Evosmos,Greece
Warzat,Morocco
Tatvan,Turkey
Ciudad Lazaro Cardenas,Mexico
Jaen,Philippines
Jonesboro,United States
Dobni Para,India
Carmen,Philippines
Ceara-Mirim,Brazil
Tikamgarh,India
Ikom,Nigeria
Tustin,United States
Bumahen,Iran
Baharestan,Iran
Araria,India
Cuamba,Mozambique
Huaral,Peru
Madinat as Sadat,Egypt
Perere,Benin
Delmenhorst,Germany
Turkoglu,Turkey
Alfenas,Brazil
Sougueur,Algeria
Terre Haute,United States
Upland,United States
Nakatsugawa,Japan
Caraguatatuba,Brazil
New Westminster,Canada
Tiko,Cameroon
Sesto San Giovanni,Italy
Bistrita,Romania
Kouvola,Finland
Georgetown,United States
Subulussalam,Indonesia
Tambacounda,Senegal
Dome,Ghana
Tierralta,Colombia
Zarzis,Tunisia
Maizuru,Japan
Bury,United Kingdom
Eastleigh,United Kingdom
Elbasan,Albania
Pagbilao,Philippines
Villa Celina,Argentina
Ra's al Khafji,Saudi Arabia
Aligudarz,Iran
Zaandam,Netherlands
Mooka,Japan
Formosa,Brazil
Arlit,Niger
Skarzysko-Kamienna,Poland
Dabakala,CÙte d'Ivoire
Moju,Brazil
Pau,France
Curepipe,Mauritius
Dongchuan,China
Hengbei,China
Kuvango,Angola
Texarkana,United States
Brixton,United Kingdom
Kendall,United States
Taher,Algeria
Gyoda,Japan
Sahuayo de Morelos,Mexico
Ijui,Brazil
Aveiro,Portugal
Bauang,Philippines
Pasco,United States
Dinga,Pakistan
Estepona,Spain
Iperu,Nigeria
Varese,Italy
Arkonam,India
Kuznetsk,Russia
Champigny-sur-Marne,France
Samadiala,India
Bandar-e Emam Khomeyni,Iran
Bandar Emam,Iran
Tres Rios,Brazil
Kashiba,Japan
Barreiro,Portugal
Denov,Uzbekistan
Pototan,Philippines
Qorveh,Iran
Queluz,Portugal
Limay,Philippines
Bamban,Philippines
Manbij,Syria
Yuanshan,China
Pingyi,China
Southall,United Kingdom
Huolu,China
San Pedro Pinula,Guatemala
Rheine,Germany
Pehonko,Benin
Milpitas,United States
Sankt Gallen,Switzerland
Marburg,Germany
Argao,Philippines
Al Khankah,Egypt
Joensuu,Finland
Tanashicho,Japan
Chitembo,Angola
Chitemo,Angola
Macabebe,Philippines
Kuacjok,South Sudan
Faranah,Guinea
Carmichael,United States
Baracoa,Cuba
Kizugawa,Japan
Chino Hills,United States
Godawari,Nepal
Vsevolozhsk,Russia
Balqash,Kazakhstan
Colon,Panama
Tanuku,India
Narra,Philippines
Koch Bihar,India
Maumere,Indonesia
Chengbin,China
Honjo,Japan
Pakxe,Laos
Toyomamachi-teraike,Japan
Fray Bartolome de Las Casas,Guatemala
Novouralsk,Russia
Flower Mound,United States
Hoofddorp,Netherlands
Flagstaff,United States
Villa Victoria,Mexico
Daugavpils,Latvia
Linkou,China
Birkhadem,Algeria
Kuniyamuttur,India
Kortrijk,Belgium
Kambam,India
Bir el Ater,Algeria
Brikama,"Gambia, The"
Kineshma,Russia
Beysehir,Turkey
Ukunda,Kenya
Huebampo,Mexico
Benalmadena,Spain
Hasselt,Belgium
Bebedouro,Brazil
Aksu,Turkey
Nitra,Slovakia
Lipjan,Kosovo
Alton,United States
Bodhan,India
Santa Rosa,Brazil
Zhongcheng,China
Luneburg,Germany
Santa Catalina,Philippines
Pleasanton,United States
Molina de Segura,Spain
Stellenbosch,South Africa
Cedar Park,United States
Catalca,Turkey
Hermosa,Philippines
Blagoevgrad,Bulgaria
Perote,Mexico
Mengla,China
Katano,Japan
Bellflower,United States
San Luis,Guatemala
Sao Joao da Boa Vista,Brazil
Tsubame,Japan
Loveland,United States
Bor,Russia
Tirkakara,India
Quatre Bornes,Mauritius
Jelenia Gora,Poland
Puli,Taiwan
Caxito,Angola
Latacunga,Ecuador
Fnidq,Morocco
Ban Tha Khlong,Thailand
Cozumel,Mexico
Paisley,United Kingdom
Pattoki,Pakistan
Harunabad,Pakistan
As Suwayrah,Iraq
Roosendaal,Netherlands
Bustos,Philippines
Ukhta,Russia
Kabacan,Philippines
Fukuchiyama,Japan
Shush,Iran
Mansfield,United States
Merignac,France
Chalandri,Greece
Hammond,United States
Umingan,Philippines
Bethlehem,United States
Tecamachalco,Mexico
Guildford,United Kingdom
Nikko,Japan
Talakag,Philippines
Nabari,Japan
Balagtas,Philippines
Toyooka,Japan
Balkh,Afghanistan
Bongabong,Philippines
Cinar,Turkey
Woodbury,United States
Nagua,Dominican Republic
Alcala de Guadaira,Spain
Berberati,Central African Republic
Santo Angelo,Brazil
Ebolowa,Cameroon
Alameda,United States
Valenca,Brazil
Wyoming,United States
Mao,Dominican Republic
Zhlobin,Belarus
Dorsten,Germany
Baj Baj,India
Chatham,United Kingdom
Surt,Libya
Schaumburg,United States
El Viejo,Nicaragua
Usta Muhammad,Pakistan
Yalta,Ukraine
Pyapon,Burma
Palencia,Spain
Marica,Brazil
Atambua,Indonesia
Ilioupoli,Greece
Prince George,Canada
Mafra,Portugal
Yenakiieve,Ukraine
Nipani,India
Tacambaro de Codallos,Mexico
Castle Rock,United States
Antibes,France
Aira,Japan
Caledon,Canada
Cotui,Dominican Republic
Evanston,United States
Tiangua,Brazil
Daxincun,China
Dschang,Cameroon
Virac,Philippines
Mahdia,Tunisia
Troisdorf,Germany
Trinidad,Cuba
Fazilka,India
Abeche,Chad
Doral,United States
St. Joseph,United States
Khemis el Khechna,Algeria
Funing,China
Armant,Egypt
Al Musayyib,Iraq
Paragominas,Brazil
Shinkai,Japan
Ozersk,Russia
Ibiuna,Brazil
Kafr az Zayyat,Egypt
Paysandu,Uruguay
Valdosta,United States
Crateus,Brazil
Wausau,United States
Pocatello,United States
Ninh Hoa,Vietnam
Elizabethtown,United States
Siedlce,Poland
Sasolburg,South Africa
Melton,Australia
Pozzuoli,Italy
Shajapur,India
So-Awa,Benin
Wilhelmshaven,Germany
Palmerston North,New Zealand
Anniston,United States
Arlington Heights,United States
Padre Hurtado,Chile
Palo,Philippines
Keshod,India
East Ham,United Kingdom
Infanta,Philippines
Daisen,Japan
Nahavand,Iran
Bender,Moldova
Knysna,South Africa
Weston-super-Mare,United Kingdom
Montepuez,Mozambique
Esteio,Brazil
Padre Las Casas,Chile
Kahror Pakka,Pakistan
Oleksandriia,Ukraine
Lins,Brazil
Fancheng,China
Rochester Hills,United States
San Ramon de la Nueva Oran,Argentina
Chintamani,India
Ryugasaki,Japan
Manaoag,Philippines
Southfield,United States
Banska Bystrica,Slovakia
Saint-Maur-des-Fosses,France
Shkoder,Albania
Merouana,Algeria
Yanam,India
Sakon Nakhon,Thailand
Tailai,China
Toba Tek Singh,Pakistan
Villa Elisa,Paraguay
Sirnak,Turkey
Daytona Beach,United States
Ciudad Real,Spain
Rulin,China
Chateauguay,Canada
Catacaos,Peru
Pittsburg,United States
Kengtung,Burma
Oshkosh,United States
Espinal,Colombia
Gladbeck,Germany
Pilar,Philippines
Surendranagar,India
Paranavai,Brazil
Malappuram,India
Kargilik,China
Keratsini,Greece
Cadereyta Jimenez,Mexico
Redmond,United States
Laiyuan,China
Lod,Israel
Xaignabouli,Laos
Maghaghah,Egypt
Santa Rosa,Philippines
Sapiranga,Brazil
Hoorn,Netherlands
Cherry Hill,United States
San Pedro,Argentina
Arjona,Colombia
Saratoga Springs,United States
Jocotan,Guatemala
Ain Temouchent,Algeria
Garhi,India
Cataguases,Brazil
Jablah,Syria
Ramla,Israel
Tres Coracoes,Brazil
Apple Valley,United States
Carlisle,United Kingdom
Mansfield,United States
Srivilliputtur,India
Kiyose,Japan
Xinglong,China
Bhadarwah,India
Ranaghat,India
Aviles,Spain
Cheria,Algeria
Ajaccio,France
South Shields,United Kingdom
Kai,Japan
Bonab,Iran
Villa Carlos Paz,Argentina
Ekpe,Benin
Pawtucket,United States
Landshut,Germany
Ardakan,Iran
Acacias,Colombia
Frontera,Mexico
Itapira,Brazil
Missouri City,United States
Nek'emte,Ethiopia
Paracatu,Brazil
Moussoro,Chad
Erbaa,Turkey
Tissemsilt,Algeria
Sehwan,Pakistan
Lagoa Santa,Brazil
Dongguan,China
Dhrangadhra,India
Kunitachi,Japan
Dayr al Balah,Gaza Strip
Pinamungahan,Philippines
East Kilbride,United Kingdom
Teyateyaneng,Lesotho
Broomfield,United States
Zacatecoluca,El Salvador
Kpalime,Togo
Newcastle under Lyme,United Kingdom
Mawatagama,Sri Lanka
Burton upon Trent,United Kingdom
Libon,Philippines
Belleville,Canada
Telemaco Borba,Brazil
Sidi Qacem,Morocco
Gangammapeta,India
Puqiancun,China
Khejroli,India
Afak,Iraq
Wisil,Somalia
Feriana,Tunisia
Warabi,Japan
Bugallon,Philippines
Tocumen,Panama
Chaykovskiy,Russia
Panggezhuang,China
Bayreuth,Germany
Jaora,India
Kropotkin,Russia
Arba Minch',Ethiopia
Gonen,Turkey
Fouchana,Tunisia
Amakusa,Japan
Tura,India
Ambajogai,India
Palencia,Guatemala
Detmold,Germany
Upington,South Africa
Sinop,Brazil
Juchitan de Zaragoza,Mexico
Paterna,Spain
Dabra,India
Brick,United States
Ubud,Indonesia
Sasagawa,Japan
La Paz,Argentina
Usol'ye-Sibirskoye,Russia
Darhan,Mongolia
Darhan,Mongolia
Urla,Turkey
Pozorrubio,Philippines
Toffo,Benin
Esperanza,Philippines
Tanguieta,Benin
Tosu,Japan
Benidorm,Spain
Mirpur Mathelo,Pakistan
Cotorro,Cuba
Janesville,United States
Dalaguete,Philippines
Piracununga,Brazil
Ouro Preto,Brazil
Stakhanov,Ukraine
Cinisello Balsamo,Italy
Dayong,China
Itahari,Nepal
Naro-Fominsk,Russia
Peda-Houeyogbe,Benin
Katori,Japan
Kandori,Japan
Novotroitsk,Russia
San Marcos,United States
Shancheng,China
Bilecik,Turkey
San Antonio de Los Altos,Venezuela
Assab,Eritrea
Gbawe,Ghana
Skelleftea,Sweden
Balingasag,Philippines
Castrop-Rauxel,Germany
Wandiwash,India
Ouake,Benin
Ramhormoz,Iran
Bongouanou,CÙte d'Ivoire
San Juan Opico,El Salvador
Zlin,Czechia
Miki,Japan
Uspantan,Guatemala
Silao,Mexico
San Marcos,El Salvador
Camarillo,United States
Arnsberg,Germany
Izumiotsu,Japan
Caninde,Brazil
Eusebio,Brazil
Mankono,CÙte d'Ivoire
Le Kram,Tunisia
Aprilia,Italy
Okegawa,Japan
Meshgin Shahr,Iran
Al Qa'im,Iraq
Airdrie,Canada
Balashov,Russia
Jackson,United States
Cannes,France
Coatepeque,El Salvador
Pennepalli,India
Gudur,India
Dubna,Russia
Ayvalik,Turkey
Casoria,Italy
Pedro Brand,Dominican Republic
Dothan,United States
Gravesend,United Kingdom
Ra`ananna,Israel
Brookes Point,Philippines
Tatebayashi,Japan
Kyotanabe,Japan
Sherman,United States
Kahan,Pakistan
Sarai Alamgir,Pakistan
Singaparna,Indonesia
Lauderhill,United States
Le Bardo,Tunisia
Tatsunocho-tominaga,Japan
Majalengka,Indonesia
Sarnia,Canada
Pazardzhik,Bulgaria
Harrisonburg,United States
Tamworth,United Kingdom
Vlaardingen,Netherlands
Brandenburg,Germany
Samundri,Pakistan
Dumangas,Philippines
Alicia,Philippines
Di An,Vietnam
Yurihonjo,Japan
Ain Oulmene,Algeria
Cunhinga,Angola
Bolingbrook,United States
Haveri,India
Yelabuga,Russia
Ellicott City,United States
Verkhnyaya Pyshma,Russia
Drohobych,Ukraine
Gouda,Netherlands
Tefe,Brazil
Tarn Taran,India
Nandi Hills,Kenya
Birobidzhan,Russia
Mangalagiri,India
Joao Monlevade,Brazil
Linares,Chile
Vriddhachalam,India
Harrogate,United Kingdom
Copacabana,Colombia
Cacoal,Brazil
Cao Bang,Vietnam
Targu Jiu,Romania
Xindian,China
Kallakkurichchi,India
Bat Khela,Pakistan
Irece,Brazil
Kasama,Japan
Novoaltaysk,Russia
Kumluca,Turkey
Bandar-e Genaveh,Iran
Tupi,Philippines
Alexandria,United States
Battle Creek,United States
Kasipalaiyam,India
Lala,Philippines
Asti,Italy
Inuyama,Japan
Pancevo,Serbia
Jose Abad Santos,Philippines
Ban Plai Bua Phatthana,Thailand
Bagan Si Api-api,Indonesia
Majadahonda,Spain
Tavsanli,Turkey
New Britain,United States
Aguilares,El Salvador
Reconquista,Argentina
Sheboygan,United States
Quillota,Chile
Fada Ngourma,Burkina Faso
Otawara,Japan
Pacajus,Brazil
Shakargarh,Pakistan
Ragusa,Italy
Brunswick,United States
Ciudadela,Argentina
Bula,Philippines
Pattukkottai,India
Almelo,Netherlands
Gobindgarh,India
Edea,Cameroon
Saint-Nazaire,France
Brakpan,South Africa
Altoona,United States
Shibukawa,Japan
Lujan de Cuyo,Argentina
Moa,Cuba
Berdychiv,Ukraine
Chaigoubu,China
Santa Rosa de Cabal,Colombia
Santa Isabel do Para,Brazil
Sharm ash Shaykh,Egypt
Lodi,United States
Redlands,United States
Naqadeh,Iran
Lappeenranta,Finland
San Vicente del Caguan,Colombia
Sidi Bibi,Morocco
Russas,Brazil
La Dorada,Colombia
Aschaffenburg,Germany
Mackay,Australia
Khomeyn,Iran
Joyo,Japan
Caguas,Puerto Rico
Nea Smyrni,Greece
Tocoa,Honduras
Jingzhou,China
Caserta,Italy
Dale City,United States
Chopda,India
Glen Burnie,United States
Paine,Chile
Catanauan,Philippines
Spijkenisse,Netherlands
Chalchuapa,El Salvador
Sodertalje,Sweden
Amparo,Brazil
Huong Tra,Vietnam
Yafran,Libya
Carles,Philippines
Sanwal,Nepal
Rio do Sul,Brazil
Sremska Mitrovica,Serbia
Gaspar,Brazil
Myslowice,Poland
Zhuolu,China
Lanxi,China
Mount Vernon,United States
San Dionisio,Philippines
Esmeraldas,Brazil
Weligama,Sri Lanka
Siruguppa,India
Nepalganj,Nepal
Tangalla,Sri Lanka
Bacacay,Philippines
Hekinan,Japan
Lakeville,United States
Dover,United States
Lebanon,United States
Ede,Netherlands
Sipalay,Philippines
Dazaifu,Japan
Samborondon,Ecuador
Longkoucun,China
Alegrete,Brazil
Bocholt,Germany
Keshan,China
Candeias,Brazil
Yukuhashi,Japan
Sangareddi,India
Rocklin,United States
Zogbodome,Benin
Wood Buffalo,Canada
Kotelniki,Russia
Dambulla,Sri Lanka
Goya,Argentina
Oroquieta,Philippines
Virudunagar,India
Abancay,Peru
Penafiel,Portugal
San Fernando,Philippines
Rades,Tunisia
Palin,Guatemala
Tlemcen,Algeria
Turbana,Colombia
Yoshikawa,Japan
El Banco,Colombia
Warora,India
Tibati,Cameroon
Sault Ste. Marie,Canada
Camalig,Philippines
Sakrand,Pakistan
Najran,Saudi Arabia
Framingham,United States
Bella Vista,Argentina
Bailongqiaocun,China
Colon,Cuba
Chaklasi,India
Nilanga,India
Belo Tsiribihina,Madagascar
Myaydo,Burma
Haka,Burma
Al Lith,Saudi Arabia
Sonsonate,El Salvador
Shostka,Ukraine
Wesley Chapel,United States
Long My,Vietnam
Borongan,Philippines
San Andres,Colombia
Wenping,China
Gumaca,Philippines
Noblesville,United States
Stara Pazova,Serbia
Ararangua,Brazil
Esbjerg,Denmark
Goianira,Brazil
La Lima,Honduras
Chiryu,Japan
Tamarac,United States
Centreville,United States
Cacak,Serbia
Quilandi,India
Carpi,Italy
Sao Tome,Sao Tome and Principe
Mun'gyong,South Korea
Ishioka,Japan
Marousi,Greece
Jabuticabal,Brazil
Castro,Brazil
Calauag,Philippines
Bozuyuk,Turkey
Cajamar,Brazil
Sao Sebastiao do Paraiso,Brazil
Kresek,Indonesia
Patzun,Guatemala
Kabarore,Rwanda
Sambrial,Pakistan
Pila,Poland
Dondo,Angola
Shrewsbury,United Kingdom
Mazabuka,Zambia
Manikganj,Bangladesh
Florida,Cuba
Poinciana,United States
Agios Dimitrios,Greece
Noisy-le-Grand,France
Kayes,Congo (Brazzaville)
Sertolovo,Russia
Calarca,Colombia
Tarin Kot,Afghanistan
Bakixanov,Azerbaijan
Kawm Umbu,Egypt
Mandla,India
Palmeira dos Indios,Brazil
Ostend,Belgium
Saymayl,Iraq
Fairbanks,United States
Indaial,Brazil
Anzhero-Sudzhensk,Russia
La Estrella,Colombia
Pililla,Philippines
Santo Tirso,Portugal
Gosport,United Kingdom
Lake Elsinore,United States
Kirovo-Chepetsk,Russia
Parang,Philippines
Dias d'Avila,Brazil
Lomas del Mirador,Argentina
Nanfengcun,China
Salama,Guatemala
Camden,United States
Biankouma,CÙte d'Ivoire
Korgas,China
Lisburn,United Kingdom
Ludenscheid,Germany
Rayadrug,India
Mamoudzou,Mayotte
Halmstad,Sweden
Rogers,United States
Binalbagan,Philippines
Shahrixon,Uzbekistan
Bilara,India
Villa Tunari,Bolivia
Huanchaco,Peru
Campo Formoso,Brazil
Sagunto,Spain
Goa,Philippines
Erd,Hungary
Drancy,France
Vyborg,Russia
Talibon,Philippines
Las Piedras,Uruguay
Ganthier,Haiti
Blaine,United States
Jinsha,China
Parappanangadi,India
Konongo,Ghana
Waingapu,Indonesia
Gela,Italy
Placetas,Cuba
Rayagada,India
Melong,Cameroon
Fernandopolis,Brazil
Musashimurayama,Japan
Morong,Philippines
San Francisco del Rincon,Mexico
Gibara,Cuba
Ratangarh,India
Wilmington,United States
Tandur,India
Hala,Pakistan
Bakhmut,Ukraine
Markapur,India
Terme,Turkey
Bunbury,Australia
Sihanoukville,Cambodia
Mauban,Philippines
Tejupilco,Mexico
Goianesia,Brazil
Alabang,Philippines
Montecristi,Ecuador
Nadi,Fiji
St. Charles,United States
Blacksburg,United States
An Nu`maniyah,Iraq
Abu Tij,Egypt
Juayua,El Salvador
Malaut,India
Samraong,Cambodia
Kopargo,Benin
Torremolinos,Spain
Kodungallur,India
Corozal,Colombia
Gwadar,Pakistan
Neyyattinkara,India
Kumanovo,North Macedonia
Dondo,Mozambique
Ejura,Ghana
Sesvete,Croatia
Zadar,Croatia
Waukesha,United States
Bapatla,India
Fatehabad,India
Kalamasseri,India
Casas Adobes,United States
Tumauini,Philippines
Ostrow Wielkopolski,Poland
Baldwin Park,United States
Sirvan,Azerbaijan
Al Qurayya,Syria
Gardez,Afghanistan
Cremona,Italy
Pavia,Italy
Paphos,Cyprus
Rugby,United Kingdom
Badvel,India
Loule,Portugal
Yinying,China
Longzhou,China
Karasu,Turkey
Poblacion,Philippines
Shujaabad,Pakistan
Stafford,United Kingdom
Valparai,India
Chingford,United Kingdom
Cabudare,Venezuela
Cleveland,United States
Sankaranayinar Kovil,India
Xangongo,Angola
Uxbridge,United Kingdom
Zenica,Bosnia and Herzegovina
Tenkasi,India
Dublin,United States
Ankeny,United States
Bundaberg,Australia
Maple Grove,United States
Suratgarh,India
Quibor,Venezuela
Kaukhali,Bangladesh
Sig,Algeria
Baiquan,China
Mindelo,Cabo Verde
Bayonne,United States
Palni,India
Mubarakpur,India
Togoch'ale,Ethiopia
Bur Fu'ad,Egypt
Capanema,Brazil
Nelamangala,India
Pavia,Philippines
Bayramaly,Turkmenistan
Yawata-shimizui,Japan
Linares,Mexico
Fulda,Germany
Aliaga,Philippines
Dandeli,India
Orani,Philippines
North Richland Hills,United States
Santa Maria La Pila,Guatemala
Minxiong,Taiwan
Huwei,Taiwan
Celle,Germany
Bopa,Benin
Brumado,Brazil
Chapayevsk,Russia
Tataouine,Tunisia
Hujra Shah Muqim,Pakistan
Nandura Buzurg,India
Dimbokro,CÙte d'Ivoire
Rizal,Philippines
Eastvale,United States
Tinambac,Philippines
Pazarcik,Turkey
San Antonio,Philippines
Kabirwala,Pakistan
Thaba Nchu,South Africa
Eniwa,Japan
Guzhou,China
Guaynabo,Puerto Rico
Gaura,India
Pan'an,China
Tsurugashima,Japan
Grajau,Brazil
Cahama,Angola
Ko Samui,Thailand
Kempten,Germany
Lubin,Poland
Glens Falls,United States
Longview,United States
Luodong,Taiwan
Zhanggu,China
Longtangwan,China
`Izbat al Burj,Egypt
Satyamangalam,India
Madhipura,India
Bhattu Kolan,India
Kodoli,India
Az Zubaydiyah,Iraq
Thakhek,Laos
Castries,Saint Lucia
Al `Amirat,Oman
Talamba,Pakistan
Badhan,Somalia
Phu Quoc,Vietnam
Hosa'ina,Ethiopia
Mansfield,United Kingdom
Tulare,United States
Troitsk,Russia
Raha Tiga,Indonesia
Raha,Indonesia
San Antonio,Paraguay
Nikki,Benin
Avaniyapuram,India
Entebbe,Uganda
Imerintsiatosika,Madagascar
Eskilstuna,Sweden
Izmail,Ukraine
Rohri,Pakistan
Conway,United States
Sagaing,Burma
Qingquan,China
Saint John,Canada
West Des Moines,United States
Chiang Rai,Thailand
Moquegua,Peru
Yueshanwan,China
Altamura,Italy
Sanlucar de Barrameda,Spain
Zografos,Greece
Vushtrri,Kosovo
Encarnacion,Paraguay
Konin,Poland
Novomoskovsk,Ukraine
Kwamhlanga,South Africa
Ratnanagar,Nepal
Garzon,Colombia
Redondo Beach,United States
San Miguel de Allende,Mexico
Walnut Creek,United States
San Juan de los Lagos,Mexico
Los Reyes de Salgado,Mexico
Basavakalyan,India
Escada,Brazil
Faridpur,India
Havirov,Czechia
Kiyosu,Japan
Quixada,Brazil
Passaic,United States
Ziguinchor,Senegal
Minami-Alps,Japan
Uwajima,Japan
Roxas,Philippines
Porterville,United States
Rioverde,Mexico
Ritto,Japan
Saint-Louis du Nord,Haiti
Cergy,France
Inowroclaw,Poland
Somasso,Mali
L'Aquila,Italy
Tivaouane,Senegal
Tournai,Belgium
Buynaksk,Russia
Maricopa,United States
Samch'ok,South Korea
Rhondda,United Kingdom
Apatity,Russia
Biguacu,Brazil
Thohoyandou,South Africa
Castelldefels,Spain
Poptun,Guatemala
Soja,Japan
Izucar de Matamoros,Mexico
Tripunittura,India
Toyoake,Japan
Al Qusiyah,Egypt
Fajardo,Puerto Rico
Alenquer,Brazil
Victoria,Philippines
Aqsu,Kazakhstan
Chisec,Guatemala
Kirdasah,Egypt
Nowrangapur,India
Welland,Canada
Spring Hill,United States
Bitola,North Macedonia
Planeta Rica,Colombia
Don Carlos,Philippines
Bafia,Cameroon
Cawayan,Philippines
Anan,Japan
Limonade,Haiti
Limbe,Haiti
Shangchuankou,China
Gaithersburg,United States
El Paso de Robles,United States
Barra do Garcas,Brazil
Ongjang,North Korea
Cuimba,Angola
Torbeck,Haiti
East Orange,United States
Aalen,Germany
Fedosiia,Ukraine
Rongcheng,China
Ad Darb,Saudi Arabia
Imola,Italy
Necocli,Colombia
Mansehra,Pakistan
Mineral'nyye Vody,Russia
Renk,South Sudan
Kladno,Czechia
Mila,Algeria
Lippstadt,Germany
Bhawanipatna,India
Mocuba,Mozambique
Dharmasagaram,India
Vaasa,Finland
Granby,Canada
San Pascual,Philippines
Southampton,United States
Peruibe,Brazil
Kireka,Uganda
Kamsar,Guinea
Moriya,Japan
Tanabe,Japan
Mocuba,Mozambique
Mococa,Brazil
Piotrkow Trybunalski,Poland
Varisshiyakuni,India
Huishi,China
Yitiaoshan,China
La Paz,Philippines
Bagumbayan,Philippines
Liuhe,China
Palghar,India
Sumter,United States
La Chorrera,Panama
Buenavista,Philippines
San Jose del Guaviare,Colombia
Queenstown,South Africa
Yunnanyi,China
Villanueva y Geltru,Spain
Grand Forks,United States
Aparri,Philippines
Assen,Netherlands
Ixtaczoquitlan,Mexico
Ponta Delgada,Portugal
Purisima de Bustos,Mexico
Jacona de Plancarte,Mexico
Pakribarawan,India
Al Ahmadi,Kuwait
Suwalki,Poland
Say'un,Yemen
Yuriria,Mexico
Bristol,United States
Todupulai,India
Mineral de la Reforma,Mexico
Indang,Philippines
Sabae,Japan
Alamada,Philippines
Isna,Egypt
Pozarevac,Serbia
Kayankulam,India
Velsen-Zuid,Netherlands
Michigan City,United States
Gary,United States
Minusinsk,Russia
Solok,Indonesia
Jarabacoa,Dominican Republic
Paradip Garh,India
Quartu Sant'Elena,Italy
Valle Hermoso,Mexico
Dubuque,United States
Bouira,Algeria
San Leonardo,Philippines
Ilkal,India
Schenectady,United States
Zapotlanejo,Mexico
Doboj,Bosnia and Herzegovina
Victor Larco Herrera,Peru
Nihtaur,India
E'erguna,China
Ubon Ratchathani,Thailand
Mamungan,Philippines
Casper,United States
Levallois-Perret,France
Sanza Pombo,Angola
Tangub,Philippines
Anjangaon,India
Franklin,United States
Saki,Azerbaijan
Bardibas,Nepal
Tuymazy,Russia
Puerto San Jose,Guatemala
Ash Shihr,Yemen
Oriximina,Brazil
Hameenlinna,Finland
Adrar,Algeria
Hanford,United States
Lodja,Congo (Kinshasa)
Matara,Sri Lanka
St. Albert,Canada
Otukpo,Nigeria
Swedru,Ghana
Nghia Lo,Vietnam
Tynemouth,United Kingdom
Shawnee,United States
Sipocot,Philippines
Tuburan,Philippines
South Hill,United States
Eagan,United States
Union City,United States
Miagao,Philippines
Xa Muteba,Angola
Cuyapo,Philippines
Mbake,Senegal
Pinheiro,Brazil
Fort McMurray,Canada
Lindong,China
Renukut,India
Ixtlahuacan de los Membrillos,Mexico
Putrajaya,Malaysia
Al Buraymi,Oman
Weston,United States
Dinslaken,Germany
San Pedro Ayampuc,Guatemala
La Barca,Mexico
Kankakee,United States
Yanghe,China
Castillejos,Philippines
Antalaha,Madagascar
Leander,United States
Hammond,United States
Odate,Japan
Siuri,India
Boditi,Ethiopia
Januaria,Brazil
Chengjiao Chengguanzhen,China
Conceicao do Coite,Brazil
Formiga,Brazil
Ksar el Boukhari,Algeria
Kamuli,Uganda
Xo`jayli Shahri,Uzbekistan
Rajsamand,India
Longshan,China
Bishnupur,India
Corvallis,United States
Cannock,United Kingdom
Apex,United States
Kashiwara,Japan
Pesqueira,Brazil
Tepotzotlan,Mexico
Bayombong,Philippines
Sant'Eufemia Lamezia,Italy
Shashijie,China
Apac,Uganda
Issy-les-Moulineaux,France
Pongnam,South Korea
Cumra,Turkey
Islahiye,Turkey
Modasa,India
Santa Barbara,Philippines
Banepa,Nepal
Kerpen,Germany
Ishim,Russia
Santa Catarina Otzolotepec,Mexico
Heroica Caborca,Mexico
M'diq,Morocco
Molepolole,Botswana
Walsall,United Kingdom
Calais,France
Manaure,Colombia
Kovel,Ukraine
Baprola,India
Vorkuta,Russia
Abnub,Egypt
Zigon,Burma
Gauravaram,India
Bergen op Zoom,Netherlands
Tejen,Turkmenistan
Aregua,Paraguay
Ayolas,Paraguay
Sausar,India
Yuquan,China
Babati,Tanzania
Taman Senai,Malaysia
Omidiyeh,Iran
Huajing,China
Dhenkanal,India
Zihuatanejo,Mexico
Yorba Linda,United States
Bethesda,United States
Chicacao,Guatemala
Fuefuki,Japan
Old Bridge,United States
Urun-Islampur,India
Haverhill,United States
Rolandia,Brazil
Colmar,France
Kostiantynivka,Ukraine
Viladecans,Spain
Stargard Szczecinski,Poland
Gopalganj,India
Itapema,Brazil
Ankazoabokely,Madagascar
Bongaigaon,India
Capelle aan den IJssel,Netherlands
Cuilco,Guatemala
Tolanaro,Madagascar
Lala Musa,Pakistan
Russelsheim,Germany
Asela,Ethiopia
Herford,Germany
Sousa,Brazil
Shiojiri,Japan
Palo Alto,United States
La Plata,Colombia
Rockville,United States
Tabatinga,Brazil
Bay,Philippines
Wanggezhuang,China
Washington,United Kingdom
Lushar,China
Zrenjanin,Serbia
Spring,United States
Dolores Hidalgo Cuna de la Independencia Nacional,Mexico
Coari,Brazil
Chiyoda-ku,Japan
Pikit,Philippines
Dharapuram,India
Guruvayur,India
Kashima,Japan
Cedeno,Venezuela
Aravattur,India
Jagoniguda,India
Mirpeta,India
Lupon,Philippines
Phalodi,India
Embu-Guacu,Brazil
Targoviste,Romania
Veliko Tarnovo,Bulgaria
Delray Beach,United States
Nueva Guinea,Nicaragua
Acilia,Italy
Veenendaal,Netherlands
Kati,Mali
Guines,Cuba
Beypore,India
Pessac,France
El Seibo,Dominican Republic
Ubatuba,Brazil
Middletown,United States
Grays,United Kingdom
Watsonville,United States
Develi,Turkey
Bongabon,Philippines
Kissidougou,Guinea
Cosmopolis,Brazil
Janauba,Brazil
Aksum,Ethiopia
Janiuay,Philippines
Calimera,Italy
San Mateo Atenco,Mexico
Botolan,Philippines
Siddipet,India
Ilidza,Bosnia and Herzegovina
Rosales,Philippines
Mount Vernon,United States
Hihya,Egypt
Venissieux,France
Hit,Iraq
Collado-Villalba,Spain
Kraljevo,Serbia
Bolgatanga,Ghana
Liepaja,Latvia
Karimama,Benin
Karlskrona,Sweden
La Carlota,Philippines
San Mateo,Philippines
Focsani,Romania
Nalut,Libya
Katwijk,Netherlands
Jidd Hafs,Bahrain
Walton upon Thames,United Kingdom
Ramos Arizpe,Mexico
Palatine,United States
Aflao,Ghana
Karakax,China
Novi Pazar,Serbia
Lytkarino,Russia
Victoria,United States
Cabedelo,Brazil
Koratla,India
Saiki,Japan
Weiyuan,China
Damba,Angola
Chignahuapan,Mexico
Yachimata,Japan
Skokie,United States
Szolnok,Hungary
Zacapa,Guatemala
Morristown,United States
Guangping,China
Sammamish,United States
Union City,United States
Queen Creek,United States
Alpharetta,United States
Gudermes,Russia
Opol,Philippines
Hashima,Japan
Lima,United States
Vaxjo,Sweden
Huquan,China
Seinajoki,Finland
Zanhuang,China
Neuwied,Germany
Sandefjord,Norway
Novi,United States
Reghaia,Algeria
Kampung Tengah,Indonesia
Bengkalis,Indonesia
Virginia,South Africa
Sahaswan,India
Marondera,Zimbabwe
Ocoyoacac,Mexico
El Prat de Llobregat,Spain
Arambagh,India
Great Falls,United States
Piduguralla,India
Massa,Italy
Cazin,Bosnia and Herzegovina
Lencois Paulista,Brazil
Tsuruga,Japan
Ilo,Peru
Obera,Argentina
Ames,United States
Genk,Belgium
Goz-Beida,Chad
Chibok,Nigeria
Juana Diaz,Puerto Rico
Oued Lill,Tunisia
Ban Suan,Thailand
Oas,Philippines
Wamena,Indonesia
Dangbo,Benin
Moita,Portugal
Agoo,Philippines
El Carmen de Bolivar,Colombia
Torreon,Mexico
Puliyankudi,India
Madirovalo,Madagascar
Taman Johor Jaya,Malaysia
Hua Hin,Thailand
Lantapan,Philippines
Asenovgrad,Bulgaria
Gloucester,United States
Viterbo,Italy
Anamur,Turkey
Lahat,Indonesia
Itapetinga,Brazil
Wilde,Argentina
Garissa,Kenya
Tatabanya,Hungary
Martinez,Argentina
Kavala,Greece
Karlstad,Sweden
Coron,Philippines
Roxas,Philippines
Aigaleo,Greece
Nizhyn,Ukraine
Finchley,United Kingdom
Thornton Heath,United Kingdom
Sangamner,India
Chegutu,Zimbabwe
Kiamba,Philippines
Fukutsu,Japan
Romita,Mexico
San Remigio,Philippines
Gohna,India
Pulivendla,India
Urus-Martan,Russia
Ruteng,Indonesia
Santo Tome,Argentina
Smila,Ukraine
Ina,Japan
Youssoufia,Morocco
Surubim,Brazil
Lutayan,Philippines
Tulcea,Romania
Arima,Trinidad and Tobago
Angat,Philippines
Weimar,Germany
Qiryat Gat,Israel
Kirtipur,Nepal
Kronjo,Indonesia
Qarqan,China
Bom Jesus da Lapa,Brazil
Korba,Tunisia
Piripiri,Brazil
Xarardheere,Somalia
San Francisco El Alto,Guatemala
Malden,United States
Sindelfingen,Germany
San Antonio Suchitepequez,Guatemala
Kanhangad,India
Shanxia,China
Xiantangcun,China
Al Minshah,Egypt
Los Amates,Guatemala
Xieqiaocun,China
Jaisalmer,India
Seydisehir,Turkey
Kurabur,India
Ain Defla,Algeria
Gniezno,Poland
Dundalk,United States
Sao Bento do Sul,Brazil
Narok,Kenya
Sao Felix do Xingu,Brazil
Albany,United States
Aran Bidgol,Iran
Castro Valley,United States
Baqershahr,Iran
Giddarbaha,India
Taby,Sweden
Purulha,Guatemala
Rovaniemi,Finland
Dalton,United States
Villa Curuguaty,Paraguay
Tamluk,India
Wels,Austria
Hadjout,Algeria
Jamjamal,Iraq
Sinnar,India
Pavlovskiy Posad,Russia
Vaijapur,India
Jocotitlan,Mexico
Lynwood,United States
Solano,Philippines
Quezon,Philippines
Pruszkow,Poland
Birnin Konni,Niger
Ouricuri,Brazil
Tigbauan,Philippines
Jagraon,India
Alipur Duar,India
Debre Birhan,Ethiopia
Pateros,Philippines
Plauen,Germany
Dhuri,India
Rechytsa,Belarus
Xibang,China
Halabjah,Iraq
Rosenheim,Germany
Kitamoto,Japan
Dormagen,Germany
Irpin,Ukraine
Guider,Cameroon
Pflugerville,United States
San Jose,Philippines
Toboali,Indonesia
Sebring,United States
Villach,Austria
Kenner,United States
Clichy,France
Xinbin,China
Kalush,Ukraine
Estancia,Brazil
Itaberaba,Brazil
Rath,India
Ogoshi,Japan
Villasis,Philippines
Mecheria,Algeria
Zeist,Netherlands
Gurupi,Brazil
Farnborough,United Kingdom
Bazar-e Yakawlang,Afghanistan
Patuakhali,Bangladesh
Kanyobagonga,Congo (Kinshasa)
Tasgaon,India
Popondetta,Papua New Guinea
Saidu Sharif,Pakistan
Matamey,Niger
Port Charlotte,United States
Caripito,Venezuela
Maasin,Philippines
Keitumkawn,India
Autlan de Navarro,Mexico
Busia,Uganda
Ioannina,Greece
La Ceja,Colombia
Kolonnawa,Sri Lanka
Coyula,Mexico
Loughborough,United Kingdom
Chiquimulilla,Guatemala
Don Torcuato,Argentina
Tigre,Argentina
Nagcarlan,Philippines
Palaio Faliro,Greece
Ladysmith,South Africa
Tomigusuku,Japan
Igarape-Miri,Brazil
Bordj Menaiel,Algeria
Gwacheon,South Korea
Sabinas,Mexico
Ostrowiec Swietokrzyski,Poland
Soloma,Guatemala
As Suwayda',Syria
Waltham,United States
Weishui,China
Chipindo,Angola
Faizabad,Afghanistan
Sangzishi,China
Oued Rhiou,Algeria
Kensington,United Kingdom
Meulaboh,Indonesia
Marinilla,Colombia
Gerli,Argentina
Commerce City,United States
Binga,Congo (Kinshasa)
Santo Domingo Tehuantepec,Mexico
Fredericton,Canada
Nea Ionia,Greece
Brentwood,United States
Boston,United Kingdom
Grevenbroich,Germany
Lechang,China
Faro,Portugal
Pirane,Argentina
Narapalli,India
Fujioka,Japan
Tulkarm,West Bank
Quimper,France
Ivry-sur-Seine,France
Beloretsk,Russia
Isabela,Philippines
Hilongos,Philippines
North Little Rock,United States
Arrecife,Spain
Palitana,India
Roeselare,Belgium
South San Francisco,United States
Rivera,Uruguay
Rahat,Israel
Itamaraju,Brazil
Al Qurayn,Egypt
Dharmapuri,India
Apaseo el Alto,Mexico
Sokhumi,Georgia
Idappadi,India
Hiriyur,India
Porto Nacional,Brazil
Paignton,United Kingdom
Potenza,Italy
Neubrandenburg,Germany
Chunian,Pakistan
Malvar,Philippines
Santiago Tianguistenco,Mexico
Bellevue,United States
Waterlooville,United Kingdom
Sirsi,India
Sibulan,Philippines
Povoa de Varzim,Portugal
Ash Shaykh Zuwayd,Egypt
Chervonohrad,Ukraine
Burnsville,United States
Saravia,Philippines
Valence,France
Burhaniye,Turkey
Seraing,Belgium
Glogow,Poland
Atimonan,Philippines
Rayong,Thailand
Misantla,Mexico
Bourges,France
Greenwood,United States
Kodad,India
Sangmelima,Cameroon
Alba Iulia,Romania
Cienaga de Oro,Colombia
Ferrol,Spain
Bertioga,Brazil
Qinggang,China
Granollers,Spain
La Linea de la Concepcion,Spain
Tadepalle,India
Grande Prairie,Canada
Rowlett,United States
Welkom,South Africa
Qal`ah-ye Now,Afghanistan
San Felipe,Chile
Yanagawa,Japan
Pomezia,Italy
Boryspil,Ukraine
Plettenberg Bay,South Africa
Siuna,Nicaragua
Talagang,Pakistan
Teresa,Philippines
Randers,Denmark
Kristiansand,Norway
Ishimbay,Russia
Antony,France
Armur,India
Laguna Niguel,United States
Atotonilco el Alto,Mexico
Guiseley,United Kingdom
Ensenada Berisso,Argentina
Kashmor,Pakistan
Sodegaura,Japan
Tiquisate,Guatemala
Tuao,Philippines
Bankra,India
Nawalgarh,India
Tupa,Brazil
Bozeman,United States
Lower Merion,United States
Most,Czechia
Tohana,India
Nieuwegein,Netherlands
Penedo,Brazil
Santa Cruz,Philippines
Inhambane,Mozambique
Donskoy,Russia
Sibalom,Philippines
Port Orange,United States
Trnava,Slovakia
Kangbao,China
Khagaul,India
Cosenza,Italy
Tenri,Japan
Dalja,Egypt
Ponferrada,Spain
Magong,Taiwan
Guamuchil,Mexico
Odendaalsrus,South Africa
Chakpi Karong,India
Ambarawa,Indonesia
Sundapalaiyam,India
Fraijanes,Guatemala
Jatani,India
Chokwe,Mozambique
Kurihara,Japan
Zvornik,Bosnia and Herzegovina
Nawa,Syria
Maroochydore,Australia
Chincha Alta,Peru
Jose Panganiban,Philippines
Siemianowice Slaskie,Poland
Irun,Spain
Chik Ballapur,India
Athni,India
Dedougou,Burkina Faso
Fredrikstad,Norway
Oyo,Congo (Brazzaville)
Capao da Canoa,Brazil
Tanjung Selor,Indonesia
Hornchurch,United Kingdom
Assi Bou Nif,Algeria
Maidenhead,United Kingdom
Yangqingcun,China
Benevides,Brazil
At Tall,Syria
Reston,United States
Midoun,Tunisia
Yattir,West Bank
San Clemente,United States
Asahi,Japan
Stupino,Russia
Slatina,Romania
Bhairahawa,Nepal
Badr Hunayn,Saudi Arabia
Caldwell,United States
Khulays,Saudi Arabia
Friedrichshafen,Germany
Tajumulco,Guatemala
Fengang,China
Akurana,Sri Lanka
Mitcham,United Kingdom
Medicine Hat,Canada
Feltham,United Kingdom
Sumbawa Besar,Indonesia
Coon Rapids,United States
Ito,Japan
Millcreek,United States
Dhuburi,India
Fujiidera,Japan
Mirassol,Brazil
Vittoria,Italy
Prilep,North Macedonia
Stourbridge,United Kingdom
Mercedes,Argentina
Galgamuwa,Sri Lanka
Ban Lam Sam Kaeo,Thailand
Abu Qurqas,Egypt
Kelaa Kebira,Tunisia
Eden Prairie,United States
Kitale,Kenya
Cajazeiras,Brazil
Ouled Djellal,Algeria
Parkersburg,United States
Banda del Rio Sali,Argentina
Gorno-Altaysk,Russia
Anuradhapura,Sri Lanka
Tartagal,Argentina
Lugano,Switzerland
Gadwal,India
Tetovo,North Macedonia
Horsens,Denmark
Rockhampton,Australia
Qurayyat,Oman
Hamilton,United States
Teoloyucan,Mexico
Sidi Barani,Egypt
Novaya Balakhna,Russia
Visnagar,India
Nankana Sahib,Pakistan
Puerto Asis,Colombia
Nago,Japan
Klintsy,Russia
San Fernando,Philippines
Moore,United States
Vaslui,Romania
Nyagan,Russia
Lakewood,United States
Pamuru,India
Kasongo,Congo (Kinshasa)
Machiques,Venezuela
Kaga,Japan
Kelibia,Tunisia
Rochester,United Kingdom
Batatais,Brazil
Bay City,United States
Miyoshi,Japan
Pabianice,Poland
Halton Hills,Canada
Dewsbury,United Kingdom
Beledweyne,Somalia
Sheikhpura,India
Marina di Carrara,Italy
Narlidere,Turkey
Mahdasht,Iran
La Seyne-sur-Mer,France
Yurimaguas,Peru
Campo Bom,Brazil
Sirsi,India
Balboa Heights,Panama
Mut,Turkey
Dmitrov,Russia
Washim,India
Calinog,Philippines
Tres Arroyos,Argentina
Bossier City,United States
Palmela,Portugal
Brookline,United States
Moncada,Philippines
Balad,Iraq
Itupeva,Brazil
Moknine,Tunisia
Gampaha,Sri Lanka
Woking,United Kingdom
Tamana,Japan
Nanpara,India
Tan Phuoc Khanh,Vietnam
Castellammare di Stabia,Italy
Bansalan,Philippines
Champasak,Laos
Schwabisch Gmund,Germany
Bari,India
Lingshou,China
Limerick,Ireland
Gusang,China
Qoryooley,Somalia
Dovzhansk,Ukraine
Bensalem,United States
Koro,Mali
Tandag,Philippines
Plymouth,United States
Midalt,Morocco
Boadilla del Monte,Spain
Svyetlahorsk,Belarus
Carmen de Viboral,Colombia
Kapatagan,Philippines
Council Bluffs,United States
Anse a Galets,Haiti
Ico,Brazil
Debre Mark'os,Ethiopia
Montauban,France
Acton,United Kingdom
Nagakute,Japan
Huntersville,United States
Mobarakeh,Iran
Phalia,Pakistan
Troyes,France
Pervomaisk,Ukraine
Wenxicun,China
Taylor,United States
Shuya,Russia
Hendersonville,United States
Zouerate,Mauritania
Berekum,Ghana
Ranipet,India
Ambilobe,Madagascar
Wundanyi,Kenya
Kolding,Denmark
Camocim,Brazil
Kesamudram,India
Villa Dominico,Argentina
Ras Tanura,Saudi Arabia
Puerto Penasco,Mexico
Bainet,Haiti
Kattagan,Uzbekistan
Riosucio,Colombia
Sanford,United States
Shangtangcun,China
Carazinho,Brazil
Kolda,Senegal
Nagari,India
Nordre Fale,Norway
Napier,New Zealand
La Habra,United States
Sherkot,India
Tighenif,Algeria
Mandi Dabwali,India
Esperanza,Dominican Republic
Herten,Germany
Camaqua,Brazil
Santarem,Portugal
Asaka,Uzbekistan
Panchari Bazar,Bangladesh
Offenburg,Germany
Bannu,Pakistan
Cyuve,Rwanda
Kungur,Russia
Bergheim,Germany
Boituva,Brazil
Raghogarh,India
Horizon West,United States
Twickenham,United Kingdom
Agia Paraskevi,Greece
Analavory,Madagascar
Figueira da Foz,Portugal
Dearborn Heights,United States
Aurora,Philippines
Narwana,India
Vigevano,Italy
Cabaret,Haiti
Aurora,Canada
Okha,India
Korogwe,Tanzania
Turhal,Turkey
Derik,Turkey
Nova Odessa,Brazil
Meshkin Dasht,Iran
San Francisco,Argentina
Sihushan,China
Bhabhua,India
Koshizuka,Japan
San Francisco de los Romo,Mexico
Manicaragua,Cuba
Rouiba,Algeria
Tendo,Japan
Borj el Qoble,Lebanon
St. Cloud,United States
Arua,Uganda
Nanjangud,India
Camotan,Guatemala
Mongagua,Brazil
Tagajo,Japan
Yongbei,China
Pontiac,United States
Richland,United States
Cambanugoy,Philippines
Satbayev,Kazakhstan
Al Khawr,Qatar
Zengqiao,China
Siddhapur,India
Plato,Colombia
Mitoyo,Japan
Patnos,Turkey
Sao Miguel dos Campos,Brazil
Diphu,India
Zory,Poland
Leszno,Poland
Runcorn,United Kingdom
Nakhyaungcharipara,Bangladesh
Nkawkaw,Ghana
Hatogaya-honcho,Japan
Neu-Ulm,Germany
Marietta,United States
Camabatela,Angola
Songkhla,Thailand
Hita,Japan
Morada Nova,Brazil
Florence-Graham,United States
Jhargram,India
Afragola,Italy
Santo Amaro,Brazil
Yangiyul,Uzbekistan
Sungo,Angola
Penapolis,Brazil
Shiroi,Japan
Xiluodu,China
Cortazar,Mexico
Praia,Cabo Verde
Kolea,Algeria
Springfield,United States
San Juan Chamelco,Guatemala
San Antonio del Tachira,Venezuela
Karonga,Malawi
Trikala,Greece
Wrecsam,United Kingdom
Kstovo,Russia
Arcoverde,Brazil
Sayyid Sadiq,Iraq
Garbsen,Germany
Valle de Bravo,Mexico
Encinitas,United States
Cayenne,French Guiana
May Pen,Jamaica
Georgiyevsk,Russia
Santa Ana,Philippines
Asker,Norway
Hato Mayor,Dominican Republic
Ostuncalco,Guatemala
Ilobasco,El Salvador
Oudtshoorn,South Africa
Norak,Tajikistan
Itogon,Philippines
Port Coquitlam,Canada
Wellington,United States
Korosten,Ukraine
Baao,Philippines
Menzel Temime,Tunisia
La Democracia,Guatemala
Hasuda,Japan
Widnes,United Kingdom
Taal,Philippines
Djibo,Burkina Faso
Euclides da Cunha,Brazil
Palm Harbor,United States
Xinmin,China
Ramanathapuram,India
Candon,Philippines
Sawahlunto,Indonesia
Gia Nghia,Vietnam
Merzifon,Turkey
Montebello,United States
Tunasan,Philippines
Vejle,Denmark
Madinat `Isa,Bahrain
Mariana,Brazil
Tarnowskie Gory,Poland
Trikonavattam,India
Wesel,Germany
Santa Catarina Ixtahuacan,Guatemala
Shilu,China
Woodland,United States
Hurth,Germany
Salgueiro,Brazil
Korydallos,Greece
Halvad,India
Venancio Aires,Brazil
Mateare,Nicaragua
Barbalha,Brazil
Margate,United Kingdom
Abuyog,Philippines
Coyhaique,Chile
Maues,Brazil
North Bergen,United States
Bocaranga,Central African Republic
Aracati,Brazil
Ar Rastan,Syria
Bawku,Ghana
Caico,Brazil
Udamalpet,India
Bristol,United States
Cabatuan,Philippines
Mirabel,Canada
Jupiter,United States
Santo Domingo,Philippines
Ellesmere Port,United Kingdom
Santa Rosa de Copan,Honduras
Barberena,Guatemala
Velika Gorica,Croatia
Hashimoto,Japan
Idiofa,Congo (Kinshasa)
Scheveningen,Netherlands
Olbia,Italy
Malikounda,Senegal
Bangor,United Kingdom
Leninogorsk,Russia
Neka,Iran
Tulunan,Philippines
Adjohon,Benin
Pantin,France
Wanparti,India
Tafo,Ghana
Aisai,Japan
Seferhisar,Turkey
Tsushima,Japan
Itoman,Japan
Soroti,Uganda
Chachoengsao,Thailand
Nambuangongo,Angola
Rossosh,Russia
Los Polvorines,Argentina
Jinoba-an,Philippines
Lomza,Poland
Aleksin,Russia
La Mesa,United States
Tamba,Japan
Kolomyia,Ukraine
Pico Rivera,United States
Chamrajnagar,India
Saraburi,Thailand
Ain Harrouda,Morocco
Jinzecun,China
Fort Portal,Uganda
Meihuacun,China
Yamatotakada,Japan
Bethal,South Africa
Orion,Philippines
Sarandi,Argentina
El Wak,Kenya
Villamaria,Colombia
Shihe,China
Calulo,Angola
Galapa,Colombia
Cubulco,Guatemala
Mbabane,Eswatini
Borisoglebsk,Russia
Oyem,Gabon
Huatusco,Mexico
Castilla,Philippines
Piscataway,United States
Yala,Thailand
Laoang,Philippines
Oda,Ghana
San Rafael,United States
Ibitinga,Brazil
Kukarmunda,India
Kokawa,Japan
Fryazino,Russia
Viareggio,Italy
Berezovskiy,Russia
Trujillo,Honduras
Yongyang,China
Tigaon,Philippines
Matanao,Philippines
Taunton,United Kingdom
Aquiraz,Brazil
Dumraon,India
Meriden,United States
Elk,Poland
Euless,United States
Alcoy,Spain
Gukovo,Russia
Belogorsk,Russia
Altinozu,Turkey
Irvington,United States
Panruti,India
Lalmanirhat,Bangladesh
Ambanja,Madagascar
Ciudad Arce,El Salvador
Velampalaiyam,India
Laeken,Belgium
Gubat,Philippines
Souq Sebt Oulad Nemma,Morocco
Wallasey,United Kingdom
Yisuhe,China
Rosario,Philippines
San Vicente del Raspeig,Spain
Euskirchen,Germany
Chambery,France
Mizusawa,Japan
Unna,Germany
Tirukkoyilur,India
San Mateo Ixtatan,Guatemala
Parkent,Uzbekistan
Paracale,Philippines
Yame,Japan
Qoorlugud,Somalia
Razampeta,India
Kangan,Iran
Nedumangad,India
Zamosc,Poland
Pasaje,Ecuador
Petroupoli,Greece
San Mariano,Philippines
Union,United States
Parker,United States
Nioro,Mali
Abyek,Iran
Samut Sakhon,Thailand
Halesowen,United Kingdom
Mbalmayo,Cameroon
Jinxing,China
Clay,United States
Bracknell,United Kingdom
Malay,Philippines
Niort,France
Greifswald,Germany
Towada,Japan
Pirojpur,Bangladesh
Slutsk,Belarus
Hamburg,United States
Manhica,Mozambique
Horqueta,Paraguay
Floriano,Brazil
Prokhladnyy,Russia
Sao Borja,Brazil
Saravan,Iran
Kribi,Cameroon
Suifenhe,China
Consuelito,Dominican Republic
Baba Hassen,Algeria
Meskiana,Algeria
Juan-les-Pins,France
Afula,Israel
Nahariyya,Israel
Gunupur,India
Mehnajpur,India
Bayji,Iraq
Banane,Kenya
Kratie,Cambodia
Tyre,Lebanon
Faruka,Pakistan
Buqda Caqable,Somalia
Oodweyne,Somalia
Guigue,Venezuela
Viedma,Argentina
Barneveld,Netherlands
Obando,Philippines
San Marcos,Colombia
Civril,Turkey
Babolsar,Iran
Thatri,India
Legnano,Italy
Revere,United States
Stonecrest,United States
Ponnuru,India
Le Blanc-Mesnil,France
Langenfeld,Germany
Carrara,Italy
Ain Touta,Algeria
Arankhola,Bangladesh
Trang,Thailand
Sigaboy,Philippines
Chapel Hill,United States
Kathua,India
Merida,Spain
Ilog,Philippines
Ozalp,Turkey
Portimao,Portugal
Aranjuez,Spain
Huejotzingo,Mexico
Blainville,Canada
White Plains,United States
Fano,Italy
Andradina,Brazil
Dongcun,China
Ragay,Philippines
Gardena,United States
Palm Beach Gardens,United States
Uzice,Serbia
Lakhdaria,Algeria
Vinukonda,India
Suhareke,Kosovo
Huehuetoca,Mexico
Taunton,United States
Zvishavane,Zimbabwe
Vicosa do Ceara,Brazil
Gohadi,India
Kananya,Philippines
Khagaria,India
Hardenberg,Netherlands
Matera,Italy
Bougouni,Mali
Karamursel,Turkey
Huajiang,China
Sanyo-Onoda,Japan
Monterey Park,United States
Aguacatan,Guatemala
Sennan,Japan
Motril,Spain
Date,Japan
Pachora,India
Medellin,Philippines
Maimbung,Philippines
West Allis,United States
Lianzhuangcun,China
Coroata,Brazil
Betou,Congo (Brazzaville)
Limoeiro do Norte,Brazil
Chelm,Poland
Tiptur,India
Altamira,Mexico
Gopichettipalaiyam,India
Revda,Russia
Givatayim,Israel
Zamora,Spain
Itanagar,India
Esfarayen,Iran
Santee,United States
Ban Bang Kaeo,Thailand
Pallini,Greece
Wangzhuang,China
Stralsund,Germany
North Miami,United States
Stryi,Ukraine
Blue Springs,United States
Yara,Cuba
Des Plaines,United States
Shimotsuke,Japan
Shirakawa,Japan
Los Andes,Chile
Ouinhri,Benin
Kokomo,United States
Moron,Cuba
Esperanza,Philippines
Jackson,United States
Uzunkopru,Turkey
Koga,Japan
As Saff,Egypt
Kesennuma,Japan
Garin,Argentina
Petaluma,United States
Joso,Japan
Alfonso,Philippines
Goppingen,Germany
Gaibandha,Bangladesh
Uniao dos Palmares,Brazil
Shoreline,United States
Hyuga,Japan
Dhone,India
Irosin,Philippines
Irati,Brazil
Gannan,China
San Francisco,Philippines
Trollhattan,Sweden
Neuilly-sur-Seine,France
Belebey,Russia
Rajgarh,India
Katerini,Greece
San Simon,Philippines
Dila,Ethiopia
Vyronas,Greece
Artemisa,Cuba
Chalkida,Greece
Mansalay,Philippines
Damghan,Iran
Chichibu,Japan
Umm al Qaywayn,United Arab Emirates
Antigua Guatemala,Guatemala
Panna,India
Barking,United Kingdom
Medford,United States
Chivacoa,Venezuela
Constanza,Dominican Republic
Saint-Louis du Sud,Haiti
Yevlax,Azerbaijan
El Palomar,Argentina
Tahara,Japan
Taylorsville,United States
Upi,Philippines
Metapan,El Salvador
Camacupa,Angola
Wylie,United States
Florida,Colombia
Jiguani,Cuba
Huauchinango,Mexico
Buderim,Australia
Anzio,Italy
Nirgua,Venezuela
Santa Maria Chiquimula,Guatemala
Cruz Alta,Brazil
Cerro de Pasco,Peru
Xikeng,China
Lac-Brome,Canada
Cupertino,United States
Sutton,United Kingdom
Andoharanofotsy,Madagascar
Gattaran,Philippines
Carvajal,Venezuela
Parobe,Brazil
Sidi ech Chahmi,Algeria
Zahirabad,India
Roxas,Philippines
Wani,India
Binnaguri,India
Merthyr Tudful,United Kingdom
Ban Rangsit,Thailand
Kaposvar,Hungary
Canlaon,Philippines
Frankfurt (Oder),Germany
Chistopol,Russia
Beccar,Argentina
Menzel Bourguiba,Tunisia
Upleta,India
El Salvador,Philippines
Narasapur,India
Xanthi,Greece
Chikuma,Japan
Zarechnyy,Russia
Barranca,Peru
Krusevac,Serbia
Pedro Leopoldo,Brazil
Jaguariuna,Brazil
Calatagan,Philippines
Baganga,Philippines
Faenza,Italy
Sandnes,Norway
Viseu,Brazil
Jovellanos,Cuba
Dosso,Niger
Baguineda,Mali
Koja,Japan
Kasungu,Malawi
Sonabedha,India
Pasrur,Pakistan
Caldiran,Turkey
Wuyang,China
Raharpur,Bangladesh
Edgware,United Kingdom
Xinfeng,Taiwan
Alta Floresta,Brazil
Tenkodogo,Burkina Faso
Kas,Turkey
Mpondwe,Uganda
Sayama,Japan
Frutal,Brazil
Cambundi Catembo,Angola
Piparia,India
Sarcelles,France
Tonsberg,Norway
Mehdya,Morocco
San Luis,Philippines
The Hammocks,United States
Caltanissetta,Italy
Gllogovc,Kosovo
Una,India
Balancan,Mexico
Tarim,Yemen
Ibaan,Philippines
Frejus,France
Sardhana,India
Sao Gabriel,Brazil
Hakkari,Turkey
Abington,United States
Mexquitic de Carmona,Mexico
Osakasayama,Japan
Hastinapur,India
Crotone,Italy
San Pedro,Argentina
Tianningcun,China
Liannong,China
Liantangcun,China
Benevento,Italy
Qaskeleng,Kazakhstan
Margate,United States
Trairi,Brazil
Przemysl,Poland
Serres,Greece
Ma'erkang,China
Heerhugowaard,Netherlands
San Fernando,Chile
Carson City,United States
Chaiyaphum,Thailand
Sandila,India
Pebane,Mozambique
Hoboken,United States
Zengcun,China
Zengcun,China
Madison,United States
Acerra,Italy
Ogori,Japan
Punta Alta,Argentina
Palompon,Philippines
Tiruvalur,India
Sucun,China
Murakami,Japan
St. Clair Shores,United States
Capenda Camulemba,Angola
Ishikari,Japan
Antsalova,Madagascar
Lambayeque,Peru
Doetinchem,Netherlands
Pursat,Cambodia
Mouscron,Belgium
Sillod,India
Ruislip,United Kingdom
Mielec,Poland
Calarasi,Romania
Myaungmya,Burma
Lorient,France
Zaraza,Venezuela
St. Peters,United States
Savona,Italy
Naval,Philippines
Barotac Nuevo,Philippines
Midwest City,United States
Temascalcingo,Mexico
Samana,Dominican Republic
Chivilcoy,Argentina
Villejuif,France
Kitahiroshima,Japan
Mulbagal,India
North Vancouver,Canada
Rouissat,Algeria
Avila,Spain
Beitbridge,Zimbabwe
Bakwa-Kalonji,Congo (Kinshasa)
Lampang,Thailand
Dapaong,Togo
Felgueiras,Portugal
Streatham,United Kingdom
Timargara,Pakistan
Severn,United States
Sao Sebastiao,Brazil
Lake Havasu City,United States
Ambahikily,Madagascar
Chibuto,Mozambique
Lop Buri,Thailand
Pradera,Colombia
Masantol,Philippines
Tczew,Poland
Lenexa,United States
Chornomorsk,Ukraine
Santa Isabel,Brazil
Orland Park,United States
Kawthoung,Burma
Kumertau,Russia
Hunsur,India
Salsk,Russia
Panskura,India
Nanjakkad,India
Kan'onjicho,Japan
Hameln,Germany
New Corella,Philippines
Galatsi,Greece
Zempoala,Mexico
Kolondieba,Mali
Allanmyo,Burma
Cogan,Philippines
Nausori,Fiji
Royal Oak,United States
Glew,Argentina
Rampur Hat,India
Dumanjog,Philippines
Asingan,Philippines
Suileng,China
Weymouth,United States
Marano di Napoli,Italy
Orito,Colombia
Xiezhou,China
Royal Tunbridge Wells,United Kingdom
Bowie,United States
Zivinice,Bosnia and Herzegovina
Decatur,United States
Zarand,Iran
El Attaf,Algeria
Ouezzane,Morocco
Hervey Bay,Australia
Biba,Egypt
Bel Air South,United States
Bellevue,France
Khandala,India
Lonavale,India
Towson,United States
Kosai,Japan
Dompu,Indonesia
General Pico,Argentina
Anahuac,Mexico
Mogoditshane,Botswana
Grand-Popo,Benin
Stalowa Wola,Poland
Gengzhuangqiaocun,China
Jerez de Garcia Salinas,Mexico
Yanguancun,China
Camajuani,Cuba
New Plymouth,New Zealand
Tomaszow Mazowiecki,Poland
Casa Grande,United States
Adigrat,Ethiopia
Coconut Creek,United States
Taquara,Brazil
Bilimora,India
Kothapet,India
Maduraivayal,India
Togane,Japan
Sicuani,Peru
Lucan,Ireland
Diriamba,Nicaragua
Taliwang,Indonesia
Milagros,Philippines
Santa Maria,Philippines
Palasa,India
Tokoname,Japan
Ejmiatsin,Armenia
Wiwili de Jinotega,Nicaragua
Wiwili,Nicaragua
Guarabira,Brazil
Humaita,Brazil
Santiago Tuxtla,Mexico
Tanauan,Philippines
Kettering,United States
Meerbusch,Germany
Chintalapalli,India
Dzerzhinskiy,Russia
Maisons-Alfort,France
Baden-Baden,Germany
Lohardaga,India
Buluan,Philippines
Sinop,Turkey
Cuvelai,Angola
Ponte Nova,Brazil
Richards Bay,South Africa
Bezerros,Brazil
Foumbot,Cameroon
Antsinanantsena,Madagascar
Huaniu,China
Qianwu,China
Nacaome,Honduras
Vacaria,Brazil
Bebington,United Kingdom
Herriman,United States
Molfetta,Italy
Eldorado,Argentina
Mali,China
Roermond,Netherlands
Coruripe,Brazil
Macherla,India
Boac,Philippines
Targovishte,Bulgaria
Nova Esperanca,Angola
Icara,Brazil
Kandukur,India
Saint-Hyacinthe,Canada
Keonjhargarh,India
Brookhaven,United States
Riosucio,Colombia
Villa Hayes,Paraguay
Aldershot,United Kingdom
Cupang,Philippines
Daqiao,China
Alangalang,Philippines
Samannud,Egypt
Bulungu,Congo (Kinshasa)
Uson,Philippines
Hele,China
Boufarik,Algeria
Ping'an,China
Kollegal,India
Sarapiqui,Costa Rica
Cosamaloapan,Mexico
Iskitim,Russia
Granadilla de Abona,Spain
Taroudannt,Morocco
Cascavel,Brazil
Biga,Turkey
Pavlovo,Russia
Unjha,India
Oak Lawn,United States
Uki,Japan
Nonoichi,Japan
Lacey,United States
Moramanga,Madagascar
Lingen,Germany
Borujen,Iran
Devrek,Turkey
Maun,Botswana
Shali,Russia
Mafeteng,Lesotho
Bail-Hongal,India
Jasaan,Philippines
Aleksandrov,Russia
Dehdasht,Iran
Semara,Morocco
Alvarado,Mexico
Colmenar Viejo,Spain
Minokamo,Japan
Ipele,Nigeria
Bura,Somalia
Bartlett,United States
Zushi,Japan
Talagante,Chile
Ribnita,Moldova
Nasirabad,India
Cerignola,Italy
Rodos,Greece
Cuemba,Angola
Tezonapa,Mexico
Cachoeiras de Macacu,Brazil
Machang,Malaysia
Huaixiangcun,China
San Luis,Dominican Republic
Kedzierzyn-Kozle,Poland
Puerto Boyaca,Colombia
Bina,Azerbaijan
Azzaba,Algeria
Mora,Costa Rica
Hagonoy,Philippines
Xam Nua,Laos
Limbang,Malaysia
Gudalur,India
Dina,Pakistan
Clamart,France
Ipira,Brazil
Miragoane,Haiti
Samalkot,India
Caacupe,Paraguay
Karimganj,India
Acambay,Mexico
Santa Rosa,Ecuador
Pinagkaisahan,Philippines
Bobbili,India
Bebandem,Indonesia
Fussa,Japan
Bowmanville,Canada
Duzici,Turkey
Kalna,India
Sattenapalle,India
Tulcan,Ecuador
Lagonoy,Philippines
Gorlitz,Germany
Sankt Augustin,Germany
Narbonne,France
Highland,United States
Basey,Philippines
Hassa,Turkey
Kudamatsu,Japan
Meaux,France
Hod HaSharon,Israel
Pirapora,Brazil
Vrindavan,India
Chini,China
Diglipur,India
Acambaro,Mexico
Stolberg,Germany
Khash,Iran
Den Helder,Netherlands
Forest,Belgium
Pangantocan,Philippines
Taybad,Iran
Mafra,Brazil
Ar Riqqah,Kuwait
San Pedro Sacatepequez,Guatemala
Asbest,Russia
Ramon,Philippines
Saruhanli,Turkey
Sibay,Russia
Ixtahuacan,Guatemala
Limoeiro,Brazil
Meleuz,Russia
San Carlos del Zulia,Venezuela
Porto Feliz,Brazil
Naugaon Sadat,India
Budennovsk,Russia
Colomba,Guatemala
Sendhwa,India
Athieme,Benin
El Cerrito,Colombia
Kannapolis,United States
Bartolome Maso,Cuba
Fountainebleau,United States
Moyobamba,Peru
Bianyang,China
Chekfa,Algeria
Tiwi,Philippines
Talegaon Dabhade,India
Tama,Japan
Bluefields,Nicaragua
Rafael Calzada,Argentina
Wote,Kenya
Rolim de Moura,Brazil
Mocoa,Colombia
Boudouaou,Algeria
Villarrica,Paraguay
Binalonan,Philippines
Longxing,China
Fountain Valley,United States
Sucat,Philippines
Placer,Philippines
Pacos de Ferreira,Portugal
Bentonville,United States
Tekkekoy,Turkey
Rosh Ha`Ayin,Israel
Bradenton,United States
Korkuteli,Turkey
Smyrna,United States
Pulheim,Germany
Lian,Philippines
Narammala,Sri Lanka
Rio Bonito,Brazil
Libungan,Philippines
Amarante,Portugal
Magsaysay,Philippines
Bihac,Bosnia and Herzegovina
Pelengana,Mali
Esquipulas,Guatemala
Kut-e `Abdollah,Iran
Poonamallee,India
Sarikei,Malaysia
Kettering,United Kingdom
Sarasota,United States
Gangarampur,India
Rahovec,Kosovo
Oosterhout,Netherlands
Hohoe,Ghana
Apopka,United States
Khartsyzk,Ukraine
Dongola,Sudan
Mukocho,Japan
Eschweiler,Germany
Khlong Luang,Thailand
Tilakpur,Nepal
Kotlas,Russia
Moncalieri,Italy
Castelo Branco,Portugal
Mizuho,Japan
Diffun,Philippines
Cuizhuangzi,China
Essaouira,Morocco
Parsippany-Troy Hills,United States
Granada,Colombia
Mandapeta,India
San Andres Villa Seca,Guatemala
Tirur,India
Mendi,Papua New Guinea
Takizawa,Japan
Kimilili,Kenya
Uman,Mexico
Pithoragarh,India
Kengri,India
Mikhaylovka,Russia
Veszprem,Hungary
Huaquillas,Ecuador
Tit Mellil,Morocco
Intibuca,Honduras
Pinto,Spain
Langtang,China
Ropar,India
Oke-Mesi,Nigeria
Izberbash,Russia
Bad Homburg,Germany
Karditsa,Greece
National City,United States
Abu Za`bal,Egypt
Chiapa de Corzo,Mexico
Lower Bicutan,Philippines
General Tinio,Philippines
Waiblingen,Germany
Takaishi,Japan
Acul du Nord,Haiti
Beauvais,France
Beruniy,Uzbekistan
DeSoto,United States
Ajodhya,India
Berwyn,United States
Poblacion,Philippines
Bungoma,Kenya
Incirliova,Turkey
Longmen,China
Sidi Bennour,Morocco
Fier,Albania
Khan Shaykhun,Syria
Changling,China
Belampalli,India
Kharar,India
Zarrin Shahr,Iran
Bambang,Philippines
Biswan,India
Tsevie,Togo
Rengo,Chile
Rzhev,Russia
Gulariya,Nepal
Langenhagen,Germany
Cuneo,Italy
New Brunswick,United States
Umm Ruwaba,Sudan
Kannamangalam,India
Casa Nova,Brazil
Lesosibirsk,Russia
Azul,Argentina
Krasnotur'insk,Russia
Atchampeta,India
Oulad Yaich,Algeria
Nogata,Japan
Asadabad,Iran
Paombong,Philippines
Apple Valley,United States
Bedzin,Poland
Hilden,Germany
Barabai,Indonesia
Nawucun,China
Jambe,Indonesia
Mount Prospect,United States
Siliancun,China
Hashtgerd,Iran
Kandi,India
Nueva Loja,Ecuador
Nordhorn,Germany
Hoogeveen,Netherlands
Opava,Czechia
Nyenga,Uganda
Debre Tabor,Ethiopia
Yongqing,China
Iba,Philippines
Mulanay,Philippines
Kuala Kapuas,Indonesia
Trapani,Italy
Ha Giang,Vietnam
Urbiztondo,Philippines
Saravena,Colombia
Nuevo Casas Grandes,Mexico
Arcadia,United States
Buthidaung,Burma
Wellington,South Africa
Southaven,United States
Kidderminster,United Kingdom
Shendi,Sudan
Sankt Polten,Austria
Agrigento,Italy
San Agustin Acasaguastlan,Guatemala
Barwani,India
PortoAlexandre,Angola
Barrow in Furness,United Kingdom
Batac,Philippines
Villarrica,Chile
Videira,Brazil
Qiryat Ata,Israel
Monte Alegre,Brazil
Vratsa,Bulgaria
Nansan,China
Tonekabon,Iran
Biala Podlaska,Poland
Xinqing,China
Ksar Hellal,Tunisia
Monte Mor,Brazil
Tatalon,Philippines
Sacapulas,Guatemala
Ovar,Portugal
Asturias,Philippines
Tigard,United States
Toki,Japan
Erumaippatti,India
Hyeres,France
Khorramdarreh,Iran
Union,United States
Thermi,Greece
Yamasa,Dominican Republic
Mercedes,Philippines
Winneba,Ghana
Harpanahalli,India
Crewe,United Kingdom
Buta,Congo (Kinshasa)
Farroupilha,Brazil
Umm el Fahm,Israel
Djemmal,Tunisia
Meyerton,South Africa
Periya Semur,India
Perth Amboy,United States
Bobigny,France
Linares,Spain
Wangguanzhuang Sicun,China
Rubizhne,Ukraine
Madhupur,India
Foligno,Italy
Rijswijk,Netherlands
Porirua,New Zealand
Pombal,Portugal
Chalil,India
Chicopee,United States
South Whittier,United States
Verviers,Belgium
Challakere,India
Wuhuang,China
Biel/Bienne,Switzerland
Zalaegerszeg,Hungary
Puthiyangadi,India
West Haven,United States
Lazarevac,Serbia
Vranje,Serbia
Ibipora,Brazil
Santa Cruz,Costa Rica
Mangrol,India
Shijonawate,Japan
Novohrad-Volynskyi,Ukraine
Chonthrhu,India
Manapla,Philippines
Bhimunipatnam,India
Zgierz,Poland
Sorgun,Turkey
Radhanpur,India
Schweinfurt,Germany
Eqbaliyeh,Iran
Smyrna,United States
Rangewala,Pakistan
Ucuma,Angola
Falakata,India
Volsk,Russia
Uniao da Vitoria,Brazil
Chino,Japan
Canoinhas,Brazil
Touba,CÙte d'Ivoire
Belorechensk,Russia
Tinley Park,United States
Agbangnizoun,Benin
Elenga,Bangladesh
Polur,India
Bilis Qooqaani,Somalia
Narutocho-mitsuishi,Japan
Songjiangcun,China
Catu,Brazil
Hacienda Heights,United States
Vannes,France
Trani,Italy
Oxchuc,Mexico
Corby,United Kingdom
Nandod,India
Tivoli,Italy
Acipayam,Turkey
Macaiba,Brazil
Luquembo,Angola
Canterbury,United Kingdom
Daxing,China
Pithapuram,India
Queensburgh,South Africa
Yenisehir,Turkey
Minamiuonuma,Japan
Beaumont,United States
Khurai,India
Swidnica,Poland
San Jacinto,United States
Tacuarembo,Uruguay
Punganuru,India
Trencin,Slovakia
Wellingborough,United Kingdom
Hidaka,Japan
Bhamo,Burma
Piedade,Brazil
Huesca,Spain
Jelgava,Latvia
El Kef,Tunisia
Nargol,India
La Roche-sur-Yon,France
Barranqueras,Argentina
Montenegro,Brazil
Santa Cruz,Philippines
Chaiwu,China
Belen de Escobar,Argentina
Sarpsborg,Norway
Phuthaditjhaba,South Africa
Carigara,Philippines
Sara,Philippines
Wetzlar,Germany
Chone,Ecuador
Hattingen,Germany
Pila,Philippines
Chota,Peru
Annaka,Japan
Ghatal,India
Terneuzen,Netherlands
Bad Salzuflen,Germany
Palmares,Brazil
Tikhoretsk,Russia
Choshi,Japan
Santa Elena,Ecuador
Giurgiu,Romania
Sagar,India
Mundka,India
Yenangyaung,Burma
Jinchang,China
Masinloc,Philippines
Plainfield,United States
Pontevedra,Philippines
West Sacramento,United States
Trento,Philippines
Jalapa,Nicaragua
Marana,United States
Ortaca,Turkey
Douar Ain Chkef,Morocco
Kampen,Netherlands
Ensenada,Argentina
Bekescsaba,Hungary
Antanifotsy,Madagascar
Nihonmatsu,Japan
Kouri,Mali
Capitao Poco,Brazil
Mbulungu,Congo (Kinshasa)
Tapas,Philippines
Tiruvallur,India
Baramati,India
Passau,Germany
Caojia,China
Sittingbourne,United Kingdom
Konan,Japan
Karak,Indonesia
Chelles,France
San Isidro,Philippines
Dikwella South,Sri Lanka
Medianeira,Brazil
Polevskoy,Russia
Javanrud,Iran
Yucaipa,United States
Shidong,China
Shidongcun,China
Sakurai,Japan
Islampur,India
Umm Qurun,Qatar
Ruma,Serbia
Belchatow,Poland
Morsott,Algeria
Sidhi,India
Rahuri,India
Sado,Japan
Zelenogorsk,Russia
San Manuel,Philippines
Kizilpinar,Turkey
Paracin,Serbia
Cornillon,Haiti
Kapchagay,Kazakhstan
Valle del Guamuez,Colombia
Ankadinondry-Sakay,Madagascar
Rotorua,New Zealand
San Benito,Guatemala
Don Bosco,Philippines
Peabody,United States
Hashtpar,Iran
Rocky Mount,United States
Kasaragod,India
Sefrou,Morocco
Frenda,Algeria
Texas City,United States
Bristol,United States
Liski,Russia
Bir Ali Ben Khalifa,Tunisia
Balykchy,Kyrgyzstan
Ixhuatlan de Madero,Mexico
San Bartolome,Spain
Kentwood,United States
Louang Namtha,Laos
Lower Paxton,United States
Mariano Acosta,Argentina
Jalor,India
Tarma,Peru
Cholet,France
Samana,India
Cheddra,Chad
Kunnamkulam,India
Palmaner,India
Xihu,Taiwan
Jalakati,Bangladesh
Deolali,India
Ribeira do Pombal,Brazil
Juanjui,Peru
Tagkawayan,Philippines
Ghoriyan,Afghanistan
Jihong,China
Kennedy Town,Hong Kong
Titay,Philippines
Puerto Libertador,Colombia
Jihlava,Czechia
Minalabac,Philippines
Druzhkivka,Ukraine
Umred,India
Sabbashahr,Iran
Bandar-e Torkaman,Iran
Hamura,Japan
Chenab Nagar,Pakistan
Sohna,India
Cheremkhovo,Russia
Chilibre,Panama
Manhattan,United States
Frydek-Mistek,Czechia
Vigan,Philippines
Tikhvin,Russia
Neustadt,Germany
Manicore,Brazil
Chania,Greece
An Nimas,Saudi Arabia
Manfredonia,Italy
Cabagan,Philippines
Bacaadweyn,Somalia
Hajjah,Yemen
Chenaran,Iran
Bijar,Iran
Iganga,Uganda
Impasugong,Philippines
Parvatipuram,India
Ban Om Noi,Thailand
Elda,Spain
Ullal,India
Magpet,Philippines
Juigalpa,Nicaragua
Colton,United States
Kitaotao,Philippines
Dholka,India
Louangphabang,Laos
Ottappalam,India
Registro,Brazil
Aspen Hill,United States
Diamond Bar,United States
Sao Francisco do Sul,Brazil
Zongo,Congo (Kinshasa)
Wayne,United States
Cangola,Angola
A Yun Pa,Vietnam
Ibiza,Spain
Funato,Japan
Corbeil-Essonnes,France
Gazipasa,Turkey
San Francisco Menendez,El Salvador
Upata,Venezuela
Hadali,Pakistan
Mora,Cameroon
Howell,United States
Huntington Park,United States
Manjeri,India
Alcobaca,Portugal
Kongoussi,Burkina Faso
Evry,France
Millcreek,United States
Al Majaridah,Saudi Arabia
Ashta,India
Narva,Estonia
Gisenyi,Rwanda
Evora,Portugal
San Juan,Trinidad and Tobago
Epinay-sur-Seine,France
Dimitrovgrad,Bulgaria
Ilindu Kothi,India
Bisceglie,Italy
Kaliyaganj,India
Jaggayyapeta,India
Neryungri,Russia
Brits,South Africa
Morondava,Madagascar
Modica,Italy
Marechal Candido Rondon,Brazil
Ilgin,Turkey
Travnik,Bosnia and Herzegovina
Extrema,Brazil
Hongshandian,China
Ajuy,Philippines
Chystiakove,Ukraine
Pasacao,Philippines
Kleve,Germany
Wheaton,United States
Marco de Canavezes,Portugal
Popesti-Leordeni,Romania
Goalpara,India
Cuenca,Spain
Sibonga,Philippines
Pinellas Park,United States
Dilovasi,Turkey
Santa Lucia,Cuba
Chortoq,Uzbekistan
Mutsu,Japan
Liberia,Costa Rica
Yaguajay,Cuba
Shahpur,India
Aloha,United States
Guiuan,Philippines
Tutoia,Brazil
Granja,Brazil
Bhongir,India
Chaozhou,Taiwan
Tokamachi,Japan
Keighley,United Kingdom
Oak Park,United States
Bayonne,France
Gorkha,Nepal
Ahlen,Germany
Montesilvano,Italy
Tame,Colombia
Inhumas,Brazil
Minnetonka,United States
Dongshan,Taiwan
Amalapuram,India
Tokmok,Kyrgyzstan
Yangmei,China
Kunnamangalam,India
Bakhtiyarpur,India
Twin Falls,United States
Legionowo,Poland
San Vicente,El Salvador
La Gomera,Guatemala
Qingan,China
Estancia,Philippines
Kabale,Uganda
Hamilton,United Kingdom
Dongsheng,China
Bitonto,Italy
Barbosa,Colombia
Patancheruvu,India
Capivari,Brazil
Lubuk Sikaping,Indonesia
Pinotepa,Mexico
Barobo,Philippines
Rondon do Para,Brazil
Vikarabad,India
Asuncion Mita,Guatemala
Molave,Philippines
Frechen,Germany
Baruipur,India
Lozova,Ukraine
Edina,United States
Beberibe,Brazil
Deva,Romania
Hereford,United Kingdom
Dandarah,Egypt
Dunfermline,United Kingdom
Lucban,Philippines
Zaragoza,Philippines
San Manuel,Honduras
Westchester,United States
Sagua la Grande,Cuba
Itapage,Brazil
Puttur,India
Puttur,India
Lysva,Russia
Cruz das Almas,Brazil
Methuen Town,United States
Saint-Ouen,France
Naka,Japan
Wolfenbuttel,Germany
Mahmutlar,Turkey
Mahmutlar,Turkey
Bitlis,Turkey
Safranbolu,Turkey
Saint-Quentin,France
Aurora,Philippines
Bad Kreuznach,Germany
At Tawahi,Yemen
San Estanislao,Paraguay
Bloomfield,United States
Manglaur,India
Beloeil,Canada
Simojovel de Allende,Mexico
Kadiolo,Mali
Bagheria,Italy
Hyosha,Congo (Kinshasa)
Tilhar,India
Normal,United States
Xincheng,China
Buenavista,Philippines
Xinguara,Brazil
Sultanganj,India
Congonhas,Brazil
Megion,Russia
Tiruvalla,India
Kandira,Turkey
Cagnes-sur-Mer,France
`Aliabad-e Katul,Iran
Elyria,United States
Xingcheng,China
Siena,Italy
Gallarate,Italy
Timbauba,Brazil
San Remo,Italy
Lorica,Colombia
Usa,Japan
Harrismith,South Africa
Sao Francisco,Brazil
Grand Island,United States
Ksar Chellala,Algeria
Beihu,China
Pigcawayan,Philippines
Hanyu,Japan
Ouenza,Algeria
Jette,Belgium
Lagoa da Prata,Brazil
Pabbi,Pakistan
Woerden,Netherlands
Novato,United States
Ibbenburen,Germany
Venkatagiri,India
Hamtic,Philippines
Paracambi,Brazil
Bozova,Turkey
Sidi Mohamed Lahmar,Morocco
Temsia,Morocco
North Bay,Canada
Lancaster,United Kingdom
Porto Ferreira,Brazil
Fontenay-sous-Bois,France
Quezaltepeque,El Salvador
San Jose Villa de Allende,Mexico
Kobryn,Belarus
Tramandai,Brazil
Kahnuj,Iran
Yaozhuangcun,China
Minami-Soma,Japan
San Joaquin,Philippines
Zhangjiazhuang,China
Zhangjiazhuangcun,China
Sihor,India
Bani,Philippines
Pola de Siero,Spain
Tizimin,Mexico
Brentwood,United Kingdom
Roskilde,Denmark
Nerkunram,India
Paramount,United States
Lalian,Pakistan
Guernica,Argentina
Velletri,Italy
President Roxas,Philippines
Burauen,Philippines
Macclesfield,United Kingdom
Tlacotepec,Mexico
Villareal,Spain
Neibu,Taiwan
An Nabk,Syria
Qabqa,China
Bamei,China
Thongwa,Burma
Pacora,Panama
Baduria,India
Dauis,Philippines
El Rama,Nicaragua
Claveria,Philippines
Barlad,Romania
Sironj,India
San Miguel Ixtahuacan,Guatemala
Vaulx-en-Velin,France
Kyle,United States
Padangpanjang,Indonesia
Altrincham,United Kingdom
Dar Chabanne,Tunisia
Coronel Oviedo,Paraguay
Jangaon,India
Miyakojima,Japan
Charlottetown,Canada
Placentia,United States
Marechal Deodoro,Brazil
El Carmen,Ecuador
Daudnagar,India
Ibajay,Philippines
Paraiso do Tocantins,Brazil
Jiyyammavalasa,India
Zalau,Romania
Mandamari,India
Mae Sot,Thailand
Sidi Bouzid,Tunisia
Lakhminia,India
Ain Sefra,Algeria
Sison,Philippines
Krasnokamensk,Russia
Ellenabad,India
Hrazdan,Armenia
Mollet,Spain
Akbou,Algeria
Campo Belo,Brazil
Delmiro Gouveia,Brazil
Taquaritinga,Brazil
Enerhodar,Ukraine
Rincon de la Victoria,Spain
Obidos,Brazil
Lautoka,Fiji
Pula,Croatia
San Pablo,Guatemala
Taxco de Alarcon,Mexico
Koraput,India
Mudhol,India
Avellino,Italy
Plottier,Argentina
Naguilian,Philippines
Victoria,Philippines
Utrera,Spain
Wheaton,United States
Volzhsk,Russia
Alesund,Norway
Uriangato,Mexico
Bato,Philippines
Jurmala,Latvia
Antratsyt,Ukraine
El Tumbador,Guatemala
Kendale Lakes,United States
Gaoyi,China
Bhajani,Nepal
Acara,Brazil
Phaltan,India
Shiraoka,Japan
Buique,Brazil
Boblingen,Germany
Acatzingo,Mexico
Diu,India
Lengquancun,China
Portici,Italy
Ampanihy,Madagascar
Cathedral City,United States
Albu Kamal,Syria
Chajul,Guatemala
Pontes e Lacerda,Brazil
Thomazeau,Haiti
Tangkak,Malaysia
Caetite,Brazil
Yendi,Ghana
Dungu,Congo (Kinshasa)
Takeo,Cambodia
Ambohibary,Madagascar
Slavyansk-na-Kubani,Russia
Ad Dabbah,Sudan
Shiogama,Japan
Huamantla,Mexico
San Onofre,Colombia
Khattan,India
Leon,Philippines
Rawatbhata,India
Vaisampakkal,India
Kumarankari,India
Ntoum,Gabon
Taua,Brazil
Piaseczno,Poland
Eilat,Israel
Muban Saeng Bua Thong,Thailand
Mikkeli,Finland
Florissant,United States
Santa Eulalia,Guatemala
Mengmeng,China
Santo Antonio do Descoberto,Brazil
Vernon,Canada
San Luis de la Paz,Mexico
Liaquatpur,Pakistan
Bloxwich,United Kingdom
Rumia,Poland
Piekary Slaskie,Poland
Imaricho-ko,Japan
San Gil,Colombia
Sa`dah,Yemen
Wangjiazhai,China
El Bagre,Colombia
Tomiya,Japan
Alytus,Lithuania
Padre Garcia,Philippines
Vila Real,Portugal
Arwal,India
Gummersbach,Germany
Choma,Zambia
Kardzhali,Bulgaria
Melo,Uruguay
Matta,Pakistan
M.A. Rasulzada,Azerbaijan
Rastatt,Germany
Zhushan,Taiwan
Palenque,Mexico
Covilha,Portugal
Sao Gabriel da Cachoeira,Brazil
Crosby,United Kingdom
Ravensburg,Germany
Catalina Foothills,United States
Palmas,Brazil
Sherpur,Bangladesh
Burla,India
Bom Despacho,Brazil
Gadarwara,India
Caleta Olivia,Argentina
Baranoa,Colombia
Caldas da Rainha,Portugal
Caramoan,Philippines
Pordenone,Italy
Belle-Anse,Haiti
Guapimirim,Brazil
Pacatuba,Brazil
Tamboril,Dominican Republic
Pardiguda,India
Qalqilyah,West Bank
West New York,United States
Kalpi,India
Aguadulce,Panama
Torrelavega,Spain
Girardota,Colombia
Civitavecchia,Italy
Baiao,Brazil
Sevran,France
Pryluky,Ukraine
Lincoln,United States
Santa Ignacia,Philippines
Alaminos,Philippines
Kulu,Turkey
Xanxere,Brazil
Mulongo,Congo (Kinshasa)
Huazangsi,China
Tijucas,Brazil
Irinjalakuda,India
Menggala,Indonesia
Sartrouville,France
Dunwoody,United States
Kokstad,South Africa
Ayutuxtepeque,El Salvador
Levittown,United States
Tachilek,Burma
Zeralda,Algeria
Gus'-Khrustal'nyy,Russia
Palm Desert,United States
Teramo,Italy
Tirupparangunram,India
Cuihuangkou,China
Tulsipur,Nepal
Segovia,Spain
Peine,Germany
Bando,Japan
Zangareddigudem,India
Barri,United Kingdom
Baham,Cameroon
Abdul Hakim,Pakistan
Ras el Oued,Algeria
Sombor,Serbia
Bantacan,Philippines
Porvoo,Finland
Izumi,Japan
Mooresville,United States
Viana,Brazil
Susangerd,Iran
Willenhall,United Kingdom
Mangochi,Malawi
Little Elm,United States
Cerca la Source,Haiti
Gabrovo,Bulgaria
Timashevsk,Russia
Encarnacion de Diaz,Mexico
Bootle,United Kingdom
Stratford,United Kingdom
Morrinhos,Brazil
Glendora,United States
Nenton,Guatemala
Koumantou,Mali
Gopalganj,Bangladesh
Boukadir,Algeria
Burien,United States
'Ain Merane,Algeria
Tadmur,Syria
Aliso Viejo,United States
Brandon,Canada
Kalawana,Sri Lanka
Sape,Brazil
Lankaran,Azerbaijan
Kyzyl-Kyya,Kyrgyzstan
Puerto Francisco de Orellana,Ecuador
Cutervo,Peru
Peranampattu,India
Guarne,Colombia
Tamalous,Algeria
Summerville,United States
Raciborz,Poland
Rongat,India
Walin,Nepal
Dartford,United Kingdom
Dabhoi,India
Turmero,Venezuela
Montijo,Portugal
Collierville,United States
Speyer,Germany
Tamiami,United States
Wake Forest,United States
Tirumangalam,India
Herning,Denmark
Salekhard,Russia
Bhavani,India
Hoffman Estates,United States
Puthuppariyaram,India
Mascouche,Canada
Sidlaghatta,India
Arles,France
Korce,Albania
Leopoldina,Brazil
Martin,Slovakia
Tsukubamirai,Japan
Westfield,United States
Columbus,United States
Fuchu,Japan
Barra,Brazil
Brejo Santo,Brazil
Marpalli,India
Bowringpet,India
Sar-e Pul,Afghanistan
Ocampo,Philippines
Bondy,France
Bestavarapeta,India
San Narciso,Philippines
Salo,Finland
Troy,United States
Hodal,India
Aurangabad,India
Fatwa,India
Rosso,Mauritania
Tres Pontas,Brazil
Shimencun,China
Kot Mumin,Pakistan
Weymouth,United Kingdom
Kalba,United Arab Emirates
Iormughanlo,Georgia
Country Club,United States
Andover,United Kingdom
Uman,Mexico
Malkara,Turkey
Burleson,United States
Ciftlikkoy,Turkey
Tucuru,Guatemala
East Honolulu,United States
Teplice,Czechia
Horsham,United Kingdom
Levittown,United States
Cumbernauld,United Kingdom
Pardwal,India
Djamaa,Algeria
Guaxupe,Brazil
Mishawaka,United States
Tobias Barreto,Brazil
Esher,United Kingdom
Kalamansig,Philippines
Kosonsoy,Uzbekistan
Juruti,Brazil
Babila,Syria
Grapevine,United States
Gennevilliers,France
Silkeborg,Denmark
Repalle,India
Cuyahoga Falls,United States
Huaiyang,China
Mabini,Philippines
Skenderaj,Kosovo
Kyotango,Japan
Miyako,Japan
Pontal,Brazil
Campos do Jordao,Brazil
Delano,United States
Vigia,Brazil
Phra Nakhon Si Ayutthaya,Thailand
Livingston,United Kingdom
Nicoya,Costa Rica
Bani Walid,Libya
Karamdiha,India
Enid,United States
Turtkul,Uzbekistan
Geyve,Turkey
Vyara,India
Whangarei,New Zealand
Zabid,Yemen
Mahmudabad,India
Saray,Turkey
Goshogawara,Japan
Milford city,United States
Jarash,Jordan
Zumpango,Mexico
Marigot,Haiti
Elmshorn,Germany
Snezhinsk,Russia
Rio Tinto,Portugal
Hinckley,United Kingdom
Ranchuelo,Cuba
Quirinopolis,Brazil
Royal Leamington Spa,United Kingdom
Bikramganj,India
Agrinio,Greece
Cihanbeyli,Turkey
Goksun,Turkey
Mweka,Congo (Kinshasa)
Chinchina,Colombia
Estancia Velha,Brazil
Lorrach,Germany
Sunamganj,Bangladesh
Emden,Germany
Neath,United Kingdom
Chinnamanur,India
Fafe,Portugal
Cataingan,Philippines
Viramgam,India
Vyazma,Russia
Skien,Norway
Albi,France
Massy,France
Haskah Menah,Afghanistan
Jaru,Brazil
Sakaidecho,Japan
Arao,Japan
Anaiyur,India
Kosamba,India
Saint-Herblain,France
La Calera,Chile
El Dorado Hills,United States
Adeje,Spain
Clacton-on-Sea,United Kingdom
Cava de' Tirreni,Italy
Jaspur,India
Nichinan,Japan
Acireale,Italy
Susono,Japan
Beni Enzar,Morocco
Gloria,Philippines
Irakleio,Greece
El Nido,Philippines
Mahmud-e Raqi,Afghanistan
Amahai,Indonesia
Kotka,Finland
Forbesganj,India
San Ignacio,Paraguay
Haverford,United States
Navirai,Brazil
Hunedoara,Romania
Bas Limbe,Haiti
Tuyserkan,Iran
Laksar,India
Irondequoit,United States
Youfangcun,China
Cabreuva,Brazil
El Talar de Pacheco,Argentina
Bar Bigha,India
Tundla,India
Boa Viagem,Brazil
Bindura,Zimbabwe
Bangued,Philippines
Aringay,Philippines
Tanjombato,Madagascar
Ampitatafika,Madagascar
Chaparral,Colombia
Plaisance,Haiti
Wao,Philippines
Chbar Mon,Cambodia
Ma`an,Jordan
Rosemead,United States
Amulung,Philippines
Karapinar,Turkey
Cojutepeque,El Salvador
Chinu,Colombia
Baghpat,India
Floresti,Romania
Penablanca,Philippines
Rho,Italy
Beveren,Belgium
Donsol,Philippines
Rowley Regis,United Kingdom
Goslar,Germany
Artur Nogueira,Brazil
Bhawanipur Rajdham,India
McLean,United States
Lakewood,United States
Al Hoceima,Morocco
Houten,Netherlands
Yuki,Japan
Willich,Germany
Gombong,Indonesia
Nes Ziyyona,Israel
Ghulakandoz,Tajikistan
Nakagawa,Japan
Palpala,Argentina
Hamada,Japan
Jeffersonville,United States
Gopalpur,Bangladesh
Draper,United States
Gronau,Germany
Qinhe,China
Cardona,Philippines
Covina,United States
Bang Bua Thong,Thailand
Scarborough,United Kingdom
Ercolano,Italy
Sour el Ghozlane,Algeria
Deressia,Chad
Itarare,Brazil
Metpalli,India
Bhadrachalam,India
Francisco I. Madero,Mexico
Sfantu-Gheorghe,Romania
Sao Jose do Rio Pardo,Brazil
Tubod,Philippines
Biaora,India
Yerba Buena,Argentina
Wolossebougou,Mali
Yasu,Japan
Miyoshi,Japan
Hassan Abdal,Pakistan
Mazara del Vallo,Italy
Leith,United Kingdom
Pamplona,Colombia
Erftstadt,Germany
Weert,Netherlands
Krems an der Donau,Austria
Bandar Seri Begawan,Brunei
Kahemba,Congo (Kinshasa)
Gutao,China
Xiayang,China
Dongxishan,China
Xiazhai,China
Jieshangya,China
Saoula,Algeria
'Ain el Turk,Algeria
Semera,Ethiopia
Bogoso,Ghana
Chiplun,India
Saha,India
Sujanpur,India
Shiv,India
Walidpur,India
Qabb Elias,Lebanon
El Ghaziye,Lebanon
Aarsal,Lebanon
Iju,Nigeria
Ikot Okoro,Nigeria
Harderwijk,Netherlands
Sechura,Peru
Chak Thirty-six North Branch,Pakistan
Rukan,Pakistan
Buni,Pakistan
Chak Sixty-one Gugera Branch,Pakistan
Al Wajh,Saudi Arabia
Abu Hamad,Sudan
Godinlabe,Somalia
Ceel Dheere,Somalia
Mao,Chad
Tukuyu,Tanzania
Kyaliwajjala,Uganda
Sakubva,Zimbabwe
Kizlyar,Russia
Louveira,Brazil
Al Kharjah,Egypt
Sihora,India
Chatra,India
Rovigo,Italy
Parasia,India
Satte,Japan
Chake Chake,Tanzania
Middelburg,Netherlands
Chahar Dangeh,Iran
Freising,Germany
Simraungadh,Nepal
Tiflet,Morocco
Muktagacha,Bangladesh
Ejeda,Madagascar
Janin,West Bank
Murray,United States
Shankou,China
Heidenheim,Germany
Al Ma`alla',Yemen
Downers Grove,United States
Stouffville,Canada
Hilsa,India
Poprad,Slovakia
Nanjian,China
Horishni Plavni,Ukraine
Neyriz,Iran
Tepeapulco,Mexico
Rheda-Wiedenbruck,Germany
Pananaw,Philippines
Xankandi,Azerbaijan
Leonberg,Germany
Boaco,Nicaragua
Nohar,India
Ostersund,Sweden
Cerquilho Velho,Brazil
Hannan,Japan
El Meghaier,Algeria
Concepcion,Argentina
Chitral,Pakistan
Straubing,Germany
Novovolynsk,Ukraine
Bhainsa,India
Pontevedra,Philippines
Selibe Phikwe,Botswana
Karvina,Czechia
Perintalmanna,India
Padrauna,India
Finike,Turkey
Bignay,Philippines
Gualan,Guatemala
Ridder,Kazakhstan
Jacqueville,CÙte d'Ivoire
Wagga Wagga,Australia
Cangucu,Brazil
Nanao,Japan
Zyryanovsk,Kazakhstan
Itupiranga,Brazil
Perambalur,India
Lulea,Sweden
Cermik,Turkey
Kirishi,Russia
Noshiromachi,Japan
Coelho Neto,Brazil
Shawinigan,Canada
Aversa,Italy
Rosario,Philippines
Rockwall,United States
Kandangan,Indonesia
Karunagapalli,India
Pirot,Serbia
Cimitarra,Colombia
Sosua,Dominican Republic
Chesterfield,United States
Huancavelica,Peru
Bad Oeynhausen,Germany
Snizhne,Ukraine
St. Louis Park,United States
Florin,United States
Cypress,United States
Kizhake Chalakudi,India
Mojo,Ethiopia
Singen,Germany
Eagle Mountain,United States
Dumarao,Philippines
Sulleru,India
Sesimbra,Portugal
Mpigi,Uganda
Eger,Hungary
North Bethesda,United States
San Pedro,Mexico
Gao,Mali
Peddapuram,India
Bergkamen,Germany
Laval,France
Payyoli,India
Tomisato,Japan
Maria la Baja,Colombia
Santa Lucia del Camino,Mexico
Kameyama,Japan
Monte Alto,Brazil
Majalgaon,India
Noveleta,Philippines
Catemaco,Mexico
Villaguay,Argentina
Uzlovaya,Russia
Perico,Argentina
Battipaglia,Italy
East Brunswick,United States
Ozgon,Kyrgyzstan
Pen-y-Bont ar Ogwr,United Kingdom
Nowshahr,Iran
Prudentopolis,Brazil
Suzaka,Japan
Scandicci,Italy
Kemer,Turkey
Kiblawan,Philippines
Karlovac,Croatia
Santiago,Brazil
Karlovy Vary,Czechia
Arifiye,Turkey
Mulukuku,Nicaragua
Sebeta,Ethiopia
San Severo,Italy
Bagumbayan,Philippines
Haripur,Pakistan
Azusa,United States
Mbouda,Cameroon
Goba,Ethiopia
Kapadvanj,India
Mailiao,Taiwan
Edenvale,South Africa
Odiongan,Philippines
Lawrence,United States
Asakura,Japan
Wandan,Taiwan
Higashiura,Japan
Joliette,Canada
Coral Gables,United States
Everett,United States
Zargar,Tajikistan
Agustin Codazzi,Colombia
Barnstable,United States
Tuodian,China
Tennala,India
Baicheng,China
Moreno,Brazil
Cintalapa de Figueroa,Mexico
Saint-Priest,France
Carmen,Philippines
Bedford,United States
Midori,Japan
Samaniego,Colombia
Yong'an,China
Qalat,Afghanistan
Kaedi,Mauritania
Notse,Togo
Ramnagar,India
Tunuyan,Argentina
Frankenthal,Germany
San Marcos,Guatemala
Hikari,Japan
Luwero,Uganda
Malabang,Philippines
Nahuizalco,El Salvador
Antelope,United States
Bornheim,Germany
Pio Duran,Philippines
Naugachhia,India
Ardea,Italy
Bulancak,Turkey
Vinzons,Philippines
La Libertad,Guatemala
Port-Vila,Vanuatu
Dublin,United States
Oamishirasato,Japan
Misterbianco,Italy
Portage,United States
Biloxi,United States
Nizampur,India
Titusville,United States
Zhexiang,China
Farajok,South Sudan
Song Doc,Vietnam
Jaggisettigudem,India
Dulag,Philippines
Euclid,United States
Changyon,North Korea
Valladolid,Mexico
Suwa,Japan
Acarau,Brazil
Libona,Philippines
Eltham,United Kingdom
Washington,United States
Fouka,Algeria
Naikankudi,India
Rimouski,Canada
Suresnes,France
Cesme,Turkey
Al Mayadin,Syria
Ceres,United States
Bigadic,Turkey
Courtenay,Canada
Alcala,Philippines
Slonim,Belarus
Upplands Vasby,Sweden
`Akko,Israel
Kangar,Malaysia
Panay,Philippines
Dumingag,Philippines
Figueras,Spain
University,United States
Nomimachi,Japan
Jimenez,Mexico
Hampstead,United Kingdom
Couva,Trinidad and Tobago
Godda,India
Telerghma,Algeria
Empoli,Italy
Tajura',Libya
Badurpalle,India
Santo Domingo Suchitepequez,Guatemala
Vertientes,Cuba
Martigues,France
Stillwater,United States
Yonglonghe,China
Waalwijk,Netherlands
Shimotsucho-kominami,Japan
Kingisepp,Russia
Ain Fakroun,Algeria
Cacongo,Angola
Chikugo,Japan
Svobodnyy,Russia
Leesburg,United States
Rye,United States
Jales,Brazil
Nikaweratiya,Sri Lanka
Ocotal,Nicaragua
Sanare,Venezuela
El`ad,Israel
Sesto Fiorentino,Italy
Tunglangan,Indonesia
Tucano,Brazil
Lal-lo,Philippines
Verrettes,Haiti
Centenario,Argentina
Cuxhaven,Germany
Ostroleka,Poland
Stade,Germany
Boucan Carre,Haiti
Dongzhang,China
Takahama,Japan
Mladenovac,Serbia
Koduvalli,India
Garmsar,Iran
Grasse,France
Guntakal Junction,India
Gooty,India
Mantova,Italy
Roman,Romania
Barendrecht,Netherlands
Colcapirhua,Bolivia
Amora,Portugal
Caraballeda,Venezuela
Zajecar,Serbia
Bantval,India
Barotac Viejo,Philippines
Bothell,United States
Tuckahoe,United States
Angol,Chile
Leiktho,Burma
Batajnica,Serbia
Namtu,Burma
Arakli,Turkey
Nushki,Pakistan
Zhigulevsk,Russia
Torquay,United Kingdom
Sao Joaquim da Barra,Brazil
Omitama,Japan
Masagua,Guatemala
Cedar Hill,United States
Cwmbran,United Kingdom
Inabanga,Philippines
Suzukawa,Japan
Nyaungu,Burma
Siocon,Philippines
Kilvisharam,India
Alsdorf,Germany
Begoro,Ghana
Poway,United States
Liujiaxia,China
Oranienburg,Germany
Khairabad,India
'Ain Azel,Algeria
Jasdan,India
Etterbeek,Belgium
Upperu,India
Kawkareik,Burma
Cine,Turkey
Pedreira,Brazil
Chieti,Italy
Mangalapadi,India
Orangetown,United States
Wakema,Burma
Dollard-des-Ormeaux,Canada
Welwyn Garden City,United Kingdom
Damavand,Iran
Minalin,Philippines
Erlin,Taiwan
Lidingo,Sweden
Aksay,Russia
Waterford,Ireland
Vincennes,France
Vich,Spain
Beypazari,Turkey
Landau,Germany
Collegno,Italy
Cerritos,United States
Kalima,Congo (Kinshasa)
Dachau,Germany
San Pedro Mixtepec,Mexico
Evreux,France
IJmuiden,Netherlands
Mandeville,Jamaica
Upper Buchanan,Liberia
Tuba,Philippines
Levakant,Tajikistan
Kokkola,Finland
Monroe,United States
Vite,India
Kara-Balta,Kyrgyzstan
West Orange,United States
Jiashizhuangcun,China
Ishigaki,Japan
Mahayag,Philippines
Douar Laouamra,Morocco
Soest,Germany
Berastagi,Indonesia
Chhagalnaiya,Bangladesh
Titao,Burkina Faso
Morden,United Kingdom
Lesnoy,Russia
Dongshan,China
Hilo,United States
Duyen Hai,Vietnam
Santa Rita,Philippines
Shakhtarsk,Ukraine
Homnabad,India
Joshimath,India
Niagara Falls,United States
Sanmu,Japan
Qulicun,China
Hennef,Germany
Yamaga,Japan
Smethwick,United Kingdom
Qasbat Tadla,Morocco
Hagere Hiywet,Ethiopia
Shuishang,Taiwan
Florida,Argentina
Playas,Ecuador
Gumia,India
Alta Gracia,Argentina
Aziylal,Morocco
Shenze,China
Kirkcaldy,United Kingdom
Ciudad Fernandez,Mexico
El Tambo,Colombia
Fort Pierce,United States
Faya,Chad
Bokaro,India
Ami,Japan
Durham,United Kingdom
Dornbirn,Austria
Bacolor,Philippines
Balimbing,Philippines
Scafati,Italy
San Luis Obispo,United States
Bayburt,Turkey
Nettuno,Italy
Bocaiuva,Brazil
Colonia del Sol,Mexico
Aquidauana,Brazil
Kanye,Botswana
Gava,Spain
Liutuancun,China
Santangpai,China
Nangal Township,India
Soyagaon,India
Tunduru,Tanzania
Ena,Japan
Monopoli,Italy
Yongping,China
Cuetzalan,Mexico
Ash Shaykh Badr,Syria
Kasuya,Japan
Iwakura,Japan
Basoko,Congo (Kinshasa)
Krasnokamsk,Russia
Sadaseopet,India
Antiguo Cuscatlan,El Salvador
New Washington,Philippines
Koumra,Chad
Hoskote,India
Barras,Brazil
Clondalkin,Ireland
Dulmen,Germany
Carepa,Colombia
Minot,United States
Birendranagar,Nepal
Acu,Brazil
North Highlands,United States
Mairena del Aljarafe,Spain
Vila Verde,Portugal
Tibigan,Philippines
Ocoee,United States
Borovichi,Russia
Dyero,Mali
Chong Nonsi,Thailand
Baguanos,Cuba
Golpayegan,Iran
Jalandhar Cantonment,India
Cornwall,Canada
La Reja,Argentina
Horsholm,Denmark
Pativilca,Peru
Roswell,United States
Cosquin,Argentina
Jiquilisco,El Salvador
Monte Santo,Brazil
Luwuk,Indonesia
Manacor,Spain
Victoriaville,Canada
Bhatkal,India
Higashine,Japan
Al Majma`ah,Saudi Arabia
Wilson,United States
Agueda,Portugal
Bilhorod-Dnistrovskyi,Ukraine
Lowestoft,United Kingdom
Aubagne,France
Egg Harbor,United States
Al Madrah Sama'il,Oman
Wauwatosa,United States
Tremembe,Brazil
Dungarpur,India
Mamburao,Philippines
Diamantina,Brazil
Chandrawada,India
Kamidani,Japan
Zawiercie,Poland
Ocosingo,Mexico
Glenview,United States
Vale de Cavalos,Portugal
Queimadas,Brazil
Ambatondrazaka,Madagascar
Pabellon de Arteaga,Mexico
Middletown,United States
Rasskazovo,Russia
Georgina,Canada
Sao Benedito,Brazil
Tonami,Japan
Kefamenanu,Indonesia
San Lorenzo,Argentina
Invercargill,New Zealand
Longchamps,Argentina
Gracias,Honduras
Esplugas de Llobregat,Spain
Evesham,United States
Ono,Japan
Chetouane,Algeria
Yumbe,Uganda
Oro Valley,United States
Hitachi-ota,Japan
Araci,Brazil
Dumka,India
`Amuda,Syria
Yecun,China
Catriel,Argentina
Helsingor,Denmark
Akonolinga,Cameroon
Chioggia,Italy
Sogod,Philippines
Jendouba,Tunisia
Pampan,Venezuela
Lamia,Greece
Puerto Lempira,Honduras
Hammam Sousse,Tunisia
Solnechnogorsk,Russia
Bunawan,Philippines
Rengam,Malaysia
Gaocheng,China
Okaya,Japan
Buena Vista Tomatlan,Mexico
Azna,Iran
Changanacheri,India
Dalaman,Turkey
Poso,Indonesia
Campi Bisenzio,Italy
Bastia,France
Umarkhed,India
Altos,Brazil
Serowe,Botswana
Liuhu,China
Indija,Serbia
Perth,United Kingdom
Huichapan,Mexico
Zutphen,Netherlands
Atarra,India
La Vega,Colombia
Malinao,Philippines
Nanto,Japan
Melle,Germany
Lousada,Portugal
Inverness,United Kingdom
Villa Constitucion,Argentina
Chenalho,Mexico
Penco,Chile
Voluntari,Romania
Vryheid,South Africa
Dikili,Turkey
Barnet,United Kingdom
Folkestone,United Kingdom
Jobabo,Cuba
General Martin Miguel de Guemes,Argentina
Sumisip,Philippines
Brea,United States
Alcira,Spain
Kifisia,Greece
Azhikkod,India
Azhikkal,India
Rio de Mouro,Portugal
Arsenyev,Russia
Loum,Cameroon
Talghar,Kazakhstan
Sao Jose de Mipibu,Brazil
Yomra,Turkey
San Andres de Sotavento,Colombia
Mataquescuintla,Guatemala
Tome-Acu,Brazil
Gosen,Japan
Rancho Santa Margarita,United States
Saint-Malo,France
Cunen,Guatemala
Oued Sly,Algeria
Ayapel,Colombia
Vikramasingapuram,India
Clorinda,Argentina
Roseville,United States
Waspan,Nicaragua
Jiaganj,India
Manapparai,India
Vinhedo,Brazil
Mentor,United States
Kasumbalesa,Congo (Kinshasa)
As Sa`diyah,Iraq
Zhongtanying,China
Kikugawa,Japan
Winter Garden,United States
Albuera,Philippines
Rivoli,Italy
Newark,United States
Takeocho-takeo,Japan
Yabrud,Syria
Henrietta,United States
Urrao,Colombia
Perinton,United States
Sidrolandia,Brazil
Capao Bonito,Brazil
Cumanayagua,Cuba
Paderno Dugnano,Italy
Ayungon,Philippines
Pilar,Philippines
Neunkirchen,Germany
Blois,France
Nancaicun,China
Cantel,Guatemala
La Courneuve,France
Sowme`eh Sara,Iran
Mattanur,India
Campobasso,Italy
Herzogenrath,Germany
Qingyuan,China
Zarzal,Colombia
San Justo,Argentina
Chaidari,Greece
Dracena,Brazil
Hagaribommanahalli,India
Pallipalaiyam,India
Corato,Italy
Calimaya,Mexico
Chomutov,Czechia
Bruchsal,Germany
Dahutang,China
Saranambana,Madagascar
El Hamma,Tunisia
Al Balyana,Egypt
Banisilan,Philippines
Haeryong,South Korea
Casalnuovo di Napoli,Italy
Liulin,China
Viti,Kosovo
Santo Domingo,Cuba
Otradnyy,Russia
Jitaicun,China
Cuilapa,Guatemala
East Providence,United States
Yarim,Yemen
Goose Creek,United States
Hof,Germany
San Benedetto del Tronto,Italy
Nandikotkur,India
La Mirada,United States
Denia,Spain
Tomioka,Japan
Hyvinkaa,Finland
Huntsville,United States
Selu,India
Stretford,United Kingdom
Soest,Netherlands
Matay,Egypt
Mela Gudalur,India
Martina Franca,Italy
Valencia,Colombia
Campo Maior,Brazil
Borgne,Haiti
Kabasalan,Philippines
Pocoes,Brazil
Lecco,Italy
Banbury,United Kingdom
Beckenham,United Kingdom
Noboribetsu,Japan
Albstadt,Germany
Joao Pinheiro,Brazil
Decin,Czechia
Lorenskog,Norway
Nanzhuangzhen,China
Greenford,United Kingdom
Rowland Heights,United States
Beavercreek,United States
Santiago,Mexico
Isabel,Philippines
Ayr,United Kingdom
San Jacinto de Buena Fe,Ecuador
Teotihuacan,Mexico
Santa Ana Chiautempan,Mexico
Los Banos,United States
Al Qusayr,Syria
Araioses,Brazil
Brive-la-Gaillarde,France
Prescott,United States
Lukavac,Bosnia and Herzegovina
Prinzapolka,Nicaragua
Jesus Menendez,Cuba
Sanuki,Japan
La Jagua de Ibirico,Colombia
Meudon,France
Taebaek,South Korea
Stepnogorsk,Kazakhstan
Guaramirim,Brazil
Cologno Monzese,Italy
Woodstock,Canada
Punalur,India
Kampli,India
Yashan,China
Ramat HaSharon,Israel
La Caleta,Dominican Republic
South Brunswick,United States
Kuilsrivier,South Africa
Rodgau,Germany
Norala,Philippines
Nellikkuppam,India
Daxiang,China
Hioki,Japan
Ridderkerk,Netherlands
Gallatin,United States
Dongnanyanfa,China
Padra,India
Okhtyrka,Ukraine
Fujiyoshida,Japan
Muara Teweh,Indonesia
Libertador General San Martin,Argentina
El Dorado,Mexico
Puerto Villarroel,Bolivia
Donetsk,Russia
Langford Station,Canada
Obra,India
Schwerte,Germany
Faratsiho,Madagascar
Nakai,Japan
Quinte West,Canada
Montevista,Philippines
Yurga,Russia
San Feliu de Llobregat,Spain
Schagen,Netherlands
Al Aaroui,Morocco
Olive Branch,United States
Lucaya,"Bahamas, The"
Aland,India
Dori,Burkina Faso
Tuy,Philippines
Punal,Dominican Republic
Livry-Gargan,France
Hadithah,Iraq
Attleboro,United States
Lower Tungawan,Philippines
Swietochlowice,Poland
Jarvenpaa,Finland
Vuyyuru,India
Cordon,Philippines
Kadinamkulam,India
Corroios,Portugal
Manvi,India
Jeomchon,South Korea
Wejherowo,Poland
Santa Cruz do Rio Pardo,Brazil
Nelson,New Zealand
Skierniewice,Poland
Kita,Mali
Salina,United States
Carcassonne,France
Mlada Boleslav,Czechia
Rio Tercero,Argentina
Pakenham,Australia
Sardasht,Iran
La Independencia,Mexico
Quva,Uzbekistan
Lissone,Italy
Kurganinsk,Russia
Starogard Gdanski,Poland
Nilambur,India
Shahezhai,China
Kilmarnock,United Kingdom
Marino,Italy
Farmington,United States
Cuihua,China
La Tebaida,Colombia
Bhalki,India
Gotha,Germany
Filderstadt,Germany
Genova,Guatemala
Mrirt,Morocco
Halle-Neustadt,Germany
Pagalungan,Philippines
Montrouge,France
Starachowice,Poland
Vidin,Bulgaria
Kurayoshi,Japan
Farim,Guinea-Bissau
Whitney,United States
Cobija,Bolivia
Zhongzhai,China
Douera,Algeria
Anandpur,India
Capannori,Italy
Koure,Niger
Santurce-Antiguo,Spain
Takashima,Japan
Nichelino,Italy
Pilar,Philippines
Talisay,Philippines
Narvacan,Philippines
Potomac,United States
Jablonec nad Nisou,Czechia
Arandelovac,Serbia
Santana do Ipanema,Brazil
Izunokuni,Japan
Shimeo,Japan
Fellbach,Germany
Lawas,Malaysia
Tingo Maria,Peru
Nong Khai,Thailand
Memmingen,Germany
Labutta,Burma
Chefchaouene,Morocco
Puerto Tejada,Colombia
Zhob,Pakistan
Seabra,Brazil
Uzynaghash,Kazakhstan
Mislata,Spain
Weldiya,Ethiopia
Tlalmanalco,Mexico
Choisy-le-Roi,France
Limache,Chile
Uniao,Brazil
Manono,Congo (Kinshasa)
Casimiro de Abreu,Brazil
Myrnohrad,Ukraine
Borca,Serbia
Sumpango,Guatemala
Kasaoka,Japan
Sapanca,Turkey
Jammalamadugu,India
Beringen,Belgium
Acaxochitlan,Mexico
Garhwa,India
Sikandra Rao,India
Cavaillon,Haiti
Aourir,Morocco
Bothaville,South Africa
Urbandale,United States
Tomboco,Angola
Nawashahr,India
Strongsville,United States
Trenque Lauquen,Argentina
Ranavav,India
Mairinque,Brazil
Arlington,United States
Olimpia,Brazil
Bihat,India
Gahini,Rwanda
Mindat,Burma
Bajil,Yemen
Huilongcun,China
Camp Perrin,Haiti
Isiolo,Kenya
Amboasary,Madagascar
Longtancun,China
Harasta,Syria
Ban Bang Mae Nang,Thailand
Donggang,Taiwan
Kikuchi,Japan
San Rafael,Costa Rica
Dingle,Philippines
Jaguaquara,Brazil
Markala,Mali
Santiago,Panama
Coonoor,India
Wodzislaw Slaski,Poland
Rosny-sous-Bois,France
Thoubal,India
Tamagawa,Japan
Paraguacu Paulista,Brazil
Freeport City,"Bahamas, The"
Bridgewater,United States
Ourem,Portugal
Lupao,Philippines
Noisy-le-Sec,France
Hokota,Japan
Lumba-a-Bayabao,Philippines
Joal-Fadiout,Senegal
Koupela,Burkina Faso
Campo Novo do Parecis,Brazil
Chepen,Peru
Bunde,Germany
Stavroupoli,Greece
Arendal,Norway
Dharmaragar,India
Juina,Brazil
Talence,France
Parys,South Africa
Bucak,Turkey
Middletown,United States
Tallbisah,Syria
Chajari,Argentina
Igarape,Brazil
Pakaur,India
Settimo Torinese,Italy
Shima,Japan
Cheshunt,United Kingdom
Vyshniy Volochek,Russia
Shertallai,India
Havant,United Kingdom
Tan-Tan,Morocco
Aribinda,Burkina Faso
Hexiwu,China
Pahrump,United States
Phan Ri Cua,Vietnam
Velingrad,Bulgaria
Kaufbeuren,Germany
Nawai,India
Salvador,Cuba
Badrashni,Pakistan
Ouled Moussa,Algeria
Borgerhout,Belgium
Gollalagunta,India
Hackensack,United States
Dongsu,China
Kariya,Japan
Tantangan,Philippines
Dialakorodji,Mali
Wentzville,United States
St. Thomas,Canada
Maluso,Philippines
Rajgarh,India
Muradiye,Turkey
La Goulette,Tunisia
Plainfield,United States
Changchong,China
Yambio,South Sudan
Haltom City,United States
Santa Maria Huatulco,Mexico
Farrukhnagar,India
Dendermonde,Belgium
Hokuto,Japan
Puttalam,Sri Lanka
Shangpa,China
Altamonte Springs,United States
Belfort,France
Lohja,Finland
Porangatu,Brazil
Chattamangalam,India
Jones,Philippines
Remedios,Cuba
Tangdukou,China
Tindouf,Algeria
El Valle del Espiritu Santo,Venezuela
Qianjiang Shequ,China
La Calera,Argentina
Keller,United States
Kitakata,Japan
Odenton,United States
Caiguantun,China
Nueva Gerona,Cuba
Baiji,China
Ascoli Piceno,Italy
Alfortville,France
Kirkby,United Kingdom
Mauriti,Brazil
Ashburn,United States
Rio Cauto,Cuba
Guacharachi,Mexico
Talagutong,Philippines
Kumta,India
Elmhurst,United States
Busaar,Somalia
Cuautepec de Hinojosa,Mexico
Manchester,United States
Sangarebougou,Mali
Bruhl,Germany
Rovenky,Ukraine
Veldhoven,Netherlands
Canela,Brazil
Voi,Kenya
Warud,India
Pandhurna,India
Salisbury,United Kingdom
Gaya,Niger
Bafq,Iran
Surcin,Serbia
Labrea,Brazil
Kerkrade,Netherlands
Mount Laurel,United States
Carnot,Central African Republic
Birak,Libya
Ganapathivattam,India
San Pelayo,Colombia
Olhao,Portugal
East Lansing,United States
Fuxing,Taiwan
Mbulu,Tanzania
Palayan City,Philippines
Jipijapa,Ecuador
Weinheim,Germany
Gobardanga,India
Pyrgos,Greece
Sao Bento do Una,Brazil
Erith,United Kingdom
San Antonio Abad,Spain
Nazarovo,Russia
West Seneca,United States
San Isidro,Costa Rica
Neustadt am Rubenberge,Germany
Ciudad de Huajuapam de Leon,Mexico
Karmiel,Israel
Vallenar,Chile
Gaoua,Burkina Faso
Yatagan,Turkey
Rieti,Italy
Webster,United States
Saint-Eustache,Canada
Brentwood,United States
Pulawy,Poland
Tayug,Philippines
Misseni,Mali
Vyksa,Russia
Sayreville,United States
Rada`,Yemen
Nadym,Russia
Kelo,Chad
Jaragua,Brazil
Chimteppa,Tajikistan
Gracanica,Bosnia and Herzegovina
Cornelio Procopio,Brazil
Vercelli,Italy
Sierra Vista,United States
Ashton,United Kingdom
Puertollano,Spain
Gaoua,Burkina Faso
Drachten,Netherlands
Jukal,India
Medemblik,Netherlands
Paterno,Italy
Inongo,Congo (Kinshasa)
Bani `Ubayd,Egypt
Presidente Dutra,Brazil
Morgan Hill,United States
Garango,Burkina Faso
Hassi Messaoud,Algeria
Pau d'Alho,Brazil
Basud,Philippines
Surbiton,United Kingdom
Numata,Japan
Seoni Malwa,India
Massigui,Mali
Montemorelos,Mexico
Castleford,United Kingdom
Kwaggafontein,South Africa
Chalungalpadam,India
Aguilar,Philippines
Nanchang,China
Lehrte,Germany
Bingmei,China
Bountiful,United States
Littleton,United States
Sete,France
Pearl City,United States
Concepcion,Paraguay
Krosno,Poland
Arantangi,India
Nayudupet,India
Soliman,Tunisia
Maracaju,Brazil
Caete,Brazil
Haugesund,Norway
Naj` Hammadi,Egypt
Sundargarh,India
Bac Kan,Vietnam
Abqaiq,Saudi Arabia
Lancaster,United States
Ales,France
Prievidza,Slovakia
Bilacari,Azerbaijan
Lake Ridge,United States
Falkensee,Germany
Heusden,Netherlands
Shchuchinsk,Kazakhstan
Lapa,Brazil
Shakopee,United States
Pinamar,Argentina
Baba I,Cameroon
Rabinal,Guatemala
Mahalingpur,India
Bhayala,India
Nalegaon,India
Muddebihal,India
Kedgaon,India
Sachin,India
Alamuru,India
Qarabulaq,Kazakhstan
Pakxan,Laos
Batroun,Lebanon
Shahhat,Libya
Kanganpur,Pakistan
Parma,Russia
Kutum,Sudan
Nimule,South Sudan
Jedeida,Tunisia
Dig,India
Hekou,China
Palm Springs,United States
Naestved,Denmark
Barnagar,India
Tank,Pakistan
Clermont,United States
Marhanets,Ukraine
Izium,Ukraine
Tres Valles,Mexico
Timbo,Brazil
Angadanan,Philippines
Acopiara,Brazil
Maria Aurora,Philippines
Riverton,United States
Astaneh-ye Ashrafiyeh,Iran
Inuma,Japan
Seregno,Italy
The Colony,United States
Pederneiras,Brazil
Catford,United Kingdom
Tarnobrzeg,Poland
Port Loko,Sierra Leone
Borlange,Sweden
Charkhi Dadri,India
Azarshahr,Iran
Mankato,United States
Buguias,Philippines
Sagua de Tanamo,Cuba
Shangshan,China
Shazhou,China
Dois Vizinhos,Brazil
Bolivar,Colombia
Guledagudda,India
Al `Aziziyah,Iraq
Tateyama,Japan
Parigi,Indonesia
Rameswaram,India
Santiago Atitlan,Guatemala
Xinji,China
Nurmijarvi,Finland
Port Macquarie,Australia
Colotenango,Guatemala
Nasipit,Philippines
`Ayn al `Arab,Syria
Barru,Indonesia
Santa Barbara,Guatemala
Merksem,Belgium
West Lafayette,United States
Santana do Paraiso,Brazil
Manjuyod,Philippines
Sao Lourenco,Brazil
Balcarce,Argentina
Pemangkat,Indonesia
Pemangkat,Indonesia
Tiruttani,India
Chusovoy,Russia
Sakura,Japan
Zwijndrecht,Netherlands
Chichigalpa,Nicaragua
Portugalete,Spain
Liuquancun,China
Brianka,Ukraine
Xique-Xique,Brazil
Pinneberg,Germany
Mount Pleasant,United States
Kenge,Congo (Kinshasa)
Cascina,Italy
Itaberai,Brazil
Worksop,United Kingdom
San Pedro Perulapan,El Salvador
Melur,India
Terracina,Italy
Dhupgari,India
Kafr al Battikh,Egypt
Lodi,Italy
Flores,Guatemala
Moorhead,United States
Yaopu,China
Cleveland Heights,United States
Tangjiacun,China
Chebarkul,Russia
Katipunan,Philippines
Zamalka,Syria
Bharella,Bangladesh
North Lauderdale,United States
Pyu,Burma
Puerto del Rosario,Spain
Dowlaiswaram,India
Concepcion,Philippines
Dolores,Philippines
Conceicao do Araguaia,Brazil
Xiluo,Taiwan
Saint-Brieuc,France
Jacaltenango,Guatemala
Kitgum,Uganda
Sainthia,India
Gogrial,South Sudan
Mamanguape,Brazil
Fairfield,United States
Grabouw,South Africa
Chalon-sur-Saone,France
Upper Bicutan,Philippines
Augusto Correa,Brazil
Erkelenz,Germany
Tori-Bossito,Benin
Alcamo,Italy
Guisa,Cuba
Jangamguda,India
Arboletes,Colombia
Cayambe,Ecuador
Salon-de-Provence,France
Mach,Pakistan
Mawlaik,Burma
Garca,Brazil
San Vicente,Argentina
Tarbes,France
Gori,Georgia
Otwock,Poland
Tarutung,Indonesia
Nsawam,Ghana
Cyanika I,Rwanda
Sicklerville,United States
Culasi,Philippines
Fond du Lac,United States
Jalacingo,Mexico
Petatlan,Mexico
Cutler Bay,United States
Shekhupur,India
Masuda,Japan
Wiener Neustadt,Austria
Tsiroanomandidy,Madagascar
Rohnert Park,United States
Banaybanay,Philippines
San Pascual,Philippines
Radomsko,Poland
Karvarakundu,India
Sao Sebastiao do Passe,Brazil
Nova Kakhovka,Ukraine
Rapur,India
Tejutla,Guatemala
Abu al Matamir,Egypt
Siyana,India
Abovyan,Armenia
Angul,India
Bacnotan,Philippines
Rajaldesar,India
Robe,Ethiopia
Kandiaro,Pakistan
Elmadag,Turkey
Tongoma,Sierra Leone
Alajuela,Costa Rica
Yaoquan,China
Santo Antonio da Platina,Brazil
Bulalacao,Philippines
Dalli Rajhara,India
Houbu,China
Nandigama,India
Beigangwa,China
Vlissingen,Netherlands
Kanash,Russia
Pattani,Thailand
San Jacinto,Philippines
Bonou,Benin
San Juan y Martinez,Cuba
Eqlid,Iran
Iwanuma,Japan
Kolobrzeg,Poland
Mochudi,Botswana
Kaimana,Indonesia
Sao Miguel d'Oeste,Brazil
Pagsanjan,Philippines
Changtoushang,China
Karabulak,Russia
Jisr ash Shughur,Syria
Nanjo,Japan
Nanmengcun,China
Deinze,Belgium
General Mamerto Natividad,Philippines
Oakley,United States
Barwah,India
Birsk,Russia
Chauk,Burma
Daman,India
Labangan,Philippines
Drama,Greece
Sonqor,Iran
Medak,India
Talipparamba,India
Mantes-la-Jolie,France
Huatan,Taiwan
Salem,United States
Tineghir,Morocco
Manakara,Madagascar
Iznik,Turkey
Jora,India
Loon,Philippines
Berkeley,United States
Ruyigi,Burundi
Kalaa Srira,Tunisia
Ananipalle,India
Concord,United States
Wilkes-Barre,United States
Majurwa,India
Kaarst,Germany
Cateel,Philippines
Hammam-Lif,Tunisia
Miliana,Algeria
Tiberias,Israel
Yangiyer,Uzbekistan
Puteaux,France
North Fort Myers,United States
El Centro,United States
Regla,Cuba
Maitum,Philippines
Germencik,Turkey
Al `Ayyat,Egypt
Rio Grande da Serra,Brazil
Baskale,Turkey
Las Matas de Farfan,Dominican Republic
Raisen,India
Albufeira,Portugal
Harsin,Iran
Turnhout,Belgium
Central Signal Village,Philippines
Mandaon,Philippines
West Vancouver,Canada
Ogimachi,Japan
Hagi,Japan
Daijiazhuang,China
Togo,Japan
Tlajomulco de Zuniga,Mexico
Freeport,United States
Roghun,Tajikistan
Zevenaar,Netherlands
Lubny,Ukraine
Talata-maty,Madagascar
Saratoga Springs,United States
Noordwijk,Netherlands
Janakammapeta,India
Georgetown,Canada
Alhaurin de la Torre,Spain
Otofuke,Japan
Sihora,India
Debica,Poland
San Vicente de Tagua Tagua,Chile
Guinayangan,Philippines
Istres,France
Al Midhnab,Saudi Arabia
Nocera Inferiore,Italy
Wismar,Germany
Murshidabad,India
Senigallia,Italy
Vilvoorde,Belgium
Oakland Park,United States
Fastiv,Ukraine
Ahmadpur,India
Kangayam,India
Kiselevsk,Russia
Xonobod,Uzbekistan
Tinajdad,Morocco
Seohara,India
Yuchengcun,China
La Paz,Honduras
Mucaba,Angola
San Jose,Philippines
Columbia,United States
Guerra,Dominican Republic
Coatbridge,United Kingdom
New Tecumseth,Canada
Casale,Haiti
Gifhorn,Germany
Labason,Philippines
Yuanli,Taiwan
Yakacik,Turkey
Shahr-e Babak,Iran
Bakamune,Sri Lanka
Goshikicho-aihara-minamidani,Japan
Serrana,Brazil
Monte Carmelo,Brazil
Wankaner,India
Loreto,Philippines
Zongolica,Mexico
Greenacres,United States
Etten-Leur,Netherlands
Hicksville,United States
North Brunswick,United States
Addanki,India
Hinatuan,Philippines
Wallsend,United Kingdom
Lompoc,United States
Yirga `Alem,Ethiopia
Nidadavole,India
Bietigheim-Bissingen,Germany
Ciudad Constitucion,Mexico
Beni Saf,Algeria
Erkrath,Germany
Xinjun,China
Bellinzona,Switzerland
Baler,Philippines
Varazdin,Croatia
Gryazi,Russia
Anekal,India
Azadshahr,Iran
Jaro,Philippines
Sugito,Japan
Trujillo Alto,Puerto Rico
Salto de Pirapora,Brazil
Himi,Japan
Shyorongi,Rwanda
Zabki,Poland
Badian,Philippines
Thun,Switzerland
Kottangara,India
Murzuq,Libya
Lombard,United States
Venray,Netherlands
Kalilangan,Philippines
Takab,Iran
Mastaga,Azerbaijan
Cameron Highlands,Malaysia
Bushenyi,Uganda
Porsa,India
Bodupal,India
Melun,France
Tanghin-Dassouri,Burkina Faso
Ramachandrapuram,India
Bagneux,France
Chembra,India
Spanish Fork,United States
Jinku,China
Heinsberg,Germany
Shinshiro,Japan
Linden,United States
Nijkerk,Netherlands
Bouknadel,Morocco
San Isidro,Argentina
Roslavl,Russia
Of,Turkey
Waxahachie,United States
Borken,Germany
Santa Elena,Philippines
Raduzhnyy,Russia
Roseller Lim,Philippines
Villeta,Colombia
Kumatori,Japan
Prostejov,Czechia
Pittsfield,United States
Uruara,Brazil
Mozhga,Russia
Gabu,Guinea-Bissau
Cove,Benin
Guambog,Philippines
'Ain Arnat,Algeria
Alcantarilla,Spain
Channelview,United States
Presidente Epitacio,Brazil
Kyustendil,Bulgaria
Shoranur,India
Ksar,Mauritania
Rheden,Netherlands
Panambi,Brazil
Ormond Beach,United States
Kiraz,Turkey
Newnan,United States
Cimerak,Indonesia
Ponte de Lima,Portugal
Bahia Honda,Cuba
Caluire-et-Cuire,France
Hillsborough,United States
Sile,Turkey
Moises Padilla,Philippines
Paoskoto,Senegal
Al Kiswah,Syria
Hokuto,Japan
Potchefstroom,South Africa
Pedro Celestino Negrete,Mexico
Toboso,Philippines
Woodbridge,United States
Kikuyo,Japan
Holly Springs,United States
Danville,United States
Nettetal,Germany
Kilosa,Tanzania
Frosinone,Italy
Loreto,Mexico
Victoria,Philippines
G'ijduvon Shahri,Uzbekistan
Anse Rouge,Haiti
Severomorsk,Russia
Actopan,Mexico
De Bilt,Netherlands
Aurich,Germany
Nilothi,India
Dounan,Taiwan
Trelleborg,Sweden
Yutiancun,China
Reze,France
Isla,Mexico
Jambusar,India
Xihuachi,China
Sawakin,Sudan
Burke,United States
Innisfil,Canada
Turda,Romania
Shinas,Oman
Hueyapan de Ocampo,Mexico
El Cua,Nicaragua
General Pacheco,Argentina
Kottoppadam,India
Douar Bni Malek,Morocco
El Asintal,Guatemala
Zhongbu,Taiwan
Lota,Chile
San Clemente,Chile
Andes,Colombia
Vaudreuil-Dorion,Canada
Alenquer,Portugal
Huber Heights,United States
Vargem Grande,Brazil
San Sebastian Huehuetenango,Guatemala
Konarak,Iran
Aleksinac,Serbia
Paso de los Libres,Argentina
Ocozocoautla de Espinosa,Mexico
Mahallat,Iran
West Babylon,United States
Kula,Turkey
Khawr Fakkan,United Arab Emirates
Chalons-en-Champagne,France
Braintree,United Kingdom
Ambasamudram,India
Vergina,Greece
Veroia,Greece
Laurel,Philippines
Yeola,India
Nagaizumi,Japan
Shanshan,China
South Upi,Philippines
Kapan,Armenia
Aguazul,Colombia
Darcheh,Iran
Berchem,Belgium
Alimos,Greece
Dock Sur,Argentina
Delaware,United States
San al Hajar al Qibliyah,Egypt
Sonaguera,Honduras
Zhangliangcun,China
Baniyas,Syria
Kozlu,Turkey
Chicaman,Guatemala
Cumaribo,Colombia
Maissade,Haiti
Svitlovodsk,Ukraine
Schertz,United States
Khutubi,China
Rantepao,Indonesia
Kayalpattanam,India
Kobayashi,Japan
Inabe,Japan
Sanjiao,China
Vargem Grande do Sul,Brazil
North Miami Beach,United States
Macenta,Guinea
Et Taiyiba,Israel
Bakau,"Gambia, The"
Taketoyo,Japan
Rudauli,India
Hatfield,United Kingdom
Voorburg,Netherlands
Lucena,Spain
Chateauroux,France
Dhaka,India
Woonsocket,United States
Lubao,Congo (Kinshasa)
Tesanj,Bosnia and Herzegovina
Makinohara,Japan
Yatomi,Japan
Barhiya,India
Kattivakkam,India
Betun,Indonesia
Nova Venecia,Brazil
Kingston upon Thames,United Kingdom
Jesus Maria,Mexico
Gualeguay,Argentina
Pengzhen,China
Santa Cruz,Portugal
Hollister,United States
Kamen,Germany
Tiznit,Morocco
Agcabadi,Azerbaijan
Garbahaarrey,Somalia
Yepocapa,Guatemala
Abucay,Philippines
Vyshneve,Ukraine
Valenciennes,France
Periyakulam,India
Cuchi,Angola
Lai Chau,Vietnam
Middleton,United Kingdom
Jatibonico,Cuba
Heist-op-den-Berg,Belgium
San Cristobal Totonicapan,Guatemala
Nandongcun,China
Nandazhang,China
Livny,Russia
Badulla,Sri Lanka
Char Fasson,Bangladesh
Zhangcun,China
Bairagnia,India
Sevanagala,Sri Lanka
Pirthipur,India
Seevetal,Germany
Bradford West Gwillimbury,Canada
Tepalcatepec,Mexico
Villaba,Philippines
Shimabara,Japan
Mahbubabad,India
Bron,France
Campbell,United States
Santo Tomas,Philippines
Kalaiya,Nepal
Buffalo Grove,United States
Eisenach,Germany
Puerto Colombia,Colombia
King's Lynn,United Kingdom
Salaberry-de-Valleyfield,Canada
Laguna,Brazil
Edmonds,United States
Thionville,France
Itapecuru Mirim,Brazil
Ban Pet,Thailand
Nueva Valencia,Philippines
Al Badari,Egypt
Limbdi,India
Barreiros,Brazil
Dunakeszi,Hungary
Schwabisch Hall,Germany
Atenco,Mexico
Bukama,Congo (Kinshasa)
Catonsville,United States
Naranjo,Costa Rica
Ciechanow,Poland
Lokeren,Belgium
Gravina in Puglia,Italy
Castres,France
Thol,India
Taniyama-chuo,Japan
Orlandia,Brazil
Musina,South Africa
Meru,Kenya
Amberg,Germany
Jincheng,Taiwan
Manassas,United States
Proper Bansud,Philippines
Nakano,Japan
Quinhamel,Guinea-Bissau
Evere,Belgium
Kafr al Kurdi,Egypt
Cabo Bojador,Morocco
Barpeta,India
Vineyard,United States
Webuye,Kenya
Puyallup,United States
Fareham,United Kingdom
Miranda,Colombia
Kharik,India
Mondoro,Mali
El Affroun,Algeria
Sukheke Mandi,Pakistan
Kalmar,Sweden
Arras,France
Biella,Italy
Tecoanapa,Mexico
Zharkent,Kazakhstan
San Bruno,United States
Lloret de Mar,Spain
Sibenik,Croatia
Awaji,Japan
Salar,India
Coachella,United States
Nyunzu,Congo (Kinshasa)
La Orotava,Spain
Simao Dias,Brazil
Shuilou,China
Machali,Chile
Mata de Sao Joao,Brazil
Panitan,Philippines
Jefferson City,United States
Laatzen,Germany
Jose de Freitas,Brazil
Thomassique,Haiti
Jajpur,India
Sokoura,Mali
French Valley,United States
Tamu,Burma
Uruacu,Brazil
Alluru,India
Guarda,Portugal
Maroantsetra,Madagascar
Balabac,Philippines
El Charco,Colombia
Kota,Japan
Loufan,China
Kadalur,India
Itapa-Ekiti,Nigeria
Nagykanizsa,Hungary
Mariel,Cuba
Homburg,Germany
San Giorgio a Cremano,Italy
Jambughoda,India
Bairuo,China
Midland,United States
Karsiyang,India
Maubin,Burma
Dilbeek,Belgium
Tucuran,Philippines
Singhanakhon,Thailand
Sanarate,Guatemala
Carranglan,Philippines
San Rafael del Sur,Nicaragua
Santa Cruz,Philippines
Beverly,United States
Santos Dumont,Brazil
Mableton,United States
Xidiancun,China
Bassano del Grappa,Italy
Bang Kruai,Thailand
Dreieich,Germany
Garges-les-Gonesse,France
Bhatpalli,India
Santa Rita,Philippines
Kotabumi,Indonesia
Than,India
Acatlan de Perez Figueroa,Mexico
Laungowal,India
Akaiwa,Japan
Shenjiatun,China
Yaguate,Dominican Republic
Qa'en,Iran
Rupsa,India
Krasnodon,Ukraine
Ben Zakkay,Israel
Rouyn-Noranda,Canada
Tome,Chile
Iten,Kenya
Ansbach,Germany
Pallisa,Uganda
Kasai,Japan
Anglet,France
Alghero,Italy
Llanera,Philippines
Futtsu,Japan
Coronel Suarez,Argentina
Goryachiy Klyuch,Russia
Alerce,Chile
Polanco,Philippines
Juventino Rosas,Mexico
Maniwa,Japan
Kutno,Poland
Hoddesdon,United Kingdom
Myanaung,Burma
Marki,Poland
Akbarpur,India
President Quirino,Philippines
Danville,United States
Moline,United States
Viborg,Denmark
Palladam,India
Uozu,Japan
Hilvan,Turkey
Liloy,Philippines
Karmegh,India
Blanes,Spain
Aritao,Philippines
Bullhead City,United States
Smederevska Palanka,Serbia
Machang,China
Villenave-d'Ornon,France
Peachtree Corners,United States
Sarakhs,Iran
Kirchheim unter Teck,Germany
Qapshaghay,Kazakhstan
Jocotepec,Mexico
Amontada,Brazil
Puerto Real,Spain
Nysa,Poland
Morarano Chrome,Madagascar
Claveria,Philippines
Liantang,China
Coburg,Germany
Anakaputtur,India
Angelholm,Sweden
Caceres,Colombia
Jinotepe,Nicaragua
Pardes Hanna Karkur,Israel
Kalol,India
Azemmour,Morocco
Villa Bisono,Dominican Republic
Bom Conselho,Brazil
Esperanza,Argentina
Pratapgarh,India
Linton Hall,United States
Coyuca de Catalan,Mexico
Bourg-en-Bresse,France
Paraiba do Sul,Brazil
Guaratuba,Brazil
Satka,Russia
Quesada,Costa Rica
Imperia,Italy
Soran,Kazakhstan
Sarab,Iran
Guaraciaba do Norte,Brazil
Zhovti Vody,Ukraine
Madridejos,Philippines
Mampong,Ghana
San Jose de Bocay,Nicaragua
Miercurea-Ciuc,Romania
Coppell,United States
Siegburg,Germany
Wangyuanqiao,China
Nathdwara,India
Dronten,Netherlands
Pachkhal,Nepal
Tinpiple,Nepal
Kallar,India
Santa Rosa del Sur,Colombia
Songhuajiangcun,China
Lebrija,Colombia
Qiryat Mozqin,Israel
Stip,North Macedonia
Myedu,Burma
Cantaura,Venezuela
Bor,Turkey
Shelekhov,Russia
Lingquan,China
Muttayyapuram,India
Greenock,United Kingdom
Sao Lourenco do Sul,Brazil
Matnog,Philippines
Annandale,United States
Mercedes,Uruguay
Zhujiacun,China
Puerto Galera,Philippines
Yangcunzai,China
Yagoua,Cameroon
Nuevo San Carlos,Guatemala
Lebanon,United States
Tactic,Guatemala
Marataizes,Brazil
Ho Nai,Vietnam
Santa Maria Atzompa,Mexico
Altadena,United States
Tiel,Netherlands
Oizumi,Japan
Moroleon,Mexico
Tieshansi,China
Tororo,Uganda
Minamishimabara,Japan
Amadeo,Philippines
Qiryat Ono,Israel
Kibawe,Philippines
Cortlandt,United States
San Luis Acatlan,Mexico
Ban Wat Lak Hok,Thailand
Barauli,India
Beverwijk,Netherlands
Macaubas,Brazil
Montenegro,Colombia
Marialva,Brazil
Quezon,Philippines
Land O' Lakes,United States
Yinggen,China
Tadjenanet,Algeria
Grove City,United States
Lyudinovo,Russia
Germering,Germany
Coyotepec,Mexico
San Miguel,Philippines
Miura,Japan
Palmares,Costa Rica
Diamond Harbour,India
Jardinopolis,Brazil
Civitanova Marche,Italy
Tadif,Syria
Koniz,Switzerland
Surampatti,India
Uden,Netherlands
Hodmezovasarhely,Hungary
Velasco Ibarra,Ecuador
Bagnolet,France
Kasibu,Philippines
Paicandu,Brazil
Dacun,China
Bensheim,Germany
Narayanpet,India
Torres,Brazil
El Consejo,Venezuela
Naga,Philippines
Boucherville,Canada
Santa Barbara,Honduras
Saidpur Dabra,India
Fenoarivo Atsinanana,Madagascar
Shadegan,Iran
Urmston,United Kingdom
Teboulba,Tunisia
Danderesso,Mali
Belleville,United States
Bodo,Norway
Campechuela,Cuba
Otavalo,Ecuador
Post Falls,United States
Tavas,Turkey
Varash,Ukraine
Oued Fodda,Algeria
Santa Eulalia del Rio,Spain
Tolosa,Argentina
Eberswalde,Germany
Kampong Chhnang,Cambodia
Billerica,United States
Salinas,Brazil
Marion,United States
Boumerdes,Algeria
Pueblo Nuevo,Colombia
Gonzaga,Philippines
Hempfield,United States
Litian Gezhuang,China
Wunstorf,Germany
Halfeti,Turkey
Prerov,Czechia
Bayt al Faqih,Yemen
Jaltipan de Morelos,Mexico
Ponneri,India
Konigswinter,Germany
Larantuka,Indonesia
Soe,Indonesia
Fitchburg,United States
Volklingen,Germany
Antequera,Spain
Gay,Russia
Daram,Philippines
Ambohitrimanjaka,Madagascar
Yuzawa,Japan
Shefar`am,Israel
Oqtosh Shahri,Uzbekistan
Huckelhoven,Germany
Berubari,India
Ayagoz,Kazakhstan
Brookfield,United States
Rajgir,India
Socorro,Philippines
Santa Cruz de Los Taques,Venezuela
Sipe Sipe,Bolivia
Shetou,Taiwan
San Pedro Necta,Guatemala
Dubrovnik,Croatia
Santa Helena,Brazil
Pimpalgaon Baswant,India
Erzin,Turkey
Indi,India
Amuntai,Indonesia
Rajaori,India
Slobozia,Romania
Aguas Belas,Brazil
Anda,Philippines
Patulul,Guatemala
Yarumal,Colombia
Copan,Honduras
Tagudin,Philippines
San Dona di Piave,Italy
Nalhati,India
Ventanas,Ecuador
Sanand,India
Puntarenas,Costa Rica
Coram,United States
Redcliff,Zimbabwe
Mission,Canada
Puerto Gaitan,Colombia
Barra dos Coqueiros,Brazil
Maloyaroslavets,Russia
Vawkavysk,Belarus
Marlboro,United States
Villafranca del Panades,Spain
Poti,Georgia
Shimotsuma,Japan
Teaneck,United States
Zugdidi,Georgia
Kodinar,India
Sagauli,India
Golaghat,India
Pileru,India
Princeton,United States
Tuusula,Finland
Igualada,Spain
Sansanne-Mango,Togo
Llavallol,Argentina
Desio,Italy
Memari,India
Nurtingen,Germany
San Antonio del Monte,El Salvador
Bani Suhayla,Gaza Strip
Weslaco,United States
Tabogon,Philippines
Svay Rieng,Cambodia
Angouleme,France
Lusambo,Congo (Kinshasa)
Mondragon,Philippines
Kendraparha,India
Villa Angela,Argentina
Shelton,United States
Nebbi,Uganda
Marlborough,United States
Dunaujvaros,Hungary
Tortuguitas,Argentina
San,Mali
Schwabach,Germany
Naini Tal,India
Tozeur,Tunisia
Sao Miguel do Guama,Brazil
Santa Cruz,Philippines
Maulavi Bazar,Bangladesh
Bambari,Central African Republic
Kitaibaraki,Japan
Tuchin,Colombia
Obita,Japan
Tezoyuca,Mexico
Ramganj Mandi,India
El Tocuyo,Venezuela
Santo Antonio de Padua,Brazil
Nurdagi,Turkey
Mahalapye,Botswana
Uray,Russia
Meiganga,Cameroon
Arauquita,Colombia
Milton,United States
San Lorenzo,Honduras
Alcala,Philippines
Caloundra,Australia
Alcalde Diaz,Panama
Buchholz in der Nordheide,Germany
Leigh,United Kingdom
Jayamkondacholapuram,India
Zarinsk,Russia
Cherupulassheri,India
Guacimo,Costa Rica
Mikolow,Poland
Wijchen,Netherlands
Panchimalco,El Salvador
Rancho Palos Verdes,United States
Buxtehude,Germany
Neumarkt,Germany
Niquero,Cuba
Fredericia,Denmark
Chaves,Portugal
Rozzano,Italy
Nordhausen,Germany
Maayon,Philippines
Schweizer-Reineke,South Africa
Lasam,Philippines
Hallandale Beach,United States
Hoboken,Belgium
Mangaratiba,Brazil
Sensuntepeque,El Salvador
Saundatti,India
Constitucion,Chile
Bacong,Philippines
Tuquerres,Colombia
Woburn,United States
Trikarpur North,India
Shutayil,India
Brighton,United States
Agar,India
San Jose de Urquico,Philippines
Tanxia,China
Zakynthos,Greece
Claypole,Argentina
Peddapalli,India
Villa Alsina,Argentina
Kirkkonummi,Finland
Sevilla,Colombia
Geel,Belgium
Indian Trail,United States
Santo Estevao,Brazil
Bilasipara,India
Timmins,Canada
Guaduas,Colombia
Toritama,Brazil
Matiguas,Nicaragua
Palia Kalan,India
Torzhok,Russia
Jose Marmol,Argentina
Halol,India
Washuk,Pakistan
Ganta,Liberia
Mambajao,Philippines
Embu,Kenya
Huizen,Netherlands
Ambam,Cameroon
La Libertad,Philippines
Sevilla de Niefang,Equatorial Guinea
Rivas,Nicaragua
Ambositra,Madagascar
Merano,Italy
Bujanovac,Serbia
Komoro,Japan
Ishaka,Uganda
Sumoto,Japan
Tagbina,Philippines
Amami,Japan
Freiberg,Germany
Pozi,Taiwan
Arraijan,Panama
Boulogne-sur-Mer,France
Reynoldsburg,United States
Unzen,Japan
Tampakan,Philippines
Jerada,Morocco
Ciudad Dario,Nicaragua
Bazar-Korgon,Kyrgyzstan
Ciudad Vieja,Guatemala
Sarande,Albania
Dongyangshi,China
Shengaocun,China
Dongluocun,China
Segovia,Colombia
Chambas,Cuba
Welling,United Kingdom
Upper Hutt,New Zealand
Gatunda,Rwanda
Romeoville,United States
Temryuk,Russia
Hongfengcun,China
Wujie,Taiwan
Maplewood,United States
Monterotondo,Italy
Patti,India
Esperantina,Brazil
Paranaiba,Brazil
Drogheda,Ireland
Ilkeston,United Kingdom
Lynnwood,United States
Nanbei,Japan
Dowlatabad,Iran
Maddela,Philippines
Pirmasens,Germany
Lijiaxiang,China
Yingzhou Linchang,China
Salinopolis,Brazil
Famagusta,Cyprus
Ciudad Piar,Venezuela
Colomiers,France
Dhamdaha,India
Muana,Brazil
Delijan,Iran
Velika Plana,Serbia
Lancaster,United States
Covington,United States
Jalalpur Bhattian,Pakistan
Talukkara,India
Wattrelos,France
Meftah,Algeria
Kimry,Russia
Apostoles,Argentina
Malilipot,Philippines
Patzicia,Guatemala
Santo Tomas,Philippines
Talcher,India
Cuito Cuanavale,Angola
Promissao,Brazil
Anyuan,China
Mount Juliet,United States
Qadian,India
Friendswood,United States
Fourou,Mali
Mobo,Philippines
Pamban,India
Thotada,India
Abadan,Turkmenistan
Germantown,United States
Compiegne,France
Azrou,Morocco
Saint-Germain-en-Laye,France
Kitob,Uzbekistan
Poissy,France
Currais Novos,Brazil
Gagny,France
Draguignan,France
Vallehermoso,Philippines
Mariinsk,Russia
Vavveru,India
Elmali,Turkey
Gonabad,Iran
Lancaster,United States
Sidi Moussa,Algeria
Soria,Spain
Baichigan,China
Annapolis,United States
Meadow Woods,United States
Sassuolo,Italy
Lobo,Philippines
Kingswood,United Kingdom
Pie de Pato,Colombia
Buddh Gaya,India
Shanhe,China
Kato,Japan
Ozu,Japan
Khowrmuj,Iran
Arys,Kazakhstan
Ipiau,Brazil
Dunstable,United Kingdom
Vasto,Italy
Mambusao,Philippines
Maragondon,Philippines
Itabaianinha,Brazil
Qeshm,Iran
Tomar,Portugal
Sukuta,"Gambia, The"
Kadur,India
Westfield,United States
Sint-Truiden,Belgium
Mundakkal,India
Essex,United States
Sherghati,India
Manalapan,United States
Nanuque,Brazil
Bury Saint Edmunds,United Kingdom
Veles,North Macedonia
Cedar Falls,United States
Avezzano,Italy
Ladispoli,Italy
Artigas,Uruguay
Gap,France
El Aioun,Morocco
Dayr Mawas,Egypt
Santa Rita do Sapucai,Brazil
Burjasot,Spain
Nabas,Philippines
Akyurt,Turkey
Evren,Turkey
Yangtangxu,China
Yatangcun,China
Schorndorf,Germany
Njombe,Tanzania
Samkir,Azerbaijan
Stains,France
Porto de Moz,Brazil
Pilani,India
Remanso,Brazil
Siay,Philippines
Ahaus,Germany
Nowgong,India
Santa Maria da Boa Vista,Brazil
Metlili Chaamba,Algeria
Kearny,United States
Olgiy,Mongolia
Bosconia,Colombia
Janjgir,India
Romblon,Philippines
Padre Las Casas,Dominican Republic
Katsuren-haebaru,Japan
Lemgo,Germany
Bartlett,United States
La Rinconada,Spain
Lordegan,Iran
Penn Hills,United States
Leinfelden-Echterdingen,Germany
Narathiwat,Thailand
San Juan,Philippines
Adwa,Ethiopia
Ciudad Barrios,El Salvador
Macerata,Italy
Cumbal,Colombia
Guariba,Brazil
Erramvaripalem,India
Corigliano Calabro,Italy
Woodlawn,United States
Verkhnyaya Salda,Russia
Zapala,Argentina
Minsk Mazowiecki,Poland
DeKalb,United States
Dacun,Taiwan
Belaya Kalitva,Russia
Bol'shoy Kamen',Russia
Pilate,Haiti
Cauquenes,Chile
Vendrell,Spain
Pine Bluff,United States
Crystal Lake,United States
Krishnarajasagara,India
Rizal,Philippines
Skovde,Sweden
Villanueva,Philippines
Hofheim,Germany
Lakeshore,Canada
Ramsgate,United Kingdom
Marakkara,India
Aracataca,Colombia
Channarayapatna,India
Huaura,Peru
Leyte,Philippines
Alexandria,Romania
Palampur,India
New Berlin,United States
Agano,Japan
Reguiba,Algeria
Lake Oswego,United States
Zainsk,Russia
Almenara,Brazil
Jhabua,India
Vellakkovil,India
Montelimar,France
Bouar,Central African Republic
Cutral-Co,Argentina
Beyneu,Kazakhstan
La Union,Colombia
Balaoan,Philippines
Rubengera,Rwanda
Sabalgarh,India
Yartsevo,Russia
Molina,Chile
Komono,Japan
Kualaserba,Indonesia
Banga,Philippines
Magburaka,Sierra Leone
Hellevoetsluis,Netherlands
Talas,Kyrgyzstan
Payabon,Philippines
Ampana,Indonesia
Shepetivka,Ukraine
Murtajapur,India
Peringalam,India
Autazes,Brazil
Yajalon,Mexico
Tameslouht,Morocco
Findlay,United States
Valley Stream,United States
Bugarama,Rwanda
Afogados da Ingazeira,Brazil
Majibacoa,Cuba
Parnu,Estonia
Hidirbey,Turkey
Fonds Verrettes,Haiti
Merta,India
Camargo,Mexico
Uttarkashi,India
Boa Esperanca,Brazil
Kabuga,Rwanda
Pala Oua,Chad
Leramatang,Indonesia
Itoigawa,Japan
Le Cannet,France
Secunda,South Africa
El Golea,Algeria
Maihar,India
Begamganj,India
The Acreage,United States
Pedra Branca,Brazil
Santa Quiteria,Brazil
Pyt'-Yakh,Russia
Salinas,Brazil
Tiruchendur,India
Mokolo,Cameroon
Lohne,Germany
Malalag,Philippines
Balud,Philippines
Maha Sarakham,Thailand
Torre Annunziata,Italy
Dohazari,Bangladesh
Taysan,Philippines
Taicheng,China
Gourcy,Burkina Faso
Kilakkarai,India
Kalimpong,India
Cihuatlan,Mexico
Gramado,Brazil
Oroqen Zizhiqi,China
Dingras,Philippines
Pugachev,Russia
Cottage Grove,United States
Heroica Ciudad de Tlaxiaco,Mexico
Socorro,Brazil
Phulwaria,India
Sisak,Croatia
Si Sa Ket,Thailand
Luebo,Congo (Kinshasa)
Chiredzi,Zimbabwe
Longtang,China
Raxruha,Guatemala
Kakrala,India
Bragadiru,Romania
Marratxi,Spain
Hlegu,Burma
Torre-Pacheco,Spain
Bayindir,Turkey
Santo Domingo,Costa Rica
Halberstadt,Germany
Szigetszentmiklos,Hungary
Menghan,China
Kunigal,India
Altagracia de Orituco,Venezuela
Mailapur,India
Varkkallai,India
Cape Girardeau,United States
Curitibanos,Brazil
Soavinandriana,Madagascar
Montana,Bulgaria
Vanersborg,Sweden
Mayyanad,India
Panaji,India
Huejutla de Reyes,Mexico
Sieradz,Poland
Baksan,Russia
Langen,Germany
Plant City,United States
Armacao dos Buzios,Brazil
Oraiokastro,Greece
Zacualpa,Guatemala
Ihnasya al Madinah,Egypt
Bamessing,Cameroon
Strood,United Kingdom
L'Asile,Haiti
Rajgarh,India
Sindgi,India
Wadegaon,India
Sardulgarh,India
Samalkha,India
Junnar,India
Salaiya,India
Tazah Khurmatu,Iraq
Nicastro,Italy
Jbail,Lebanon
Barr Elias,Lebanon
Matsoandakana,Madagascar
Bukit Gambir,Malaysia
Safdarabad,Pakistan
Safdarabad,Pakistan
Jalalabad,Pakistan
Choa Saidan Shah,Pakistan
Ranipur,Pakistan
Lidkoping,Sweden
Kambia,Sierra Leone
Kambia,Sierra Leone
Uchqurghon Shahri,Uzbekistan
Valladolid,Philippines
Kasumigaura,Japan
Culver City,United States
Cabatuan,Philippines
Oviedo,United States
Lishaocun,China
Herstal,Belgium
Jujutla,El Salvador
Fushe Kosove,Kosovo
Sidi Yahia El Gharb,Morocco
Marcq-en-Baroeul,France
Visoko,Bosnia and Herzegovina
Kyaukme,Burma
Zimapan,Mexico
Yian,China
Santa Cruz del Sur,Cuba
Lluchmayor,Spain
Hurst,United States
Jayrud,Syria
Saraqib,Syria
Xacmaz,Azerbaijan
Qiryat Bialik,Israel
Winslow,United States
Brcko,Bosnia and Herzegovina
Zhongbai,China
Hobbs,United States
Barcellona-Pozzo di Gotto,Italy
Ngozi,Burundi
Kord Kuy,Iran
Duncanville,United States
Acevedo,Colombia
Montclair,United States
Waipahu,United States
Northampton,United States
Yecapixtla,Mexico
Sagae,Japan
Kish,Iran
Zvolen,Slovakia
Ramdurg,India
Plaridel,Philippines
Panglao,Philippines
Braine-l'Alleud,Belgium
Tutayev,Russia
Hutchinson,United States
Ostfildern,Germany
Douai,France
DeLand,United States
Tago,Philippines
Plasencia,Spain
Matias Romero,Mexico
Fort Lee,United States
Baco,Philippines
Pinhal,Brazil
Kopavogur,Iceland
Rovereto,Italy
Huamachuco,Peru
Pamplona,Philippines
Villamontes,Bolivia
Sebdou,Algeria
Amudalavalasa,India
'Ain el Melh,Algeria
Santo Nino,Philippines
Atmakur,India
Yomitan,Japan
Palauig,Philippines
Toukountouna,Benin
San Nicolas,Philippines
Carini,Italy
Nykoping,Sweden
Blyth,United Kingdom
Magsaysay,Philippines
Benenitra,Madagascar
Hangu,Pakistan
Ettlingen,Germany
Aizawa,Japan
Massawa,Eritrea
Nileshwar,India
Maarssen,Netherlands
Apache Junction,United States
Shirone,Japan
Andkhoy,Afghanistan
Alimodian,Philippines
Albano Laziale,Italy
Kurobeshin,Japan
Cantu,Italy
Veruela,Philippines
Pomigliano d'Arco,Italy
Caraga,Philippines
Tianzhong,Taiwan
Maintal,Germany
Buldon,Philippines
Masaki,Japan
Temascal,Mexico
Shebekino,Russia
Oshakati,Namibia
Srebrenik,Bosnia and Herzegovina
Talacogon,Philippines
Tabas,Iran
Barreirinhas,Brazil
Kovvur,India
Libano,Colombia
Fonseca,Colombia
Xisa,China
Villepinte,France
Todos Santos Cuchumatan,Guatemala
Wageningen,Netherlands
Nakama,Japan
Poblacion,Philippines
Ninove,Belgium
Despatch,South Africa
Basudebpur,India
Charbagh,Pakistan
Tafi Viejo,Argentina
Samaxi,Azerbaijan
Huanghuajie,China
La Troncal,Ecuador
Isfisor,Tajikistan
Rexburg,United States
Villa del Carbon,Mexico
Apsheronsk,Russia
Manay,Philippines
Villa de San Diego de Ubate,Colombia
Jordan,Philippines
Salcedo,Dominican Republic
Djidian Kenieba,Mali
Ihosy,Madagascar
Jiaozishan,China
Tucuma,Brazil
Fondi,Italy
Kalingalan Caluang,Philippines
Duba,Saudi Arabia
Fariman,Iran
Sao Goncalo dos Campos,Brazil
Lincoln Park,United States
Nova Vicosa,Brazil
Virreyes,Argentina
Media,Romania
Ecija,Spain
Lake Stevens,United States
Severna Park,United States
Itapolis,Brazil
Lilio,Philippines
Freital,Germany
Aldridge,United Kingdom
Pachrukha,India
Brant,Canada
San Juan del Cesar,Colombia
Issaquah,United States
Rosenberg,United States
Siniloan,Philippines
Chelsea,United States
Alicia,Philippines
San Jose de Ocoa,Dominican Republic
Sogod,Philippines
San Giuliano Milanese,Italy
Asamankese,Ghana
Lakewood Ranch,United States
Lalganj,India
Kalu Khan,Pakistan
Carol Stream,United States
Islampur,India
Niederkassel,Germany
Neu Isenburg,Germany
Qiryat Yam,Israel
Presidente Venceslau,Brazil
Parral,Chile
Whanganui,New Zealand
Xonqa,Uzbekistan
Sanjiang,China
Olintepeque,Guatemala
Khachrod,India
Badepalli,India
Zyrardow,Poland
Sijua,India
Aventura,United States
Kaffrine,Senegal
Clarin,Philippines
Spruce Grove,Canada
Placilla de Penuelas,Chile
Seram,India
Gradacac,Bosnia and Herzegovina
Pamplona,Philippines
Vadasinor,India
Amambai,Brazil
Abrantes,Portugal
West Fargo,United States
Naranjal,Ecuador
Jacarezinho,Brazil
Damulog,Philippines
Ossining,United States
Puerto Berrio,Colombia
Cesano Maderno,Italy
Cocorote,Venezuela
Sadiola,Mali
Pirna,Germany
Cacuso,Angola
Cacuso,Angola
Tangpingcun,China
Moanda,Gabon
Bettendorf,United States
Marovoay,Madagascar
Istog,Kosovo
Nueva Santa Rosa,Guatemala
Suluova,Turkey
Naron,Spain
Jogbani,India
Galkot,Nepal
Chojnice,Poland
Ripollet,Spain
Masamba,Indonesia
Takikawa,Japan
Oliveira,Brazil
Matinhos,Brazil
Taraza,Colombia
Solan,India
Hailakandi,India
Al Qa`idah,Yemen
Magra,Algeria
Apan,Mexico
Tamba-Sasayama,Japan
Erattukulakkada,India
Koycegiz,Turkey
Nawabganj,India
Park Ridge,United States
Podilsk,Ukraine
Ospino,Venezuela
Ayirapuram,India
Gumushane,Turkey
Playa Vicente,Mexico
Mettmann,Germany
Heemskerk,Netherlands
Greer,United States
Swinoujscie,Poland
Las Cruces,Guatemala
Quincy,United States
Kampot,Cambodia
Grants Pass,United States
Weissenfels,Germany
Surin,Thailand
Axochiapan,Mexico
Parkland,United States
Strezhevoy,Russia
Guemar,Algeria
Androka,Madagascar
Kurchatov,Russia
Baikonur,Kazakhstan
Visconde do Rio Branco,Brazil
Cacocum,Cuba
Marcos Paz,Argentina
Mibu,Japan
Bayanan,Philippines
Ilmenau,Germany
Iesi,Italy
Manggar,Indonesia
Cakung,Indonesia
Idangansalai,India
Taounate,Morocco
Agoncillo,Philippines
Metlaoui,Tunisia
Chittaranjan,India
Halle,Belgium
Konigs Wusterhausen,Germany
Sual,Philippines
Royal Palm Beach,United States
Moatize,Mozambique
Nueva Rosita,Mexico
Warren,United States
Streamwood,United States
Huanren,China
Partapnagar,India
San Dionisio,Philippines
Revelganj,India
Marinha Grande,Portugal
Sebekoro,Mali
Mineiros,Brazil
Mitsuke,Japan
Morshansk,Russia
Roy,United States
Keizer,United States
Owasso,United States
Amla,India
Toumodi,CÙte d'Ivoire
Dun Dealgan,Ireland
Tharad,India
Ambatomainty,Madagascar
Al Malikiyah,Syria
Trofa,Portugal
Ramallah,West Bank
Cleethorpes,United Kingdom
Nuevitas,Cuba
Betamcherla,India
Ciudad Melchor Muzquiz,Mexico
Ancud,Chile
Navarre,United States
Sidi Khaled,Algeria
Gornji Milanovac,Serbia
Varzea Alegre,Brazil
Nongzhangjie,China
San Fernando de Henares,Spain
Tromso,Norway
Peachtree City,United States
Sciacca,Italy
La Chaux-de-Fonds,Switzerland
Menomonee Falls,United States
La Mata,Dominican Republic
Qorday,Kazakhstan
Gabaldon,Philippines
Nabaruh,Egypt
Goes,Netherlands
Niutuo Wucun,China
Stendal,Germany
La Vergne,United States
Mafamude,Portugal
Alexandroupoli,Greece
Arucas,Spain
Sao Raimundo Nonato,Brazil
Dibaya-Lubwe,Congo (Kinshasa)
Nallur,India
Galeana,Mexico
Yangfang,China
Haverstraw,United States
Brumadinho,Brazil
Staoueli,Algeria
Caluya,Philippines
Walajapet,India
Huangyoutang,China
Huadong,China
Garalo,Mali
Changchunpu,China
Juan Rodriguez Clara,Mexico
San Nicolas,Philippines
Sbeitla,Tunisia
San Raimundo,Guatemala
Tuvagudi,India
Draa el Mizan,Algeria
Empalme,Mexico
Cabugao,Philippines
Yalutorovsk,Russia
Higashimatsushima,Japan
Xiwanzi,China
Dwarka,India
Shenwan,China
Birmitrapur,India
Penfield,United States
Sattivayal,India
Pehowa,India
Inashiki,Japan
Prattville,United States
Saryaghash,Kazakhstan
Tshela,Congo (Kinshasa)
Papenburg,Germany
Hitachiomiya,Japan
Rauma,Finland
Sao Mateus do Maranhao,Brazil
Ain Tedeles,Algeria
Ngororero,Rwanda
Olot,Spain
Valrico,United States
Ohrid,North Macedonia
Skelmersdale,United Kingdom
Santa Helena de Goias,Brazil
Nurpur,India
Neuilly-sur-Marne,France
Ermezinde,Portugal
Marikina Heights,Philippines
Omagari,Japan
Dubbo,Australia
Mehidpur,India
Tipton,United Kingdom
Lambarene,Gabon
Campina Grande do Sul,Brazil
San Gabriel,United States
Braintree,United States
Ban Bang Khu Lat,Thailand
Los Palacios y Villafranca,Spain
Eccles,United Kingdom
Clinton,United States
Wurselen,Germany
Gujo,Japan
Fasano,Italy
Aborlan,Philippines
Sujawal,Pakistan
Sao Francisco do Conde,Brazil
Valencia,Philippines
Penalva,Brazil
Los Palacios,Cuba
Kamp-Lintfort,Germany
Yoshinogawa,Japan
Ouro Branco,Brazil
Kehl,Germany
Tinnanur,India
Barbacoas,Colombia
Vestavia Hills,United States
Cajibio,Colombia
Pinner,United Kingdom
Monreale,Italy
Taibao,Taiwan
Yako,Burkina Faso
Tudela,Spain
Novozybkov,Russia
Real,Philippines
Sakuragawa,Japan
Kwai Chung,Hong Kong
Vetapalem,India
Jamindan,Philippines
Bell Gardens,United States
Margosatubig,Philippines
Security-Widefield,United States
Tonbridge,United Kingdom
Zacatelco,Mexico
Paravurkambolam,India
Pereslavl'-Zalesskiy,Russia
Stanton,United States
Shibata,Japan
Voghera,Italy
Armavir,Armenia
San Jose de Las Matas,Dominican Republic
Abrego,Colombia
San Fernando,Philippines
Dzhankoi,Ukraine
Dabola,Guinea
Sovetsk,Russia
Kampung Baharu Nilai,Malaysia
Su-ngai Kolok,Thailand
Bahharet Oulad Ayyad,Morocco
Nantun,China
Vengat,India
Santa Maria da Vitoria,Brazil
Cinarcik,Turkey
Ciampino,Italy
Aketi,Congo (Kinshasa)
Koge,Denmark
Schio,Italy
Leyland,United Kingdom
Phatthalung,Thailand
Ibusuki,Japan
Champerico,Guatemala
Yuzhnoukrainsk,Ukraine
Leribe,Lesotho
Santa Pola,Spain
Ban Na Pa,Thailand
Westerville,United States
Sungandiancun,China
Vangaindrano,Madagascar
Komotini,Greece
Strangnas,Sweden
Achaguas,Venezuela
Khalkhal,Iran
Glenrothes,United Kingdom
Alingsas,Sweden
Santa Clara del Cobre,Mexico
Barda,Azerbaijan
Belize City,Belize
Kline,Kosovo
Wheeling,United States
Havza,Turkey
San Adrian de Besos,Spain
Atlantic City,United States
San Andres,Philippines
Caibarien,Cuba
Nishiwaki,Japan
Phenix City,United States
Calexico,United States
Rosario,Brazil
Sarikishty,Tajikistan
La Union,Guatemala
Al Ghizlaniyah,Syria
San Felipe Orizatlan,Mexico
Ingeniero Pablo Nogues,Argentina
Emir Abdelkader,Algeria
Maasin,Philippines
Coto Brus,Costa Rica
Chichaoua,Morocco
Mahadeopur,India
Winter Springs,United States
Urbana,United States
Szczecinek,Poland
Minas,Uruguay
Saronno,Italy
Tulun,Russia
Shrewsbury,United States
Olutanga,Philippines
Mechanicsville,United States
Joue-les-Tours,France
Lanyi,China
Sanjiang,China
Buug,Philippines
Chorley,United Kingdom
Chacabuco,Argentina
Sibate,Colombia
Melmadai,India
Buchireddipalem,India
Shijiazhuangnan,China
Qiaotouyi,China
Daraw,Egypt
Herne Bay,United Kingdom
Vredenburg,South Africa
Kaka,Turkmenistan
Shevgaon,India
Fribourg,Switzerland
Miyoshidai,Japan
Wesseling,Germany
Nindiri,Nicaragua
Bougara,Algeria
Misawa,Japan
Waregem,Belgium
Xiaguanying,China
Marcianise,Italy
Kizilyurt,Russia
Oleiros,Spain
Patnongon,Philippines
Itaitinga,Brazil
Novo Horizonte,Brazil
Greven,Germany
Wilrijk,Belgium
Nigel,South Africa
Bayan,China
Bridgwater,United Kingdom
Chikodi,India
Samal,Philippines
Chuangjian,China
La Quinta,United States
Khairtal,India
Mmabatho,South Africa
Iturama,Brazil
Wokingham,United Kingdom
Azzano,Italy
Sama,Spain
Funes,Argentina
Maule,Chile
Taki,India
Laur,Philippines
Siyang,China
Am-Timan,Chad
Maibara,Japan
Antsohihy,Madagascar
Ciudad del Plata,Uruguay
Xiushui,Taiwan
Yugorsk,Russia
Ibara,Japan
East Point,United States
Brasschaat,Belgium
Citta di Castello,Italy
Pitangueiras,Brazil
Kerava,Finland
Georgetown,United States
Americo Brasiliense,Brazil
Bishops Stortford,United Kingdom
Xico,Mexico
Mechelen-aan-de-Maas,Belgium
Furstenfeldbruck,Germany
Borbon,Philippines
Backnang,Germany
Naushahro Firoz,Pakistan
Porur,India
Izobil'nyy,Russia
Pallipram,India
Oeiras,Brazil
Tayasan,Philippines
Zacualtipan,Mexico
Fereydun Kenar,Iran
Karuvambram,India
Clovis,United States
Matozinhos,Brazil
Selcuk,Turkey
Choybalsan,Mongolia
Bradford,Canada
Cananea,Mexico
Brejo da Madre de Deus,Brazil
Campbell River,Canada
Navgilem,Tajikistan
Vavuniya,Sri Lanka
Quba,Azerbaijan
Entre Rios,Brazil
Orange,Australia
San German,Cuba
Shankarpur Khawas,India
Shengang,Taiwan
Sabang,Indonesia
Veghel,Netherlands
Savelugu,Ghana
Thakraha,India
San Mateo,Venezuela
Mapandan,Philippines
Prokuplje,Serbia
Guajara-Mirim,Brazil
Portel,Brazil
Dubrajpur,India
Bangar,Philippines
Bautzen,Germany
Steyr,Austria
Riviera Beach,United States
Cheltenham,United States
Livramento de Nossa Senhora,Brazil
Franconville,France
Mantingan,Indonesia
Hot Springs,United States
Saint-Martin-d'Heres,France
Shambhunath,Nepal
Sun City,United States
Adelanto,United States
Gudarah,Afghanistan
Aristobulo del Valle,Argentina
Zhongdong Shequ,China
Malgobek,Russia
Rudsar,Iran
Abu Qir,Egypt
Clifton Park,United States
Gurais,India
Chartres,France
San Pedro Jocopilas,Guatemala
Bagabag,Philippines
Dengtangcun,China
Tlapa de Comonfort,Mexico
Yamen,China
Northglenn,United States
Portage,United States
Holyoke,United States
San Juan Cancuc,Mexico
Qaratog,Tajikistan
Goribidnur,India
Kenieran,Guinea
Ali Sabieh,Djibouti
Hajin,Syria
Urena,Venezuela
Sampues,Colombia
Srinagar,India
Raalte,Netherlands
Puri,Angola
Volodymyrivka,Ukraine
Rusape,Zimbabwe
Itabirito,Brazil
Shakhtinsk,Kazakhstan
Pedro II,Brazil
Bitterfeld,Germany
Dhanera,India
Guayacanes,Dominican Republic
Obala,Cameroon
Myrhorod,Ukraine
Lewiston,United States
Swidnik,Poland
Giyon,Ethiopia
Luuk,Philippines
Celje,Slovenia
Gampola,Sri Lanka
Ameca,Mexico
Namlea,Indonesia
Tlalixcoyan,Mexico
Cerveteri,Italy
Dibulla,Colombia
Gaspar Hernandez,Dominican Republic
Pen,India
Tumba,Sweden
Rtishchevo,Russia
Warendorf,Germany
Bangkinang,Indonesia
Yacha,China
Mateus Leme,Brazil
Guira de Melena,Cuba
Santaluz,Brazil
Koboko,Uganda
Tupelo,United States
Al Bayda',Yemen
Al Qaryatayn,Syria
Pentecoste,Brazil
Montclair,United States
Hilton Head Island,United States
Cheyyar,India
Pathanamthitta,India
Mahanoro,Madagascar
Kastel Stari,Croatia
Teijlingen,Netherlands
Nove Zamky,Slovakia
Tuttlingen,Germany
Ohangaron,Uzbekistan
Patia,Colombia
Kalamata,Greece
Galloway,United States
Sillanwali,Pakistan
San Antonio de Padua,Argentina
Savigny-sur-Orge,France
Charaut,India
Winchester,United States
Arnold,United Kingdom
Kwidzyn,Poland
Afua,Brazil
Santo Domingo,Philippines
Romny,Ukraine
Rani,India
Marantao,Philippines
Beigang,Taiwan
Villagarcia de Arosa,Spain
Long Eaton,United Kingdom
Belleville,United States
Prince Albert,Canada
Rome,United States
Guzelbahce,Turkey
Central Islip,United States
Jalapa,Mexico
Fuquay-Varina,United States
Manali,India
Karuhatan,Philippines
Mixquiahuala de Juarez,Mexico
Mamun,India
Haedo,Argentina
Kolchugino,Russia
Coondapoor,India
Hanumannagar,Nepal
Mombaca,Brazil
Gomoh,India
Don Benito,Spain
Susurluk,Turkey
Matina,Costa Rica
San Marcelino,Philippines
Evans,United States
Aklera,India
Umi,Japan
Jacunda,Brazil
Rio Negrinho,Brazil
Melchor Ocampo,Mexico
Povazska Bystrica,Slovakia
Mizunami,Japan
Yoloten,Turkmenistan
Falavarjan,Iran
Satana,India
Tokai,Japan
Tonzang,Burma
Custodia,Brazil
Basavana Bagevadi,India
Massape,Brazil
Dogansehir,Turkey
Thonon-les-Bains,France
Drean,Algeria
Machado,Brazil
Ksour Essaf,Tunisia
Basista,Philippines
Sanchahe,China
Les Abricots,Haiti
Tiete,Brazil
Venlo,Netherlands
Huzurabad,India
Yanqi,China
Benjamin Constant,Brazil
Attingal,India
Kolongo-Bozo,Mali
Kirkagac,Turkey
Hatta,India
Malbork,Poland
Bom Jardim,Brazil
Jeremoabo,Brazil
Monte Plata,Dominican Republic
Stirling,United Kingdom
Shenghu,Taiwan
Su'ao,Taiwan
Rio Brilhante,Brazil
Malavalli,India
Salto del Guaira,Paraguay
Lampa,Chile
La Ciotat,France
Barra de Sao Francisco,Brazil
Sirinhaem,Brazil
Annemasse,France
New Albany,United States
Boleslawiec,Poland
Bartlesville,United States
Rio Branco do Sul,Brazil
Barrancas,Colombia
Kranj,Slovenia
Monrovia,United States
Bamendjou,Cameroon
Villaflores,Mexico
Pleasant Grove,United States
Carpentersville,United States
Mira,Italy
Volkhov,Russia
Kisii,Kenya
Kahrizak,Iran
Pacifica,United States
South Miami Heights,United States
Bletchley,United Kingdom
Tuxpan,Mexico
Atalaia,Brazil
Phonsavan,Laos
El Bordo,Colombia
Allahabad,Pakistan
Pokrov,Ukraine
Turiacu,Brazil
Ma`arratmisrin,Syria
Itaqui,Brazil
Ceska Lipa,Czechia
Oregon City,United States
Tambulig,Philippines
Bonito,Brazil
Leighton Buzzard,United Kingdom
Tabount,Morocco
Paracho de Verduzco,Mexico
Souma,Algeria
San Carlos,Nicaragua
La Union,El Salvador
San Andres,Philippines
Beckum,Germany
Oras,Philippines
San Antonio,Philippines
Donji Kakanj,Bosnia and Herzegovina
Cansancao,Brazil
Porteirinha,Brazil
Santa Rosa de Osos,Colombia
Samobor,Croatia
Sarangpur,India
Sandur,India
Kanigiri,India
Kerou,Benin
Aguilas,Spain
Magallanes,Philippines
Airdrie,United Kingdom
Gorinchem,Netherlands
Ambatofinandrahana,Madagascar
Trou du Nord,Haiti
La Puente,United States
Shiji,China
Agudos,Brazil
Santiago Nonualco,El Salvador
Mabuhay,Philippines
Jaito,India
Phulbani,India
Progreso,Mexico
Bayur,Indonesia
Conchagua,El Salvador
Greenfield,United States
Grimbergen,Belgium
Villa Gonzalez,Dominican Republic
Eboli,Italy
Mullaittivu,Sri Lanka
Fengguangcun,China
Morsi,India
Foothill Farms,United States
Besni,Turkey
Bucha,Ukraine
Sitangkai,Philippines
Luna,Philippines
Ataq,Yemen
Santa Cruz,Brazil
Yuzhnouralsk,Russia
Krasnoufimsk,Russia
Al Hashimiyah,Iraq
Bagua Grande,Peru
Sanankoroba,Mali
Sandino,Cuba
Lahar,India
Falun,Sweden
Dajiecun,China
Sao Manuel,Brazil
Pilibangan,India
Tibu,Colombia
Mariano Escobedo,Mexico
Goygol,Azerbaijan
Cloppenburg,Germany
Mission Bend,United States
Port Talbot,United Kingdom
Zvenigorod,Russia
Tooele,United States
Landgraaf,Netherlands
Coesfeld,Germany
Gajendragarh,India
Lydenburg,South Africa
Estero,United States
Jale,India
Midlothian,United States
Paravur Tekkumbhagam,India
Gangshangcun,China
Jelilyuzi,China
Mankayan,Philippines
Molndal,Sweden
Sidi Ali,Algeria
Andilamena,Madagascar
Katsuragi,Japan
Melgar,Colombia
Protvino,Russia
Vettur,India
Comapa,Guatemala
Arroyomolinos,Spain
Salvatierra,Mexico
Cedar City,United States
Rukungiri,Uganda
Mangai,Congo (Kinshasa)
Chunar,India
Moerdijk,Netherlands
Wangsicun,China
Tunzi,China
Leavenworth,United States
Laindon,United Kingdom
Erding,Germany
Moncada,Spain
Ratia,India
Kadiyam,India
Copperas Cove,United States
Ciudad Manuel Doblado,Mexico
Formia,Italy
Sao Caitano,Brazil
Silves,Portugal
Bantay,Philippines
Bahadurganj,India
Imbatug,Philippines
Masyaf,Syria
Obburdon,Tajikistan
Qulsary,Kazakhstan
Binaqadi,Azerbaijan
Adjumani,Uganda
Qo`ng`irot Shahri,Uzbekistan
Qunghirot,Uzbekistan
Languyan,Philippines
Pennsauken,United States
Sittard,Netherlands
Long Lama,Malaysia
Kalutara,Sri Lanka
Redcar,United Kingdom
Jagdispur,India
Uthal,Pakistan
Vasylkiv,Ukraine
Siribala,Mali
Chorkuh,Tajikistan
Prijepolje,Serbia
Kearns,United States
Porsgrunn,Norway
Safonovo,Russia
Sitalkuchi,India
Tokar,Sudan
Pedreiras,Brazil
Pujali,India
Kalihati,Bangladesh
Santana,Brazil
Santo Antonio,Brazil
Kampene,Congo (Kinshasa)
Mol,Belgium
Holstebro,Denmark
Lagkadas,Greece
Tucker,United States
Niksar,Turkey
Luga,Russia
Beeston,United Kingdom
Raisinghnagar,India
Dargot,India
Bentota,Sri Lanka
Mandoto,Madagascar
Manazary,Madagascar
Granadero Baigorria,Argentina
Suhl,Germany
Villeta,Paraguay
Soriyankuppam,India
Murtikuppam,India
Manamedu,India
Seliyamedur,India
Kuruvinattam,India
Aranganur,India
Parikkalpattu,India
Karaiyamputtur,India
Panaiyadikuppam,India
Baishi Airikecun,China
Santiago Sacatepequez,Guatemala
Dom Pedrito,Brazil
Sinsheim,Germany
Benslimane,Morocco
Stara Gora,Bosnia and Herzegovina
Nakodar,India
Nanshuicun,China
Tabligbo,Togo
Shaxi,China
Oswiecim,Poland
Lunavada,India
Wildomar,United States
Ban Doi Suthep,Thailand
Kalinkavichy,Belarus
Shengli,China
Port-Margot,Haiti
Monatele,Cameroon
Campos Novos,Brazil
Dalkola,India
Moalboal,Philippines
Burriana,Spain
Bindki,India
Martinez,United States
Kankuria,India
Colon,Venezuela
Santa Ana,Venezuela
Swords,Ireland
Guilderland,United States
Chimboy Shahri,Uzbekistan
San Martin de los Andes,Argentina
Segrate,Italy
Basilisa,Philippines
San Enrique,Philippines
Kachkanar,Russia
Vavur,India
Dubno,Ukraine
Small Heath,United Kingdom
Grugliasco,Italy
Penticton,Canada
Dagua,Colombia
Manucan,Philippines
Musiri,India
Siyabuswa,South Africa
Anosiala,Madagascar
Pathri,India
Faraskur,Egypt
Hanover Park,United States
Cambrils,Spain
San Miguel Chicaj,Guatemala
Sarzedo,Brazil
Six-Fours-les-Plages,France
Pylaia,Greece
Nowa Sol,Poland
Sagnay,Philippines
Kesavapuram,India
Maddaloni,Italy
Mahe,India
Missao Velha,Brazil
Muskogee,United States
Caimito,Cuba
Marijampole,Lithuania
Magsaysay,Philippines
Yayladagi,Turkey
Ipueiras,Brazil
Agogo,Ghana
Elixku,China
Qaladizay,Iraq
Uster,Switzerland
Sao Fidelis,Brazil
Salima,Malawi
Camberley,United Kingdom
Kanie,Japan
La Macarena,Colombia
Sayula,Mexico
Oakton,United States
Tuensang,India
Mulavana,India
Bellaa,Morocco
Kona,Mali
Zaio,Morocco
Manoli,India
Zavolzhye,Russia
Chippenham,United Kingdom
Dargaz,Iran
Rock Island,United States
Lakshmeshwar,India
Koneurgench,Turkmenistan
Bugojno,Bosnia and Herzegovina
Taxisco,Guatemala
Vastervik,Sweden
Houghton le Spring,United Kingdom
San Jose,Uruguay
Zira,India
Wangtuan,China
Tsubata,Japan
Richfield,United States
Karamadai,India
Torres Novas,Portugal
Mandaguari,Brazil
Esik,Kazakhstan
Shatura,Russia
Teruel,Spain
Yasugicho,Japan
Echirolles,France
Or Yehuda,Israel
Enrile,Philippines
Michalovce,Slovakia
Kambove,Congo (Kinshasa)
Yovon,Tajikistan
Xinpo,China
Robertsganj,India
Esquel,Argentina
Ikongo,Madagascar
Thana Bhawan,India
Uryupinsk,Russia
La Presa,United States
Pande,Indonesia
Risalpur Cantonment,Pakistan
Sitakund,Bangladesh
Sorel-Tracy,Canada
Lierre,Belgium
Ulan Hua,China
Muhlhausen,Germany
Hojai,India
Jose Bonifacio,Brazil
Brighton,United States
Matan,China
Saint-Raphael,France
Rosario do Sul,Brazil
Belalcazar,Colombia
Natick,United States
Esch-sur-Alzette,Luxembourg
Whitley Bay,United Kingdom
Aurora,Philippines
Las Navas,Philippines
Demirci,Turkey
Vitrolles,France
Kannan,Japan
Makan,South Africa
South Valley,United States
Kadungutt,India
Kidangazhi,India
Rossano,Italy
Mek'i,Ethiopia
Cantanhede,Portugal
Denton,United Kingdom
Korkino,Russia
Bandhi,Pakistan
Schaffhausen,Switzerland
Irbit,Russia
Jaral del Progreso,Mexico
Tienen,Belgium
Alekseyevka,Russia
Sao Joao da Barra,Brazil
Zoumi,Morocco
Kiryas Joel,United States
Sao Mateus do Sul,Brazil
Ebebiyin,Equatorial Guinea
`Afrin,Syria
Aguelmous,Morocco
Hilliard,United States
Dabutou,China
Emsdetten,Germany
Tunduma,Tanzania
Beloit,United States
Claremont,United States
Nemmara,India
Baishan,China
Yefremov,Russia
Punarakh,India
Novaya Usman',Russia
Barra do Choca,Brazil
Patamundai,India
Bulicun,China
Benapol,Bangladesh
Tomelloso,Spain
Songo,Mozambique
Horasan,Turkey
Binde,Burkina Faso
Bargny,Senegal
Haomen,China
Kajaani,Finland
Neiba,Dominican Republic
Limburg,Germany
Kodaikanal,India
Mamfe,Cameroon
Chelora,India
Dashtobod,Uzbekistan
Winsen,Germany
Knurow,Poland
Berat,Albania
Nueve de Julio,Argentina
Creil,France
Zhetisay,Kazakhstan
Ichchapuram,India
Netishyn,Ukraine
West Bridgford,United Kingdom
Kaniama,Congo (Kinshasa)
Bossangoa,Central African Republic
Oak Creek,United States
Guapiles,Costa Rica
Surab,Pakistan
Andover,United States
Sun Prairie,United States
Athis-Mons,France
Matale,Sri Lanka
Lecherias,Venezuela
Sonson,Colombia
Arawa,Papua New Guinea
Mazidagi,Turkey
Zinzana,Mali
Tocancipa,Colombia
Meyzieu,France
Elmont,United States
Rende,Italy
Purna,India
Onteniente,Spain
Liwonde,Malawi
Estahban,Iran
Sutton in Ashfield,United Kingdom
Anse d'Hainault,Haiti
Byumba,Rwanda
Cegled,Hungary
Ingelheim,Germany
Cumberland,United States
Kaarina,Finland
Simbahan,Philippines
Monaco,Monaco
Namakgale,South Africa
Kinel,Russia
Maur,India
Commack,United States
Merrillville,United States
San Pablo,Colombia
Fuchucho,Japan
Zawyat an Nwacer,Morocco
Borehamwood,United Kingdom
Barra Bonita,Brazil
Upper Arlington,United States
Bjelovar,Croatia
Tomatlan,Mexico
Danihe,China
Wolomin,Poland
Conflans-Sainte-Honorine,France
Jaroslaw,Poland
Porta Westfalica,Germany
San Juan Cotzal,Guatemala
Ez Zahra,Tunisia
Mpessoba,Mali
Woodstock,United States
Nargund,India
Dinas,Philippines
Cabanglasan,Philippines
Douglasville,United States
Voerde,Germany
Kurtalan,Turkey
Spoleto,Italy
Aketao,China
Parappur,India
Yandian,China
Melito di Napoli,Italy
Coatepec Harinas,Mexico
Cisterna di Latina,Italy
Kotma,India
Prey Veng,Cambodia
Farmers Branch,United States
Tuntum,Brazil
San Miguel Acatan,Guatemala
Beiya,China
Crailsheim,Germany
Socorro,United States
Siayan,Philippines
Cuenca,Philippines
Rezh,Russia
Piendamo,Colombia
Chatillon,France
Villefranche-sur-Saone,France
Modugno,Italy
Capalonga,Philippines
Chelmsford,United States
Isla de Maipo,Chile
Palapye,Botswana
Canaman,Philippines
Bollate,Italy
Vyazniki,Russia
Cuyotenango,Guatemala
Goycay,Azerbaijan
Yelizovo,Russia
Gasan,Philippines
Manouba,Tunisia
Taastrup,Denmark
Ouled Beni Messous,Algeria
La Vallee de Jacmel,Haiti
Aparecida,Brazil
Madingou,Congo (Brazzaville)
Dagami,Philippines
Kalaleh,Iran
Uchaly,Russia
San Luis,Philippines
Villeneuve-Saint-Georges,France
Ratchaburi,Thailand
Zacatepec,Mexico
Boende,Congo (Kinshasa)
Ban Mueang Na Tai,Thailand
Rapu-Rapu,Philippines
Nellaya,India
Petit-Trou de Nippes,Haiti
Barira,Philippines
Pingshang,China
Pestel,Haiti
Meppen,Germany
Sareh Mowndeh,"Gambia, The"
Balarampuram,India
Amancio,Cuba
Mieres,Spain
Osorio,Brazil
Mingjian,Taiwan
Kishmat Dhanbari,Bangladesh
Dinhata,India
Dighwara,India
Komatsushimacho,Japan
Garhakota,India
Guaimaro,Cuba
Dicle,Turkey
Novovyatsk,Russia
Lunsar,Sierra Leone
Girau do Ponciano,Brazil
Chatelet,Belgium
Al Jabayish,Iraq
Frankston,Australia
Pervomaisk,Ukraine
Gutalac,Philippines
Castricum,Netherlands
Kamenice,Kosovo
Sunbury,Australia
Berriozabal,Mexico
El Plan,Spain
East Kelowna,Canada
La Porte,United States
Kanada,Japan
Haguenau,France
Dunedin,New Zealand
Mtsensk,Russia
Palaiseau,France
Piui,Brazil
Mouila,Gabon
Pioltello,Italy
Dunedin,United States
Ozu,Japan
Sibuco,Philippines
Hillerod,Denmark
North Ridgeville,United States
Tamamura,Japan
Asilah,Morocco
Matanog,Philippines
Claveria,Philippines
Masasi,Tanzania
Vempalle,India
Wai,India
Viru,Peru
Bombardopolis,Haiti
Malpura,India
Bramhapuri,India
Bad Vilbel,Germany
Miranda de Ebro,Spain
Douar Oulad Hssine,Morocco
Pihani,India
Beslan,Russia
Guayaramerin,Bolivia
Bel-Air,Philippines
Shirdi,India
Zary,Poland
San Carlos Sija,Guatemala
Farafenni,"Gambia, The"
Nim ka Thana,India
Taloda,India
Vohipeno,Madagascar
Ampasina-Maningory,Madagascar
Mugumu,Tanzania
Bugiri,Uganda
Olney,United States
San Luis,United States
Ramsar,Iran
La Libertad,El Salvador
Naduvattam,India
Chekkal,India
Krong Kep,Cambodia
Richmond West,United States
Tlokweng,Botswana
Randallstown,United States
Apia,Samoa
Alapayevsk,Russia
Yorktown,United States
Boyarka,Russia
Minas,Cuba
Pandan,Philippines
Moorpark,United States
Benton,United States
Seika,Japan
Siliana,Tunisia
Uto,Japan
Kaneohe,United States
Tarikere,India
Oued Athmenia,Algeria
Anloga,Ghana
Hellendoorn,Netherlands
Rumonge,Burundi
Az Zahiriyah,West Bank
Lauderdale Lakes,United States
San Lorenzo de Guayubin,Dominican Republic
Ambohibary,Madagascar
Windsor,United States
Yangshuwa,China
Mokokchung,India
Majhaul,India
Roseville,United States
Malmesbury,South Africa
Hyde,United Kingdom
Daiyue,China
San Antonio,Philippines
Dinangorou,Mali
Partur,India
Chieri,Italy
Gorukle,Turkey
Santa Cruz Verapaz,Guatemala
Hendon,United Kingdom
Caivano,Italy
Dumbea,New Caledonia
San Javier,Spain
Jalarpet,India
Maragogipe,Brazil
Tirkadavur,India
Olesnica,Poland
Beja,Portugal
Falkirk,United Kingdom
Huzurnagar,India
Ampelokipoi,Greece
Munro,Argentina
Karak,Pakistan
Jagna,Philippines
Riverhead,United States
Agualva,Portugal
El Mirage,United States
Pantnagar,India
East Meadow,United States
Tammampatti,India
Colinas,Brazil
Parkland,United States
Igarape-Acu,Brazil
Kattipparutti,India
Tambolaka,Indonesia
Fermo,Italy
Plainfield,United States
Varberg,Sweden
Norristown,United States
Morley,United Kingdom
Inver Grove Heights,United States
Marion,United States
Caltagirone,Italy
Azogues,Ecuador
Prestea,Ghana
Kalakkadu,India
Deggendorf,Germany
Coventry,United States
Khair,India
Franklin,United States
Vavatenina,Madagascar
Temple City,United States
Tam Hiep,Vietnam
Alianca,Brazil
Mengdong,China
Kharagpur,India
Nawan Shahr,Pakistan
Pak Chong,Thailand
Midvale,United States
Nokia,Finland
Salisbury,United States
Leamington,Canada
Guane,Cuba
Sainte-Genevieve-des-Bois,France
Sukhothai,Thailand
Kumo,Nigeria
Egypt Lake-Leto,United States
Ewing,United States
Chernyakhovsk,Russia
Vrsac,Serbia
Imbituba,Brazil
Zefat,Israel
Krasnyy Sulin,Russia
Numancia,Philippines
Santa Ana,Philippines
Ipora,Brazil
Collo,Algeria
Macomia,Mozambique
Usuki,Japan
Mahna,India
Shiggaon,India
Sosa,Japan
San Juan,United States
Graaff-Reinet,South Africa
Hole Narsipur,India
Santiago de Tolu,Colombia
Camara de Lobos,Portugal
Miyajima,Japan
Mozdok,Russia
Frolovo,Russia
Inca,Spain
Chitapur,India
Carrollwood,United States
Akhtubinsk,Russia
Port Shepstone,South Africa
Awa,Japan
Al `Aqiq,Saudi Arabia
Owings Mills,United States
Setouchi,Japan
Andujar,Spain
Zhentang,China
Walkden,United Kingdom
Medina,Philippines
Medchal,India
Fruit Cove,United States
Sao Goncalo do Amarante,Brazil
Casiguran,Philippines
Kenton,United Kingdom
Monroe,United States
Kula,Serbia
Saint-Chamond,France
Cha-am,Thailand
San Andres Itzapa,Guatemala
Hoogvliet,Netherlands
Narsampet,India
Shangzhuangcun,China
Isumi,Japan
Uravakonda,India
Veinticinco de Mayo,Argentina
Savanur,India
Aibak,Afghanistan
Bariri,Brazil
Richmond,United States
Niamina,Mali
Sanok,Poland
Sykies,Greece
Cookeville,United States
Catarina,Guatemala
Sarigol,Turkey
Rafiganj,India
Aravankara,India
Mahabo,Madagascar
Pambujan,Philippines
Yangambi,Congo (Kinshasa)
Sirohi,India
Belluno,Italy
Lokbatan,Azerbaijan
Rifu,Japan
Goch,Germany
Miahuatlan de Porfirio Diaz,Mexico
Freehold,United States
Guama Abajo,Cuba
Guacari,Colombia
Sahneh,Iran
Udhampur,India
Saiha,India
Gigante,Colombia
Richmond,United States
Sungaiselam,Indonesia
Kendall West,United States
Chatenay-Malabry,France
Coevorden,Netherlands
Blagoveshchensk,Russia
Yahyali,Turkey
Torrington,United States
Umarga,India
Hamirpur,India
Ringsaker,Norway
Stockbridge,United States
La Concordia,Ecuador
Springville,United States
Cartagena del Chaira,Colombia
Simiganj,Tajikistan
Fair Oaks,United States
Addison,United States
San Andres,Guatemala
Oswego,United States
Tenes,Algeria
Steinfurt,Germany
Accrington,United Kingdom
Pola,Philippines
Minami-Boso,Japan
Ofunato,Japan
Lugoj,Romania
Boca do Acre,Brazil
Tamuin,Mexico
Tallkalakh,Syria
Gahanna,United States
Savalou,Benin
Spisska Nova Ves,Slovakia
Ulliyil,India
Feijo,Brazil
Tomobe,Japan
Smarhon,Belarus
Santuario,Colombia
Pinerolo,Italy
Matanzas,Dominican Republic
Casalecchio di Reno,Italy
Dayr Hafir,Syria
Zorgo,Burkina Faso
Kundian,Pakistan
Bou Noura,Algeria
Angra do Heroismo,Portugal
Buhriz,Iraq
Pampatar,Venezuela
Bautista,Philippines
Ratnapur,Nepal
Morong,Philippines
Baohezhuangcun,China
Hamidiye,Turkey
Guskhara,India
Samokov,Bulgaria
Camamu,Brazil
Chur,Switzerland
Pilar,Brazil
Morohongo,Japan
Unnan,Japan
Yongjing,Taiwan
Roanne,France
Rio Real,Brazil
Cieza,Spain
Morfelden-Walldorf,Germany
Pilao Arcado,Brazil
Dama,China
La Palma,Cuba
Braganca,Portugal
Timbuktu,Mali
Kyshtym,Russia
Tonala,Mexico
Yarumal,Colombia
Romainville,France
American Fork,United States
Lage,Germany
Ati,Chad
Saint-Benoit,Reunion
Conceicao de Jacuipe,Brazil
Villa Adelina,Argentina
Barra do Bugres,Brazil
Tahuna,Indonesia
Villa Ballester,Argentina
Newton,Sierra Leone
Juban,Philippines
Bedesa,Ethiopia
Ciudad de Allende,Mexico
Brunswick,United States
Chakapara,India
Hinesville,United States
Quimbaya,Colombia
Surandai,India
Watertown Town,United States
Aizumi,Japan
Dietzenbach,Germany
Diabali,Mali
Tortosa,Spain
Czechowice-Dziedzice,Poland
Tangancicuaro de Arista,Mexico
Pansol,Philippines
Calumet City,United States
General Villegas,Argentina
Chandanais,Bangladesh
Gandara,Philippines
Evergem,Belgium
Jieshang,China
Azuqueca de Henares,Spain
Auxerre,France
Yecla,Spain
Allacapan,Philippines
Cento,Italy
Usilampatti,India
Orangevale,United States
Baturite,Brazil
Kamata,Japan
Bria,Central African Republic
Datteln,Germany
Winchester,United Kingdom
Victoria Falls,Zimbabwe
Tilingzhai,China
Buenos Aires,Colombia
San Luis,Philippines
Zaventem,Belgium
Praya,Indonesia
Banaz,Turkey
Abra de Ilog,Philippines
Bom Jesus do Itabapoana,Brazil
Perunad,India
Izki,Oman
Wildwood,United States
Oakville,United States
Leer,Germany
Chillum,United States
Aktuluk,Turkey
Tunceli,Turkey
Redmond,United States
Hammam Bou Hadjar,Algeria
Soteapan,Mexico
Fair Lawn,United States
Mahasolo,Madagascar
Sulop,Philippines
Giddalur,India
Mananara Avaratra,Madagascar
Mason,United States
Lingig,Philippines
Jaguariaiva,Brazil
Pappinissheri,India
Tazhakara,India
Trinidad,Philippines
Ikalamavony,Madagascar
Pandaul,India
Adamantina,Brazil
Bibhutpur,India
Qazax,Azerbaijan
Rawatsar,India
Mazarron,Spain
Puerto Lopez,Colombia
Spassk-Dal'niy,Russia
Effia-Kuma,Ghana
Pulppatta,India
Cassino,Italy
Chrzanow,Poland
West Hollywood,United States
Graham,United States
Lebowakgomo,South Africa
Al Hisn,Jordan
San Juan Despi,Spain
Kherrata,Algeria
Confresa,Brazil
Salinas,Ecuador
Vinces,Ecuador
Balasan,Philippines
Sankt Ingbert,Germany
Umarkot,Pakistan
Casilda,Argentina
Yellandu,India
Balingen,Germany
Suong,Cambodia
Rio Grande,Mexico
Sopot,Poland
Ano Liosia,Greece
Ouro Preto d'Oeste,Brazil
Golden Glades,United States
Ieper,Belgium
Koryo,Japan
Tebesbest,Algeria
Bridlington,United Kingdom
San Luis de Since,Colombia
Guimbal,Philippines
Union de Reyes,Cuba
San Pedro de Ycuamandiyu,Paraguay
Munai,Philippines
Charqueadas,Brazil
Sahuarita,United States
Palotina,Brazil
Marancheri,India
Prairieville,United States
Kotah-ye `Ashro,Afghanistan
Maidan Shahr,Afghanistan
Wokha,India
Prado,Brazil
Bethlehem,United States
Maojiatang,China
Cangxi,China
Dikhil,Djibouti
Bapaura,India
Kudachi,India
Harra,India
Mel Nariyappanur,India
Dulhanganj,India
Al Hamdaniyah,Iraq
Shu,Kazakhstan
Aaley,Lebanon
Mannar,Sri Lanka
Awbari,Libya
Firavahana,Madagascar
Fotadrevo,Madagascar
Ibra',Oman
Chakdarra,Pakistan
Negotin,Serbia
Dulay` Rashid,Saudi Arabia
Shaqra',Saudi Arabia
Salkhad,Syria
Tall Salhab,Syria
Magu,Tanzania
Caucagua,Venezuela
Guanta,Venezuela
Brugherio,Italy
San Juan Capistrano,United States
Talanga,Honduras
Pueblo West,United States
Maglaj,Bosnia and Herzegovina
Timberwood Park,United States
Ngaoundal,Cameroon
Istra,Russia
Oildale,United States
Mlimba,Tanzania
Francavilla Fontana,Italy
Padre Bernardo,Brazil
Lesozavodsk,Russia
Niquelandia,Brazil
Shenjiabang,China
Shendang Tingzi,China
Camoapa,Nicaragua
Kaizu,Japan
Tsumeb,Namibia
Chipinge,Zimbabwe
Barsinghausen,Germany
Payao,Philippines
Karumattampatti,India
At Turrah,Jordan
Tenosique,Mexico
Foca,Turkey
Ypane,Paraguay
Tarkwa,Ghana
Gaur,Nepal
Kahoku,Japan
Tambe,Brazil
Ilhabela,Brazil
Lingsugur,India
Jiaoxi,Taiwan
Kuchaiburi,India
Butte,United States
Shiyali,India
Iyo,Japan
Dundee,South Africa
Campoalegre,Colombia
Nyamata,Rwanda
Khodabandeh,Iran
Tamura,Japan
Slavuta,Ukraine
Posse,Brazil
Santa Cruz,Chile
Armenia,El Salvador
Ikot Abasi,Nigeria
Santa Cruz del Norte,Cuba
Juara,Brazil
Madukkarai,India
Piskent,Uzbekistan
Seiyo,Japan
Saarlouis,Germany
Jagodina,Serbia
Ouled Fares,Algeria
Victoria,Chile
Kempen,Germany
Ville Bonheur,Haiti
Wenlangkou,China
Zhitiqara,Kazakhstan
Mendez-Nunez,Philippines
Alandatte,India
Ewell,United Kingdom
Vadigenhalli,India
Aguai,Brazil
University Place,United States
Cernusco sul Naviglio,Italy
Imzouren,Morocco
Sao Jose do Belmonte,Brazil
Millerovo,Russia
Hirakud,India
Munnarkod,India
Mannarakkat,India
Galapagar,Spain
Villajoyosa,Spain
Dragash,Kosovo
Naryn,Kyrgyzstan
Allagadda,India
Rishton,Uzbekistan
Seelze,Germany
Trebic,Czechia
Santa Fe do Sul,Brazil
Limbiate,Italy
Hammam Dalaa,Algeria
Khajamahalpur,India
San Bernardo del Viento,Colombia
Uddevalla,Sweden
Vernier,Switzerland
Macon,France
Sao Luis Gonzaga,Brazil
Kakhovka,Ukraine
Long Beach,United States
Yhu,Paraguay
Safidon,India
Shangcaiyuan,China
Leganes,Philippines
Merseburg,Germany
Kolattupuzha,India
Merritt Island,United States
Zhujiezhen,China
Sion,Switzerland
Gladstone,Australia
Simpang Renggam,Malaysia
Osimo,Italy
Azazga,Algeria
Randolph,United States
Dhamnod,India
Farafangana,Madagascar
Bugasong,Philippines
Wermelskirchen,Germany
Naranjito,Ecuador
Leidschendam,Netherlands
Augusta,Italy
University City,United States
Rio Pardo,Brazil
Le Perreux-Sur-Marne,France
Manamadurai,India
Slagelse,Denmark
Soma,Japan
Northbrook,United States
Abashiri,Japan
Del Rio,United States
East Gwillimbury,Canada
Sarpol-e Zahab,Iran
Marutharod,India
Wedel,Germany
Andapa,Madagascar
Zweibrucken,Germany
Anse-a-Veau,Haiti
Sidi Lakhdar,Algeria
Medgidia,Romania
Misungwi,Tanzania
Guaira,Brazil
Mugnano di Napoli,Italy
Dabouziya,Morocco
Geldern,Germany
Ahrensburg,Germany
Duenas,Philippines
Phokeng,South Africa
Grantham,United Kingdom
Tynaarlo,Netherlands
Zhangziying,China
Canton,United States
Morecambe,United Kingdom
Qasr al Qarabulli,Libya
Manhattan Beach,United States
Abulug,Philippines
Swadlincote,United Kingdom
Yangquan,China
Prosper,United States
Mildura,Australia
Banda,India
Yeonil,South Korea
Ofunato,Japan
Cativa,Panama
Bonifacio,Philippines
Paithan,India
Manitowoc,United States
Falls,United States
Dapoli,India
Sabaneta,Dominican Republic
Canete,Chile
Kulittalai,India
Gisborne,New Zealand
Pasni,Pakistan
Bayog,Philippines
Baft,Iran
Mogpog,Philippines
Santa Maria,Philippines
Fairborn,United States
Cote-Saint-Luc,Canada
Ankola,India
Ain Taya,Algeria
Lebork,Poland
Barugo,Philippines
Sadda,Pakistan
McMinnville,United States
Brzeg,Poland
Tayshet,Russia
Ballesteros,Philippines
Ocuilan de Arteaga,Mexico
Shangzhen,China
Bodoco,Brazil
Santa Fe,Philippines
Lewiston,United States
Curuzu Cuatia,Argentina
Gerash,Iran
Nola,Italy
Formigine,Italy
Aloguinsan,Philippines
Meridian,United States
Smolyan,Bulgaria
Nishihara,Japan
Schoten,Belgium
Saparua,Indonesia
Motosu,Japan
Banes,Cuba
Madakalavaripalli,India
Canicatti,Italy
Belen,Turkey
Hatibanda,Bangladesh
Bela Vista de Goias,Brazil
Zaidpur,India
Sochaczew,Poland
Fort Liberte,Haiti
Exmouth,United Kingdom
Ye,Burma
Kalasin,Thailand
Goto,Japan
North Shields,United Kingdom
Kuji,Japan
Merauke,Indonesia
Itaporanga d'Ajuda,Brazil
Riccione Marina,Italy
Paxtaobod,Uzbekistan
Navodari,Romania
College Park,United States
Boyarka,Ukraine
Meppel,Netherlands
Villena,Spain
Schiltigheim,France
Valparaiso,United States
Biwong,Cameroon
Santa Ana Nextlalpan,Mexico
Goshen,United States
Corsico,Italy
Cherchell,Algeria
Tabor,Czechia
Durazno,Uruguay
Yihezhuang,China
Kulp,Turkey
Houlong,Taiwan
Sao Joaquim de Bicas,Brazil
Viernheim,Germany
Kita Chauhattar,India
Betafo,Madagascar
Garibaldi,Brazil
Pleasant Hill,United States
Derry,United States
Biberach,Germany
Heunghae,South Korea
Korschenbroich,Germany
Phra Phutthabat,Thailand
Same,Tanzania
Spanaway,United States
Stow,United States
Tandubas,Philippines
Degana,India
Bezons,France
La Blanca,Guatemala
Wavre,Belgium
Bathurst,Australia
Swakopmund,Namibia
Isingiro,Uganda
Sokol,Russia
Quilevo,Angola
Aracuai,Brazil
Conegliano,Italy
Westmont,United States
Nandaime,Nicaragua
Licata,Italy
Sao Pedro,Brazil
Almendralejo,Spain
Shinjo,Japan
Almeirim,Brazil
Kalaruch,India
Santa Rosa de Lima,El Salvador
Trappes,France
Pinukpuk,Philippines
Upper Merion,United States
Buchanan,Liberia
Nova Cruz,Brazil
Lautaro,Chile
Fuso,Japan
Aiyappan Kovil,India
Sao Desiderio,Brazil
Trinec,Czechia
Hitchin,United Kingdom
Vedaranniyam,India
Zhangzhengqiao,China
Lixingcun,China
Esposende,Portugal
Pikesville,United States
New Panamao,Philippines
Simunul,Philippines
La Huacana,Mexico
Sibutu,Philippines
Baraidih,India
Colinas do Tocantins,Brazil
Atami,Japan
Roi Et,Thailand
General Nakar,Philippines
Douz,Tunisia
Santa Maria,Philippines
Isfana,Kyrgyzstan
Sao Sebastiao,Brazil
Pangururan,Indonesia
Ubeda,Spain
Badiadka,India
Shahin Dezh,Iran
Toumoukro,CÙte d'Ivoire
Karoi,Zimbabwe
South Riding,United States
Toon,Japan
Bintuni,Indonesia
San Roque,Spain
Sid,Serbia
Curaca,Brazil
Kornwestheim,Germany
Orangeville,Canada
Cariari,Costa Rica
Stuhr,Germany
Apodi,Brazil
Tiruvur,India
Datang,China
Cooper City,United States
Mosonmagyarovar,Hungary
Montgomery Village,United States
Znojmo,Czechia
Bor,Serbia
Dakota Ridge,United States
Lufkin,United States
Talayan,Philippines
Sambir,Ukraine
Les Mureaux,France
Tepeji del Rio de Ocampo,Mexico
Tobelo,Indonesia
Vechta,Germany
Yasynuvata,Ukraine
Kozani,Greece
Kokrajhar,India
Risod,India
Dimona,Israel
New City,United States
Caldono,Colombia
Laoac East,Philippines
Takhemaret,Algeria
Almora,India
Brejo,Brazil
San Agustin,Colombia
Cristalina,Brazil
Shiso,Japan
Balarampur,India
Uonuma,Japan
Cravinhos,Brazil
Gyapekurom,Ghana
Fungurume,Congo (Kinshasa)
Guindulman,Philippines
Pingtang,China
Diakon,Mali
San Dimas,United States
Qingyang,China
Leduc,Canada
Rainham,United Kingdom
San Manuel,Philippines
Beaufort West,South Africa
Lexington,United States
Petrel,Spain
Honaz,Turkey
Titlagarh,India
Cantilan,Philippines
Waris Aliganj,India
Eastchester,United States
Gbarnga,Liberia
San Remigio,Philippines
Podgorze,Poland
Lommel,Belgium
Pagani,Italy
Crown Point,United States
Sint-Pieters-Leeuw,Belgium
Arteijo,Spain
Westlake,United States
Aldaya,Spain
Sao Domingos do Maranhao,Brazil
Palapag,Philippines
Puqiancun,China
Kearney,United States
Jalajala,Philippines
Rudarpur,India
Mirnyy,Russia
San Juan Nepomuceno,Colombia
Minamishiro,Japan
Majagual,Colombia
Syracuse,United States
Divandarreh,Iran
Quinchia,Colombia
Onesti,Romania
Gibraltar,Gibraltar
Eastpointe,United States
Koryazhma,Russia
Vac,Hungary
Zhegaozhen,China
Tamra,Israel
Ankazomiriotra,Madagascar
Maromandia,Madagascar
Mahasoabe,Madagascar
Lushoto,Tanzania
Uelzen,Germany
Nurlat,Russia
Letchworth,United Kingdom
Kallidaikurichi,India
Menen,Belgium
Shariff Aguak,Philippines
San Quintin,Philippines
Vassouras,Brazil
City of Orange,United States
Angri,Italy
Peyziwat,China
Milaor,Philippines
Kignan,Mali
Sharypovo,Russia
Cieszyn,Poland
Sibagat,Philippines
Acatlan de Osorio,Mexico
Lochem,Netherlands
Kakata,Liberia
Likino-Dulevo,Russia
Lanciano,Italy
North Providence,United States
Annigeri,India
San Jose Poaquil,Guatemala
San Juan Evangelista,Mexico
Bassin Bleu,Haiti
Pulgaon,India
Weatherford,United States
Starokostiantyniv,Ukraine
Hemer,Germany
Oued el Alleug,Algeria
Billingham,United Kingdom
Impfondo,Congo (Brazzaville)
Zhuqi,Taiwan
Aznakayevo,Russia
Salt,Spain
Curralinho,Brazil
Initao,Philippines
Mulavur,India
Adrano,Italy
Lupi Viejo,Philippines
Reo,Burkina Faso
Woodridge,United States
Navan,Ireland
Guying,China
Timbio,Colombia
Zhaitangcun,China
Toda Bhim,India
Byadgi,India
Itiuba,Brazil
Lianga,Philippines
Gubkinskiy,Russia
Tabango,Philippines
Desamparados,Costa Rica
Petrovaradin,Serbia
Palmeira,Brazil
Sneek,Netherlands
Sao Luis de Montes Belos,Brazil
Selmane,Algeria
Chaodongcun,China
Nuoro,Italy
Baclaran,Philippines
Kingman,United States
Rheinfelden (Baden),Germany
Beni Tamou,Algeria
Oeiras do Para,Brazil
Leawood,United States
Dao,Philippines
Camiri,Bolivia
Camiri,Bolivia
Bell Ville,Argentina
Golungo Alto,Angola
Jaslo,Poland
Cibolo,United States
San Martin Sacatepequez,Guatemala
Strumica,North Macedonia
Deer Park,United States
Harima,Japan
Waikabubak,Indonesia
IJsselstein,Netherlands
Parras de la Fuente,Mexico
Tobias Fornier,Philippines
Buxin,Taiwan
San Antonio de los Banos,Cuba
Bad Nauheim,Germany
Rio Verde Arriba,Dominican Republic
Radebeul,Germany
Inhambupe,Brazil
Newbury,United Kingdom
Kadungapuram,India
Somoto,Nicaragua
Naguilian,Philippines
Xinzhancun,China
Crema,Italy
Beni Slimane,Algeria
Ghazaouet,Algeria
Englewood,United States
Braco do Norte,Brazil
Bangaon,India
Nejapa,El Salvador
Walla Walla,United States
Puerto Rico,Colombia
Carmel,United States
Aranda de Duero,Spain
Narsipatnam,India
Zhmerynka,Ukraine
Nautanwa,India
Catmon,Philippines
Varzea da Palma,Brazil
Tekes,China
Mankoeng,South Africa
Zacatlan,Mexico
Kadingilan,Philippines
Saint George's,Grenada
Ojiya,Japan
El Ksar,Tunisia
Jaguaribe,Brazil
Chilecito,Argentina
Kovin,Serbia
Kaippakancheri,India
Capoocan,Philippines
Azezo,Ethiopia
Karaagac,Turkey
Leo,Burkina Faso
Zapotiltic,Mexico
Midsalip,Philippines
Grodzisk Mazowiecki,Poland
Vemalwada,India
Dupnitsa,Bulgaria
Statesboro,United States
Xiaotangzhuang,China
Irvine,United Kingdom
Roldanillo,Colombia
Somma Vesuviana,Italy
Landi Kotal,Pakistan
Palmerston,Australia
Tlanchinol,Mexico
Kasba,India
Datu Paglas,Philippines
Kohtla-Jarve,Estonia
Anserma,Colombia
Pierrefitte-sur-Seine,France
Mella,Cuba
Moose Jaw,Canada
Batobato,Philippines
Penha,Brazil
Villa Riva,Dominican Republic
Totana,Spain
San Antero,Colombia
Ylojarvi,Finland
Barhadashi,Nepal
Ono,Japan
Florida,Uruguay
Uniondale,United States
Lianmuqin Kancun,China
Schwedt (Oder),Germany
Demnat,Morocco
Chumphon,Thailand
Alabaster,United States
Cranberry,United States
Kennesaw,United States
Macuro,Venezuela
Houilles,France
Gadsden,United States
Forchheim,Germany
Chascomus,Argentina
`Ajab Shir,Iran
Hampden,United States
Kangasala,Finland
Binche,Belgium
Baldwin,United States
Harker Heights,United States
Morro do Chapeu,Brazil
Batouri,Cameroon
Koh Kong,Cambodia
Atiquizaya,El Salvador
Masiu,Philippines
Sapa Sapa,Philippines
Cotes de Fer,Haiti
Elmina,Ghana
Daganbhuiya,Bangladesh
Iriba,Chad
Qadsayya,Syria
Pitanga,Brazil
Maassluis,Netherlands
Konakovo,Russia
Aleshtar,Iran
Zile,Turkey
Mount Lebanon,United States
Mercedes,Argentina
Bagh,Pakistan
Winsford,United Kingdom
Chavakkad,India
Ixtapan de la Sal,Mexico
Aweil,South Sudan
Port Moody,Canada
Cabarroguis,Philippines
Acornhoek,South Africa
Ayorou,Niger
Columbio,Philippines
Manganam,India
Saint Helier,Jersey
Slantsy,Russia
Sidi Okba,Algeria
Come,Benin
Ribeirao,Brazil
San Vicente,Philippines
Gorizia,Italy
Leticia,Colombia
Niangoloko,Burkina Faso
Bacarra,Philippines
Kamenka,Russia
Corinto,Colombia
Chempalli,India
Nelson,United Kingdom
Pointe-Claire,Canada
Batan,Philippines
Warminster,United States
Castro-Urdiales,Spain
Fraiburgo,Brazil
Silistra,Bulgaria
Neuchatel,Switzerland
Ben Ahmed,Morocco
Sarkoy,Turkey
Radnor,United States
Olkusz,Poland
Dhekiajuli,India
Coxim,Brazil
Badr,Egypt
Ronda,Spain
Goldsboro,United States
Chimbarongo,Chile
Bolvadin,Turkey
Mangalam,India
Kamiimaizumi,Japan
Voznesensk,Ukraine
Poco Redondo,Brazil
Cukurcayir,Turkey
Sabanagrande,Colombia
Santa Ana,Venezuela
Monteiro,Brazil
Vettam,India
Paidha,Uganda
Madhubani,India
Angamali,India
Orodara,Burkina Faso
Getafe,Philippines
Feldkirch,Austria
Darsi,India
Castro,Chile
Siripur,India
My Hoa,Vietnam
Orillia,Canada
Kacanik,Kosovo
Ban Pak Phun,Thailand
Ken Caryl,United States
Butajira,Ethiopia
Date,Japan
Geraardsbergen,Belgium
Manlius,United States
Santiago Juxtlahuaca,Mexico
Oguzeli,Turkey
Paso de Ovejas,Mexico
Kong,CÙte d'Ivoire
Riachao do Jacuipe,Brazil
Asakuchi,Japan
Namhkam,Burma
Madikeri,India
Oulad Hammou,Morocco
Banate,Philippines
Tulum,Mexico
Kondapalle,India
Golbasi,Turkey
Landskrona,Sweden
Ipero,Brazil
Petersburg,United States
Julich,Germany
Uttaradit,Thailand
Loughton,United Kingdom
Bafang,Cameroon
Vintar,Philippines
An'gang,South Korea
Dursunbey,Turkey
Shirakawa-tsuda,Japan
Shiroishi,Japan
Puyo,Ecuador
Batcha,Cameroon
Taishi,Japan
Boujad,Morocco
Al Mindak,Saudi Arabia
Montlucon,France
Argyroupoli,Greece
Bamaur,India
Amparafaravola,Madagascar
Ziniare,Burkina Faso
Dupax Del Norte,Philippines
Estreito,Brazil
Churi,India
Kidamangalam,India
Joao Camara,Brazil
Mohnyin,Burma
Beidou,Taiwan
Obukhiv,Ukraine
Shanawan,Egypt
Huntington Station,United States
Gillette,United States
Nowy Targ,Poland
Hisua,India
Olawa,Poland
Didouche Mourad,Algeria
Muconda,Angola
Calpulalpan,Mexico
Lower Makefield,United States
Zamania,India
Mengdan,China
Mazeikiai,Lithuania
Xincheng,China
Salaya,India
La Mesa,Colombia
Barguna,Bangladesh
Capim Grosso,Brazil
Stratford,Canada
Kampong Speu,Cambodia
Kolin,Czechia
Kavundappadi,India
Pivijay,Colombia
Ceres,South Africa
Bragado,Argentina
Alamat'a,Ethiopia
Geiro,Tanzania
Chester,United States
Gotse Delchev,Bulgaria
Guarambare,Paraguay
Kyrenia,Cyprus
Kartarpur,India
Manghit,Uzbekistan
Borne,India
Epe,Netherlands
Huyton,United Kingdom
Khvaf,Iran
Katiena,Mali
Aguimes,Spain
Pandami,Philippines
Gulkevichi,Russia
Nevers,France
Eirunepe,Brazil
Puerto Cumarebo,Venezuela
Partizansk,Russia
Marignane,France
West Little River,United States
Shamsabad,India
Sereflikochisar,Turkey
Romans-sur-Isere,France
Baocheng,China
Palmeira das Missoes,Brazil
Dipaculao,Philippines
Abingdon,United Kingdom
Shikarpur,India
Helena,United States
Korsakov,Russia
Panuco,Mexico
Kusapin,Panama
Minamikyushu,Japan
Umaria,India
Trowbridge,United Kingdom
Bugembe,Uganda
Knokke-Heist,Belgium
Aosta,Italy
Chernushka,Russia
Shima,Japan
Ross,United States
Tekkebhagam,India
El Arrouch,Algeria
Chanderi,India
Calape,Philippines
Nijar,Spain
Bethel Park,United States
Franklin,United States
Bungoono,Japan
Temascalapa,Mexico
Mushie,Congo (Kinshasa)
Kamaishi,Japan
Timimoun,Algeria
Kareli,India
Castelfranco Emilia,Italy
Lampertheim,Germany
Tutin,Serbia
Taiobeiras,Brazil
`Ain el Hadjel,Algeria
San Luis,Cuba
Didy,Madagascar
Wakabadai,Japan
Touros,Brazil
Valuyki,Russia
Puebloviejo,Colombia
Dalnegorsk,Russia
Las Mercedes,Venezuela
Lubon,Poland
Jishi,China
Martinez,United States
East Lake,United States
Shingu,Japan
Hangal,India
Ksebia,Morocco
Xinbu,Taiwan
Osvaldo Cruz,Brazil
Luxitun,China
Garston,United Kingdom
Ambodimanga II,Madagascar
Vohitromby,Madagascar
Zumbo,Mozambique
Forbe Oroya,Peru
Gumdag,Turkmenistan
Gyzylgaya,Turkmenistan
Qorasuv,Uzbekistan
Nogent-sur-Marne,France
Villafranca di Verona,Italy
Hinda,Congo (Brazzaville)
Spring Valley,United States
Pribram,Czechia
Turkauliya,India
Cottonwood Heights,United States
Clarence,United States
Boxtel,Netherlands
Porto Uniao,Brazil
Andradas,Brazil
Taguasco,Cuba
Sao Paulo de Olivenca,Brazil
Cleburne,United States
Foster City,United States
Achim,Germany
Herrenberg,Germany
Shalingzicun,China
Asse,Belgium
Bembe,Angola
Dellys,Algeria
Ornskoldsvik,Sweden
Itamarandiba,Brazil
Salina,United States
Djenne,Mali
Rencun,China
Dehloran,Iran
Dara,Senegal
Musikot-Khalanga,Nepal
Carapegua,Paraguay
Biritiba-Mirim,Brazil
Castelfranco Veneto,Italy
Saint-Georges,Canada
Araban,Turkey
Dumalinao,Philippines
Elesvaram,India
Yamanashi,Japan
Canyon Lake,United States
Massango,Angola
Aravan,Kyrgyzstan
Sherwood,United States
Baragua,Cuba
Saintard,Haiti
Fatehpur Sikri,India
Escuque,Venezuela
Fort Erie,Canada
Patratu,India
Moninnpebougou,Mali
Clearfield,United States
Dana Point,United States
Sanchor,India
Delbruck,Germany
Aksay,Kazakhstan
Dar Bel Hamri,Morocco
Pantelimon,Romania
Oued Zenati,Algeria
Kifri,Iraq
Rochester,United States
Tawsalun,Burma
Glendale Heights,United States
Kaysville,United States
Lohagaon,India
Lohogaon,India
So,Japan
Watari,Japan
Falmouth,United States
Odacho-oda,Japan
Villanueva,Mexico
Sanana,Indonesia
San Felipe,Mexico
Bell,United States
Kollo,Niger
Novodvinsk,Russia
Cheb,Czechia
Andover,United States
Carache,Venezuela
Kakira,Uganda
Gostivar,North Macedonia
Umarkot,India
Urbano Santos,Brazil
Ames,Spain
Sertania,Brazil
Brooklyn Center,United States
Pilar,Paraguay
Arumuganeri,India
Igrejinha,Brazil
Tecuci,Romania
Baraawe,Somalia
Teutonia,Brazil
Ticul,Mexico
Sighetu Marmatiei,Romania
Buco Zau,Angola
Desert Hot Springs,United States
Parambil,India
Bela Cruz,Brazil
Rubino,CÙte d'Ivoire
Menlo Park,United States
Los Gatos,United States
Ubajara,Brazil
Geesthacht,Germany
Furstenwalde,Germany
Bocas de Satinga,Colombia
Baja,Hungary
Udaipur,India
Sayram,Kazakhstan
Castelo,Brazil
Chand Chaur,India
Val-d'Or,Canada
Saint-Medard-en-Jalles,France
Mankada,India
Ingenio,Spain
Puerto Escondido,Colombia
Balzar,Ecuador
Baroueli,Mali
St. Charles,United States
Kallur,India
Oshnaviyeh,Iran
Sayula de Aleman,Mexico
LaSalle,Canada
Ivaipora,Brazil
Gonglang,China
Rodas,Cuba
Warwick,United Kingdom
Geraldton,Australia
Pasadena,United States
Ansongo,Mali
Vadavalli,India
Savage,United States
Jaguarari,Brazil
Tskhinvali,Georgia
Yufu,Japan
Lens,France
Lathrop,United States
Debagram,India
Sidi Smai'il,Morocco
Goleta,United States
Silvia,Colombia
Cota,Colombia
Nanjikkottai,India
Arcos,Brazil
Sao Joao Batista,Brazil
Xiaodian,China
Vargem Grande Paulista,Brazil
Vilakkudi,India
Yuzhne,Ukraine
Zhanjia,China
Ilawa,Poland
Itaiba,Brazil
City Bell,Argentina
Jamikunta,India
Krabi,Thailand
San Sebastian de Mariquita,Colombia
Earley,United Kingdom
Taranagar,India
Putla Villa de Guerrero,Mexico
El Dificil,Colombia
Belhi,India
Ventspils,Latvia
Frederico Westphalen,Brazil
Dartmouth,United States
Mechraa Bel Ksiri,Morocco
San Lazzaro di Savena,Italy
Ain el Bya,Algeria
Bozdogan,Turkey
Xinyuan,Taiwan
Arris,Algeria
Mayantoc,Philippines
Krasnik,Poland
Motherwell,United Kingdom
Mashiki,Japan
Matalom,Philippines
Diplahan,Philippines
Businga,Congo (Kinshasa)
Shamsabad,India
Inza,Colombia
Isser,Algeria
Lichfield,United Kingdom
Radolfzell am Bodensee,Germany
Erraguntla,India
Balindong,Philippines
Shimanto,Japan
Ain Bessem,Algeria
Ain Smara,Algeria
Villiers-sur-Marne,France
Mateur,Tunisia
Des Moines,United States
Garner,United States
Chemancheri,India
Badoc,Philippines
Godollo,Hungary
Hani,Turkey
I-n-Salah,Algeria
Madira,India
Cacapava do Sul,Brazil
Dolores,Philippines
Lobougoula,Mali
Minamisatsuma,Japan
Garfield,United States
Burgess Hill,United Kingdom
Manwat,India
Shiyeli,Kazakhstan
Shahrabad,Iran
Pombal,Brazil
Baiyan,China
Boryslav,Ukraine
Yinchengpu,China
Ourilandia do Norte,Brazil
Nueva Italia de Ruiz,Mexico
Fallbrook,United States
Sotouboua,Togo
Fucheng,China
Lower Macungie,United States
Sukhoy Log,Russia
Staryy Beyneu,Kazakhstan
Virei,Angola
Chemmaruthi,India
Turaiyur,India
Sendawar,Indonesia
Deurne,Netherlands
Nouna,Burkina Faso
Abbiategrasso,Italy
Omaezaki,Japan
Dioungani,Mali
Vrilissia,Greece
Sosnogorsk,Russia
Bussum,Netherlands
Sindirgi,Turkey
Sitges,Spain
Nedroma,Algeria
Razgrad,Bulgaria
Kamen'-na-Obi,Russia
Ketti,India
Kameda-honcho,Japan
Dumfries,United Kingdom
Pires do Rio,Brazil
Oisterwijk,Netherlands
Chamtha,India
Brighouse,United Kingdom
Massantola,Mali
Dracut,United States
Kiranomena,Madagascar
Yankou,China
Guararapes,Brazil
Shobara,Japan
Kavlinge,Sweden
Pattanapuram,India
Naumburg,Germany
Ire,Nigeria
Lawrence,United States
Florence,United States
Aiken,United States
La Virginia,Colombia
Sasthankotta,India
Manakkara,India
Lumbang,Philippines
Narsinghgarh,India
San Pedro de Uraba,Colombia
Kalyandrug,India
Wigston Magna,United Kingdom
Lugo,Italy
Itzehoe,Germany
Bilzen,Belgium
Oharu,Japan
Namerikawa,Japan
Chancay,Peru
Buenaventura Lakes,United States
Sant'Antimo,Italy
Terga,Algeria
Iranduba,Brazil
Nagarote,Nicaragua
El Abiodh Sidi Cheikh,Algeria
Madinat al Habbaniyah,Iraq
Nurota,Uzbekistan
Tattamangalam,India
Sibiti,Congo (Brazzaville)
Epinal,France
Cachoeira Paulista,Brazil
Littlehampton,United Kingdom
Curanilahue,Chile
Venaria Reale,Italy
Komarno,Slovakia
Agioi Anargyroi,Greece
Messamena,Cameroon
Concon,Chile
Manises,Spain
Tavda,Russia
Chalatenango,El Salvador
Chiche,Guatemala
Penaranda,Philippines
Niena,Mali
Alatyr,Russia
Zarqan,Iran
Zaojiao,China
Primorsko-Akhtarsk,Russia
Jimalalud,Philippines
Bambadinca,Guinea-Bissau
Boro,Mali
Rayleigh,United Kingdom
Guanhaes,Brazil
Tafas,Syria
Sao Bento,Brazil
Termoli,Italy
Laranjeiras do Sul,Brazil
Yokaichiba,Japan
Sebaco,Nicaragua
Paraipaba,Brazil
Arrecifes,Argentina
Spring Valley,United States
Safita,Syria
Lajedo,Brazil
Mallig,Philippines
Kindi,Burkina Faso
Casale Monferrato,Italy
Buloqboshi,Uzbekistan
Cochrane,Canada
Igbaras,Philippines
Maryville,United States
Piombino,Italy
Agen,France
Kristianstad,Sweden
Hutto,United States
Didcot,United Kingdom
Windsor,United Kingdom
Kulebaki,Russia
Long Branch,United States
Estrela,Brazil
Nagato,Japan
Gandu,Brazil
Ibate,Brazil
Massillon,United States
Xangda,China
Aix-les-Bains,France
Matoes,Brazil
Maragogi,Brazil
Homa Bay,Kenya
Catubig,Philippines
Myski,Russia
Yorii,Japan
Papendrecht,Netherlands
Ortega,Colombia
Alubijid,Philippines
Wheat Ridge,United States
Catende,Brazil
Trevani,Mayotte
Koungou,Mayotte
Rokhaty,Tajikistan
Sint-Amandsberg,Belgium
Eramala,India
Miguel Alves,Brazil
Montigny-le-Bretonneux,France
Ganderkesee,Germany
Buguey,Philippines
Utraula,India
O'Fallon,United States
Salug,Philippines
Elk Grove Village,United States
Shilou,China
Pojuca,Brazil
Ptolemaida,Greece
Konan,Japan
San Pedro de Ribas,Spain
Maputsoe,Lesotho
Termas de Rio Hondo,Argentina
Balimbing,Philippines
Caramoran,Philippines
Ribeira Grande,Portugal
Huixtla,Mexico
Canada de Gomez,Argentina
Mizuho,Japan
Campo Alegre,Brazil
Bernburg,Germany
Deptford,United States
Nacogdoches,United States
Odamachi,Japan
Rumbek,South Sudan
Waiyuanshan,Taiwan
Aguilares,Argentina
Guaira,Brazil
Ouro Fino,Brazil
Kukshi,India
Mangur,India
Nueva Concepcion,El Salvador
Oak Ridge,United States
Mardakan,Azerbaijan
Quitilipi,Argentina
Kovur,India
Sami,Burma
Antsohimbondrona,Madagascar
Tamparan,Philippines
Tosno,Russia
Shepparton,Australia
Dhahran,Saudi Arabia
Needham,United States
Remedios,Colombia
Uglich,Russia
Ciudad Sabinas Hidalgo,Mexico
Niksic,Montenegro
Saint Paul's Bay,Malta
Sao Miguel Arcanjo,Brazil
Menglie,China
North Olmsted,United States
Fair Oaks,United States
Munnar,India
Fontana,Argentina
Chachapoyas,Peru
Brasilia de Minas,Brazil
Georgsmarienhutte,Germany
Malangas,Philippines
Bauko,Philippines
Bizen,Japan
San Donato Milanese,Italy
Atwater,United States
Sakaiminato,Japan
Cornelius,United States
Thiais,France
South Kingstown,United States
Santo Tomas,Colombia
Cabaiguan,Cuba
Bandarawela,Sri Lanka
Andriba,Madagascar
Bekoratsaka,Madagascar
Vohilava,Madagascar
Itampolo,Madagascar
Ambano,Madagascar
Ghuenke,Pakistan
Yaguaron,Paraguay
Ezine,Turkey
Makhdumpur,India
Milot,Haiti
Aalsmeer,Netherlands
North Cowichan,Canada
Wrzesnia,Poland
Youwangjie,China
West Odessa,United States
Arzano,Italy
Levice,Slovakia
Plaisir,France
Juneau,United States
Nuevo Progreso,Guatemala
Puraini,India
Mascalucia,Italy
Massafra,Italy
Duluth,United States
Tholikuzhi,India
Beverly Hills,United States
Ban Bang Krang,Thailand
La Concepcion,Nicaragua
Mangalia,Romania
Opelika,United States
Willingboro,United States
Wernigerode,Germany
Nisia Floresta,Brazil
Landecy,Switzerland
Sergio Osmena Sr,Philippines
Milford Mill,United States
Pullman,United States
San Carlos Alzatate,Guatemala
Akouda,Tunisia
Neropolis,Brazil
Erie,United States
Quintero,Chile
Bougaa,Algeria
Santo Antonio do Taua,Brazil
Araguatins,Brazil
Xaxim,Brazil
Oer-Erkenschwick,Germany
Palamel,India
Purattur,India
Warwick,United States
Southport,Australia
Polillo,Philippines
Nilka,China
Oceanside,United States
Santa Maria Capua Vetere,Italy
Erdek,Turkey
Canuelas,Argentina
Atlautla,Mexico
Claveria,Philippines
Lovech,Bulgaria
Cacolo,Angola
Avellaneda,Argentina
Paso del Macho,Mexico
Bayaguana,Dominican Republic
Samut Prakan,Thailand
Turicato,Mexico
Kampong Thom,Cambodia
Jyvaskylan Maalaiskunta,Finland
Alengad,India
Paipa,Colombia
Oudenaarde,Belgium
Dzierzoniow,Poland
Marrero,United States
Newburgh,United States
Gurpinar,Turkey
Allen,Argentina
Buu Long,Vietnam
Palmeiras de Goias,Brazil
Guachaves,Colombia
Maur Kalan,India
Laramie,United States
El Oro de Hidalgo,Mexico
Exu,Brazil
Savonlinna,Finland
Remchi,Algeria
Pampanito,Venezuela
Sherpur,India
Calafell,Spain
Namegata,Japan
Jhanjharpur,India
Tredyffrin,United States
Rahachow,Belarus
Sao Gotardo,Brazil
Sao Bento,Brazil
Alamnagar,India
Palmira,Cuba
Carlsbad,United States
Pekin,United States
Santa Rita,Venezuela
North Huntingdon,United States
San Lucas Toliman,Guatemala
Neuruppin,Germany
Masi-Manimba,Congo (Kinshasa)
Bramsche,Germany
Sun City Center,United States
Tongxiao,Taiwan
Rome,United States
Ithaca,United States
Bagasra,India
Stadskanaal,Netherlands
Hlukhiv,Ukraine
Seguin,United States
Hassi Khelifa,Algeria
Gallipoli,Turkey
Kottaikuppam,India
Ferrenafe,Peru
San Pablo,United States
Velliyod,India
Komagane,Japan
Pantabangan,Philippines
Tubao,Philippines
Bocana de Paiwas,Nicaragua
Singia,India
General Jose de San Martin,Argentina
Descalvado,Brazil
Pimenta Bueno,Brazil
Tekkekara Kizhakku,India
'Ain Abid,Algeria
La Mana,Ecuador
Farrokh Shahr,Iran
Dania Beach,United States
Sadabad,India
Chapa de Mota,Mexico
Amatenango de la Frontera,Mexico
Al `Aydabi,Saudi Arabia
Lake Magdalene,United States
Donggou,China
La Uruca,Costa Rica
Maebara,Japan
West Bend,United States
Kochugaon,India
Staffanstorp,Sweden
Tuljapur,India
Bostanici,Turkey
Kavar,Iran
Santa Catarina Mita,Guatemala
Sitionuevo,Colombia
El Palmar,Guatemala
Jaguaruana,Brazil
Oldenzaal,Netherlands
Bethany,United States
Ostrogozhsk,Russia
Lalgola,India
Baraderes,Haiti
Sigma,Philippines
Rushden,United Kingdom
Amecameca de Juarez,Mexico
Orestiada,Greece
Zhaoyu,China
Jasim,Syria
Bagrami,Afghanistan
Itapicuru,Brazil
Otegen Batyr,Kazakhstan
Kumba,Cameroon
Masur,India
Vught,Netherlands
Bangor,United States
Shimizucho,Japan
Nautan Dube,India
Barros Blancos,Uruguay
Rumuruti,Kenya
Calubian,Philippines
Capela,Brazil
Saint-Laurent-du-Var,France
Siquirres,Costa Rica
Naugatuck,United States
Yeovil,United Kingdom
Nueva Imperial,Chile
Mundelein,United States
Nicholasville,United States
Balyqshy,Kazakhstan
Pontoise,France
Morro Agudo,Brazil
Zentsujicho,Japan
Middle River,United States
Kiryandongo,Uganda
Tecozautla,Mexico
Osawa,Japan
Kuroishi,Japan
Jesus Maria,Argentina
Jalpatagua,Guatemala
Jerez,Guatemala
Bel Air North,United States
Chum Phae,Thailand
Carballo,Spain
Favara,Italy
Media Luna,Cuba
Chorbog,Tajikistan
Masatepe,Nicaragua
Zepce,Bosnia and Herzegovina
Pruszcz Gdanski,Poland
Lloydminster,Canada
Manlin,China
Altenburg,Germany
Great Sankey,United Kingdom
Nanyuki,Kenya
Merida,Philippines
Rass el Djebel,Tunisia
Fangyuan,Taiwan
Cambrai,France
Fitchburg,United States
New Bern,United States
Cururupu,Brazil
Katagami,Japan
Vienne,France
Pehuajo,Argentina
Cueto,Cuba
Lakeside,United States
Thazhamel,India
Hayama,Japan
Rahatgarh,India
Ayabe,Japan
I`zaz,Syria
Ivrindi,Turkey
Shawnee,United States
Puerto Wilches,Colombia
Shikarpur,India
Kurivikod,India
Centereach,United States
Buzovna,Azerbaijan
Encrucijada,Cuba
Prestwich,United Kingdom
Cholavandan,India
Voula,Greece
Charthawal,India
Knjazevac,Serbia
Eagle,United States
Epsom,United Kingdom
Dialoube,Mali
Colombia,Cuba
Qara,Saudi Arabia
Rillieux-la-Pape,France
Samdhin,India
LaGrange,United States
Dej,Romania
Sejiyon,North Korea
Zug,Switzerland
Elur,India
Mandaguacu,Brazil
Mont-de-Marsan,France
Bangassou,Central African Republic
Airmadidi,Indonesia
Parambu,Brazil
Save,Benin
Chambly,Canada
Zionsville,United States
Kalisizo,Uganda
Nagdha Simla,Bangladesh
Jam,Iran
Trebinje,Bosnia and Herzegovina
Forquilhinha,Brazil
Zeghanghane,Morocco
Nauagarhi,India
Deori Khas,India
Renkum,Netherlands
Nieuw-Vennep,Netherlands
Lemery,Philippines
Wevelgem,Belgium
Dagestanskiye Ogni,Russia
Areka,Ethiopia
Hoyerswerda,Germany
Kunnatnad,India
Neira,Colombia
Kolachel,India
Kaseda-shirakame,Japan
Sanha,India
Shentang,China
Halden,Norway
Yawatahama-shi,Japan
Vellanad,India
Ilhavo,Portugal
Draa Ben Khedda,Algeria
Alcazar de San Juan,Spain
Aspropyrgos,Greece
Buyan,Taiwan
Norwood,United States
Navalcarnero,Spain
Christchurch,United Kingdom
Puerto de la Cruz,Spain
Courcelles,Belgium
Myoko,Japan
Colider,Brazil
Bolobo,Congo (Kinshasa)
Sri Madhopur,India
Novoyavorovskoye,Ukraine
Bagac,Philippines
Humenne,Slovakia
Villaricca,Italy
Dasol,Philippines
Point Pedro,Sri Lanka
Guamo,Colombia
Maralal,Kenya
Mossaka,Congo (Brazzaville)
Lumding,India
Candido Mota,Brazil
Waddinxveen,Netherlands
Dimataling,Philippines
Wenxian Chengguanzhen,China
L'Hay-les-Roses,France
Odorheiu Secuiesc,Romania
Klela,Mali
Diemen,Netherlands
Hitoyoshi,Japan
Marathonas,Greece
Monjas,Guatemala
Rio das Pedras,Brazil
Gongguan,Taiwan
Rio Negro,Brazil
Bluffton,United States
Tanmen,China
Sherpur Khurd,India
Aracoiaba da Serra,Brazil
Ibanda,Uganda
Netivot,Israel
Imisli,Azerbaijan
Magsingal,Philippines
Cholargos,Greece
Rio Bravo,Guatemala
Burgdorf,Germany
Zaqatala,Azerbaijan
Eyvan,Iran
Mahallat Damanah,Egypt
Amarante do Maranhao,Brazil
Shimotoba,Japan
Yby Yau,Paraguay
Ennery,Haiti
Orcutt,United States
Aguada de Pasajeros,Cuba
Ibaraki,Japan
Ivisan,Philippines
Bay Shore,United States
Bandeirantes,Brazil
President Roxas,Philippines
Cuauhtemoc,Mexico
Vadakakarai,India
Tiquipaya,Bolivia
Boghni,Algeria
Oiso,Japan
Petrovac na Mlavi,Serbia
Hendrik-Ido-Ambacht,Netherlands
Inkhil,Syria
Terre Neuve,Haiti
Kreuztal,Germany
Sterling,United States
Parnarama,Brazil
Naspur,India
Mamaroneck,United States
Carangola,Brazil
Unchagao,India
Holladay,United States
Vigneux-sur-Seine,France
Capelinha,Brazil
Esperanca,Brazil
Barrinha,Brazil
Andirin,Turkey
Changuinola,Panama
Valkenswaard,Netherlands
Rosmalen,Netherlands
Cicero,United States
Pocone,Brazil
Itaperucu,Brazil
New Smyrna Beach,United States
Bittou,Burkina Faso
Alba,Italy
Tacuba,El Salvador
Pontypridd,United Kingdom
Kadinhani,Turkey
Dreux,France
Duanshan,China
Santa Paula,United States
Usinsk,Russia
Gevelsberg,Germany
Yahsihan,Turkey
Lobos,Argentina
Rutherglen,United Kingdom
Dyurtyuli,Russia
Sakaraha,Madagascar
Paracelis,Philippines
Tewksbury,United States
Saint Neots,United Kingdom
Siraway,Philippines
Port Chester,United States
Khanah Sur,Iraq
Buenavista,Philippines
Haines City,United States
Podili,India
Yaita,Japan
SeaTac,United States
Tongeren,Belgium
Gata,Philippines
Ambatomiady,Madagascar
Beizhuang,China
Sovetskiy,Russia
Shrigonda,India
Fomento,Cuba
Friedberg,Germany
Goiatuba,Brazil
Livingston,United States
Ecclesfield,United Kingdom
Ngudu,Tanzania
Kalliyassheri,India
Rosa Zarate,Ecuador
Socorro,Colombia
Tequila,Mexico
Lawndale,United States
Viry-Chatillon,France
Yingyangcun,China
Amargosa,Brazil
Chatellerault,France
Bembereke,Benin
Bachhraon,India
Sakhnin,Israel
Tancitaro,Mexico
Danghara,Tajikistan
Rheinberg,Germany
Sabana Grande de Boya,Dominican Republic
Coria del Rio,Spain
Montebelluna,Italy
Centre Wellington,Canada
Vibo Valentia,Italy
Sasaguri,Japan
Bedworth,United Kingdom
Huangxicun,China
Tangua,Brazil
Culleredo,Spain
San Juan Ixcoy,Guatemala
Atotonilco de Tula,Mexico
Nantan,Japan
Weil am Rhein,Germany
Alamogordo,United States
Cambita Garabitos,Dominican Republic
Manaratsandry,Madagascar
Malaikkal,India
Lagos,Portugal
Pompeu,Brazil
Arcos de la Frontera,Spain
Petrosani,Romania
Southlake,United States
Tairan Camp,Philippines
Tummapala,India
Mushabani,India
Pushangcun,China
Chantal,Haiti
Espinho,Portugal
Karera,India
West Warwick,United States
North Andover,United States
Dover,United Kingdom
Chuhuiv,Ukraine
North Royalton,United States
Hopkinsville,United States
Voorhees,United States
Malakanagiri,India
Konseguela,Mali
Rodolfo Sanchez Taboada,Mexico
Sao Jose do Egito,Brazil
Dashao,China
Vohitrandriana,Madagascar
Andranovory,Madagascar
Wobulenzi,Uganda
San Vicente,Costa Rica
Sagwara,India
Northport,United States
Iguape,Brazil
Diffa,Niger
Arraial do Cabo,Brazil
Pisek,Czechia
Santa Vitoria do Palmar,Brazil
Ban Chang,Thailand
Gimbi,Ethiopia
Ban Ang Sila,Thailand
Thal,Pakistan
Lucera,Italy
Yaese,Japan
Can,Turkey
La Paz,Philippines
Begles,France
Irituia,Brazil
Goussainville,France
Dachen,China
Tawaramoto,Japan
Mocimboa da Praia,Mozambique
Tarakeswar,India
Minas de Matahambre,Cuba
Wanghong Yidui,China
Badami,India
Husainabad,India
Save,Rwanda
Werl,Germany
Chagne,Ethiopia
Bella Vista,United States
Dedza,Malawi
Laguna Hills,United States
Sacele,Romania
Mlawa,Poland
Jeremie,Haiti
Arsin,Turkey
Salgotarjan,Hungary
Itatiaia,Brazil
Cicero Dantas,Brazil
Canavieiras,Brazil
Pichanal,Argentina
Escuintla,Mexico
Lohmar,Germany
Springfield,United States
Flores da Cunha,Brazil
Okagaki,Japan
Walsrode,Germany
Kaminokawa,Japan
Bairi Chak,India
Neuburg,Germany
Pontefract,United Kingdom
Champoton,Mexico
Sao Luis do Quitunde,Brazil
Leh,India
Pattanakkad,India
Sabirabad,Azerbaijan
San Antonio Ilotenango,Guatemala
Sholinghur,India
Dharampur,India
Juanacatlan,Mexico
Carpentras,France
Bicester,United Kingdom
Manavadar,India
Palaiya Ayakkudi,India
Careiro da Varzea,Brazil
Vinkovci,Croatia
Kalgoorlie,Australia
Capulhuac,Mexico
Kostopil,Ukraine
Ballwin,United States
Saraykoy,Turkey
Sanford,United States
Nartkala,Russia
Ulundi,South Africa
Haywards Heath,United Kingdom
Al Husayniyah,Egypt
Chinnalapatti,India
Ridley,United States
Taunusstein,Germany
Tiruvambadi,India
Pattittara,India
Arlon,Belgium
Korinthos,Greece
Lohagara,Bangladesh
Salou,Spain
Vitoria do Mearim,Brazil
Dharmadam,India
Ungheni,Moldova
La Verne,United States
Nalchiti,Bangladesh
Lavras da Mangabeira,Brazil
Ganassi,Philippines
Trekhgornyy,Russia
Qo`rg`ontepa,Uzbekistan
Jonuta,Mexico
Careiro,Brazil
Nardo,Italy
Escuinapa,Mexico
Wallkill,United States
Rio Blanco,Nicaragua
Barao de Cocais,Brazil
Busia,Kenya
North Chicago,United States
Bad Hersfeld,Germany
Mahemdavad,India
Pascani,Romania
Andingcun,China
Tsuruno,Japan
Westfield,United States
San Narciso,Philippines
Guaranda,Ecuador
Gadarpur,India
Ban Sai Ma Tai,Thailand
Ulliyeri,India
Ferizli,Turkey
Tekkali,India
Chak Five Hundred Seventy-five,Pakistan
Oakleaf Plantation,United States
Los Altos,United States
Udaypur Gadhi,Nepal
Miami Lakes,United States
Einbeck,Germany
San Sebastian,Guatemala
San Isidro,Philippines
Pedana,India
Mattathur,India
Alem Paraiba,Brazil
Osterholz-Scharmbeck,Germany
Agblangandan,Benin
Juatuba,Brazil
Aglipay,Philippines
Riacho de Santana,Brazil
Sekiyado,Japan
Dois Irmaos,Brazil
Tekeli,Kazakhstan
Pandua,India
Nova Russas,Brazil
Babura,India
Vichuga,Russia
Washington,United States
Treviglio,Italy
Ciudad Melchor de Mencos,Guatemala
San Ramon,Nicaragua
Czeladz,Poland
Becej,Serbia
Cruz del Eje,Argentina
Tepetlaoxtoc,Mexico
Banning,United States
Bannur,India
Partinico,Italy
Campo Alegre de Lourdes,Brazil
Moche,Peru
Friedberg,Germany
Balatan,Philippines
Presidente Figueiredo,Brazil
Gobernador Virasora,Argentina
Catole do Rocha,Brazil
Lahij,Yemen
Chuo,Japan
West Falls Church,United States
Novovoronezh,Russia
Gamu,Philippines
Chengam,India
Tabuleiro do Norte,Brazil
San Giuliano Terme,Italy
Nazare da Mata,Brazil
Salem,United States
Ardesen,Turkey
Juquitiba,Brazil
Luis Correia,Brazil
Yunoshima,Japan
Savigny-le-Temple,France
Santana do Acarau,Brazil
Lawrenceville,United States
Eldersburg,United States
Victoria,Argentina
Police,Poland
Mataas Na Kahoy,Philippines
Jarinu,Brazil
Valdepenas,Spain
Carapo,Brazil
Kaele,Cameroon
Sao Jose da Tapera,Brazil
Keles,Uzbekistan
Capim,Brazil
Taozhuangcun,China
Diema,Mali
Banamba,Mali
Grottaglie,Italy
Crevillente,Spain
Correntina,Brazil
Talakkad,India
Devarshola,India
Birtouta,Algeria
Ain Kercha,Algeria
Buey Arriba,Cuba
Hafnarfjordhur,Iceland
Domingos Martins,Brazil
Sarno,Italy
Franklin Square,United States
Haan,Germany
Spalding,United Kingdom
Illescas,Spain
Ozd,Hungary
Rendsburg,Germany
Leusden,Netherlands
Xingang,Taiwan
Sokuluk,Kyrgyzstan
Osmancik,Turkey
Olopa,Guatemala
Suzak,Kyrgyzstan
Founougo,Benin
Cachan,France
Burlingame,United States
Liptovsky Mikulas,Slovakia
Hayrabolu,Turkey
Gariadhar,India
Anilao,Philippines
Ouatagouna,Mali
Bongor,Chad
Aungban,Burma
Westville,South Africa
Farsan,Iran
Ennepetal,Germany
Sankaramangalam,India
Nagawaram,India
Igbanke,Nigeria
Thung Song,Thailand
Khorugh,Tajikistan
Giannitsa,Greece
Stratford-upon-Avon,United Kingdom
Hellin,Spain
Masho Khel,Pakistan
Mainaguri,India
Rotterdam,United States
Gurnee,United States
Pamukova,Turkey
Pau dos Ferros,Brazil
Gubbio,Italy
Amir Kola,Iran
Torrijos,Philippines
Karuvakulam,India
Morrisville,United States
Mukumbura,Zimbabwe
Ferry Pass,United States
Santa Barbara,Brazil
Vestal,United States
Rietberg,Germany
Yanai,Japan
Afonso Claudio,Brazil
Motema,Sierra Leone
Princeton,United States
Ar Ruhaybah,Syria
Ono,Japan
Liberty,United States
Tchindjendje,Angola
Espinosa,Brazil
Ash Shinan,Saudi Arabia
Uran,India
Maguing,Philippines
Bandar-e Lengeh,Iran
Mandera,Kenya
Magdalena de Kino,Mexico
Redan,United States
Pontal do Parana,Brazil
Parkville,United States
Quillabamba,Peru
Bala Koh,Afghanistan
Myszkow,Poland
Kailahun,Sierra Leone
Andernach,Germany
Karjan,India
Okotoks,Canada
Schonebeck,Germany
Pittsford,United States
Motomiya,Japan
Banlung,Cambodia
Muvattupula,India
Salyan,Azerbaijan
Manawar,India
Avola,Italy
Tripoli,Greece
Samrong,Thailand
Amaga,Colombia
Dedovsk,Russia
Ob,Russia
Chamblee,United States
Ondangwa,Namibia
Oristano,Italy
Kuttanallur,India
Dhari,India
Itarema,Brazil
Mansa,India
Newark upon Trent,United Kingdom
Nanyo,Japan
North Tonawanda,United States
Temascaltepec de Gonzalez,Mexico
Saratoga,United States
Zywiec,Poland
Alma,Canada
Oulad Barhil,Morocco
Rehli,India
Kanzakimachi-kanzaki,Japan
Menton,France
Hirakawacho,Japan
Fengrenxu,China
Huatabampo,Mexico
Trindade,Brazil
Graneros,Chile
Abu Suwayr,Egypt
Shahpura,India
Sallimedu,India
Xinpo,China
Kessel-Lo,Belgium
Pothuhera,Sri Lanka
Kurunegala,Sri Lanka
Al 'Attawia,Morocco
Telimele,Guinea
Geliping,China
Brownsburg,United States
Newark,United States
Segala Mba,Mali
Northolt,United Kingdom
Milford,United States
Chimichagua,Colombia
San Salvador El Seco,Mexico
Dolores,Guatemala
To`raqo`rg`on,Uzbekistan
Koni,India
Cabrobo,Brazil
Wishaw,United Kingdom
Ris-Orangis,France
Bai Chay,Vietnam
Chimakurti,India
Granger,United States
Vinaroz,Spain
Sungurlu,Turkey
Ometepec,Mexico
Idil,Turkey
San Gregorio de Nigua,Dominican Republic
Benguema,Sierra Leone
Bardejov,Slovakia
Candelaria,Philippines
Niles,United States
Jima Abajo,Dominican Republic
Majidpur,Bangladesh
Caycuma,Turkey
Jinka,Ethiopia
Bir Jdid,Morocco
Pantao-Ragat,Philippines
Zhedao,China
Harpenden,United Kingdom
Las Nieves,Philippines
Schwandorf,Germany
Falou,Mali
Salamina,Greece
Huanta,Peru
Highland Park,United States
Middletown,United States
Chabet el Ameur,Algeria
Taramangalam,India
Serdobsk,Russia
Anse-a-Foleur,Haiti
Best,Netherlands
Austintown,United States
Wik'ro,Ethiopia
Lewe,Burma
Uithoorn,Netherlands
Anjad,India
Qaratau,Kazakhstan
Berriane,Algeria
Daheba,China
Whitstable,United Kingdom
Balabanovo,Russia
Tsuru,Japan
Gaggenau,Germany
Calintaan,Philippines
Malakoff,France
Waterloo,Belgium
Metamorfosi,Greece
Ndora,Rwanda
Djendel,Algeria
Kaipram,India
Kibiti,Tanzania
Claudio,Brazil
Bankass,Mali
Yverdon-les-Bains,Switzerland
Periyanayakkanpalaiyam,India
Lewoleba,Indonesia
Ypacarai,Paraguay
Egra,India
Inami,Japan
Joacaba,Brazil
Anse a Pitre,Haiti
Ostuni,Italy
Catarroja,Spain
Bretten,Germany
Quezaltepeque,Guatemala
Piagapo,Philippines
Kanniparamba,India
San Giuseppe Vesuviano,Italy
Candijay,Philippines
Mussoorie,India
Marogong,Philippines
Planadas,Colombia
Pulupandan,Philippines
San Miguel,Philippines
Dar Ould Zidouh,Morocco
Lievin,France
Mucari,Angola
Gukeng,Taiwan
Persembe,Turkey
Miramar,Argentina
Sakti,India
Dumalag,Philippines
Rury,Poland
Gumduru,India
Balete,Philippines
Rahimpur,India
Postmasburg,South Africa
Marimba,Angola
Minudasht,Iran
Rosignano Marittimo,Italy
Cramlington,United Kingdom
Oltu,Turkey
Summerlin South,United States
Ruskin,United States
Merzig,Germany
Bou Arfa,Morocco
Muratli,Turkey
Kondarangi Kiranur,India
Iguig,Philippines
Wuyuan,China
Monte Patria,Chile
Nethirimangalam,India
McDonough,United States
Margram,India
Chatou,France
Bad Zwischenahn,Germany
Bowling Green,United States
Sainte-Julie,Canada
Milazzo,Italy
Tchibanga,Gabon
Oulad Zemam,Morocco
Nanchital de Lazaro Cardenas del Rio,Mexico
Beni Khiar,Tunisia
Villa Regina,Argentina
Zemoura,Algeria
Degeh Bur,Ethiopia
Brandsen,Argentina
Kericho,Kenya
Alacuas,Spain
Cahul,Moldova
Dauin,Philippines
Comiso,Italy
Drexel Hill,United States
Kulat,Indonesia
Mahugaon,India
Jamalpur,India
Arda,India
Santa Maria,Philippines
Balungao,Philippines
Qahderijan,Iran
Gongyefu,China
Liaojiayuan,China
Tarrafal,Cabo Verde
Les Palmes,Haiti
Mundahal Khurd,India
Masabdisa,India
Ranpur,India
Patri,India
Edassheri,India
Mundi,India
Padappakara,India
Tirwa,India
Baghmari,India
Hasanparti,India
Sarpavaram,India
Dhandhuka,India
`Aynkawah,Iraq
Jalawla',Iraq
Mutsamudu,Comoros
Chmistar,Lebanon
El Fanar,Lebanon
Bent Jbail,Lebanon
Zgharta,Lebanon
Andranomanelatra,Madagascar
Tsitondroina,Madagascar
Ambinanitelo,Madagascar
Ambalavao,Madagascar
Majuro,Marshall Islands
Bourem Guindou,Mali
Du Yar,Burma
Arvayheer,Mongolia
Kuah,Malaysia
Dulmial,Pakistan
Malak Abad,Pakistan
Makhdum Rashid,Pakistan
Maleme Hodar,Senegal
Uar Esgudud,Somalia
Ikoto,South Sudan
Tecoluca,El Salvador
Kafr Nubl,Syria
Fang,Thailand
Anew,Turkmenistan
Mpwapwa,Tanzania
Kayunga,Uganda
Kamonkoli,Uganda
Pop,Uzbekistan
Saundhonwali,India
Salay,Philippines
Parakadavu,India
Eshtehard,Iran
Panagyurishte,Bulgaria
Dala,Angola
Soledade,Brazil
Sombrio,Brazil
Koratgi,India
Askoy,Norway
Meschede,Germany
Kamisato,Japan
Anchieta,Brazil
Navapur,India
Riga,India
Kaminoyama,Japan
Villemomble,France
Birur,India
Zgorzelec,Poland
Aarschot,Belgium
Kotturu,India
Holbaek,Denmark
Garopaba,Brazil
Matthews,United States
Saint-Constant,Canada
Radcliffe,United Kingdom
Tebourba,Tunisia
Agno,Philippines
Verbania,Italy
Fridley,United States
Paragould,United States
Gerakas,Greece
Dalin,Taiwan
Greenville,United States
Pind Dadan Khan,Pakistan
Manduria,Italy
Marhaura,India
Winter Park,United States
Ragan Sur,Philippines
Santa Rita,Honduras
Mohyliv-Podilskyi,Ukraine
Imbituva,Brazil
Subotica,Serbia
Carshalton,United Kingdom
Elektrogorsk,Russia
Triprangottur,India
General Alvear,Argentina
Dandenong,Australia
Wellesley,United States
Decines-Charpieu,France
Algonquin,United States
Mahon,Spain
Northfleet,United Kingdom
Plympton,United Kingdom
Panakkudi,India
Taza,Morocco
Bogdanovich,Russia
Serra Negra,Brazil
Durango,Spain
Conguaco,Guatemala
Aral,Kazakhstan
Pinhao,Brazil
Hazleton,United States
San Andres del Rabanedo,Spain
Mandali,Iraq
San Roque,Philippines
Mabole,Sri Lanka
Padada,Philippines
Crofton,United States
Perigueux,France
Werve,Germany
Balabagan,Philippines
Gloucester,United States
Saint-Cloud,France
El Idrissia,Algeria
Villa Dolores,Argentina
Al Madad,Yemen
Be'er Ya`aqov,Israel
San Andres Xecul,Guatemala
Xiaba,China
Quiapo,Philippines
Puente-Genil,Spain
El Kseur,Algeria
Waslala,Nicaragua
East Windsor,United States
Ozhur,India
Kabalo,Congo (Kinshasa)
La Garenne-Colombes,France
Draveil,France
San Luis,Philippines
Motala,Sweden
Bourgoin-Jallieu,France
Kodayattur,India
Petite Riviere de Nippes,Haiti
Nanga Eboko,Cameroon
Shibancun,China
Oosterend,Netherlands
Shetang,China
Tiruvegapra,India
Thuan Tien,Vietnam
Krishnarajpet,India
Tequisquiapan,Mexico
Bontoc,Philippines
Guapi,Colombia
Talwara,India
San Carlos,United States
Dzyarzhynsk,Belarus
Santa Elena de Uairen,Venezuela
Fresno,Colombia
Kaita,Japan
West Windsor,United States
Antsampandrano,Madagascar
Oelde,Germany
Madavur,India
Hengshuicun,China
Dahana,Tajikistan
Ramnicu Sarat,Romania
Santa Cruz,Venezuela
Monterey,United States
Bulwell,United Kingdom
Nutley,United States
Mount Hagen,Papua New Guinea
Mananasy-Tsitakondaza,Madagascar
Charneca,Portugal
Cruz,Brazil
Ancon,Panama
Nattam,India
Guyancourt,France
Benito Soliven,Philippines
Bazeh Kalagh,Iran
Chahchaheh,Iran
Bozmargi,Iran
Kalateh-ye Mir Ab,Iran
Vera Cruz,Brazil
Santiago do Cacem,Portugal
Rahway,United States
Perico,Cuba
Reghin,Romania
Vyatskiye Polyany,Russia
Landsberg,Germany
Sardrud,Iran
Phu My,Vietnam
Atascadero,United States
Atbasar,Kazakhstan
Mbanga,Cameroon
Yong'ancun,China
Tabio,Colombia
Devarkonda,India
Heesch,Netherlands
Igarapava,Brazil
Tena,Ecuador
Tournefeuille,France
Orchard Park,United States
Karahrud,Iran
East Fishkill,United States
Savanette,Haiti
Makato,Philippines
Orchards,United States
Bergen,Netherlands
Furmanov,Russia
Buenavista,Philippines
Szekszard,Hungary
Bunyan,Turkey
Kloof,South Africa
Nu`ayjah,Qatar
Hengchun,Taiwan
Acajutla,El Salvador
Vandoeuvre-les-Nancy,France
Kitaakita,Japan
La Oliva,Spain
Parsuram,Bangladesh
Sursand,India
San Jacinto,Philippines
Buriti,Brazil
Hosdurga,India
Manjo,Cameroon
Uychi,Uzbekistan
Nepanagar,India
Zaragoza,El Salvador
La Rinconada,Peru
Pasuquin,Philippines
Newtownards,United Kingdom
Vlasotince,Serbia
Canguaretama,Brazil
Zaragoza,Guatemala
Stung Treng,Cambodia
Piraju,Brazil
Yingshouyingzi,China
Pedras de Fogo,Brazil
Warrnambool,Australia
Toksun,China
Galesburg,United States
Synelnykove,Ukraine
West Rembo,Philippines
Husnabad,India
Hobart,United States
Novyi Rozdil,Ukraine
Monfalcone,Italy
Puthupalli,India
Selouane,Morocco
Schererville,United States
Villa Donato Guerra,Mexico
Bregenz,Austria
Jamai,India
Pati do Alferes,Brazil
Alquizar,Cuba
Placer,Philippines
Xinmin,China
Agde,France
Chikuzen,Japan
Benicarlo,Spain
Central,United States
Kalpatta,India
Mannargudi,India
Agdas,Azerbaijan
Veliyangod,India
Kendal,United Kingdom
Fritissa,Morocco
Laurel,United States
Villa Gesell,Argentina
Raytown,United States
San Agustin Chahal,Guatemala
Dayr Abu Sa`id,Jordan
Mangdongshan,China
Kollengode,India
Waltrop,Germany
Trutnov,Czechia
Rarott,India
South Ubian,Philippines
Gustrow,Germany
Barbosa,Colombia
Point Fortin,Trinidad and Tobago
Mashan,China
Tokmak,Ukraine
Lakheri,India
Xalatlaco,Mexico
Inagawa,Japan
Limoeiro do Ajuru,Brazil
Zamboanguita,Philippines
Pedro Betancourt,Cuba
Anderson,United States
Bogoroditsk,Russia
Johnston,United States
Bafata,Guinea-Bissau
Antsahalava,Madagascar
Chiknayakanhalli,India
Rota,Spain
Clichy-sous-Bois,France
Southgate,United States
Maranga,India
Marmara Ereglisi,Turkey
Paraty,Brazil
Purificacion,Colombia
Cambui,Brazil
Behror,India
Sumilao,Philippines
Longhong,China
Olocuilta,El Salvador
Burton,United States
Temse,Belgium
Bra,Italy
Vallentuna,Sweden
Nan'ao,China
N'Gaous,Algeria
Dongyuya,China
Duanzhuang,China
Sint-Michielsgestel,Netherlands
Minad,India
Ja`ar,Yemen
Shangmuping,China
Augustow,Poland
Melrose,United States
Magna,United States
Petrich,Bulgaria
Kumalarang,Philippines
Flandes,Colombia
Escarcega,Mexico
Casselberry,United States
Arari,Brazil
Manticao,Philippines
Sankaridrug,India
Brecht,Belgium
San Lorenzo,United States
Dembi Dolo,Ethiopia
Zaltbommel,Netherlands
Ludwigsfelde,Germany
Pirakkad,India
Winnenden,Germany
Juchitepec,Mexico
Garchitorena,Philippines
Ibrahimpatnam,India
Mudbidri,India
Bujaru,Brazil
Gorna Oryahovitsa,Bulgaria
Sena Madureira,Brazil
Atmakur,India
Pueblo Nuevo Vinas,Guatemala
Vadakku Valliyur,India
Eastern Goleta Valley,United States
Krimpen aan den IJssel,Netherlands
Tizi Gheniff,Algeria
Chichester,United Kingdom
Perafita,Portugal
Bixby,United States
Kyegegwa,Uganda
Figuil,Cameroon
Budaors,Hungary
Pontedera,Italy
Tirukkalikkunram,India
Lavezares,Philippines
Bagong Pag-Asa,Philippines
Vaihingen an der Enz,Germany
Lamerd,Iran
Livadeia,Greece
L'Arbaa Nait Irathen,Algeria
Bois-Colombes,France
Stafford,United States
Oak Park,United States
Garfield Heights,United States
Marar,India
Santiago de Baney,Equatorial Guinea
Vero Beach South,United States
Baglung,Nepal
Orange,France
Fleming Island,United States
Didieni,Mali
Pilachikare,India
Povoa de Santa Iria,Portugal
Gloria do Goita,Brazil
Ra's al `Ayn,Syria
Casma,Peru
Texarkana,United States
Pattikonda,India
Nalakadoddi,India
Englewood,United States
Castelvetrano,Italy
Madang,Papua New Guinea
Northeim,Germany
Tonisvorst,Germany
Aralam,India
Pignon,Haiti
Fountain,United States
Shikharpur,Nepal
Mioveni,Romania
Guotang,China
Pitou,Taiwan
Hajduboszormeny,Hungary
Yoro,Japan
Ski,Norway
Kirkwood,United States
Fresnes,France
Benhao,China
Swarzedz,Poland
Emmen,Switzerland
Jacksonville,United States
Glenville,United States
Carmona,Spain
Harrison,United States
San Rafael,Mexico
Shuangtian,China
Namaacha,Mozambique
Khunti,India
Licab,Philippines
Shibushi,Japan
Cocula,Mexico
Oslob,Philippines
Rasra,India
Geislingen an der Steige,Germany
Garaimari,India
Springe,Germany
McCandless,United States
Quivican,Cuba
Paratinga,Brazil
Cachoeira,Brazil
Clarksburg,United States
Dildarnagar,India
Lepe,Spain
Villiers-le-Bel,France
Bromsgrove,United Kingdom
Koshu,Japan
Udaipur,India
Fandriana,Madagascar
Ternivka,Ukraine
Actopan,Mexico
Capitan Bermudez,Argentina
Maddagiri,India
Babaeski,Turkey
Buhl,Germany
Tomi,Japan
Fundao,Portugal
Cottica,Suriname
Dougabougou,Mali
Rosrath,Germany
Beldanga,India
Suisun City,United States
Esmeralda,Cuba
Bulung'ur Shahri,Uzbekistan
Poas,Costa Rica
Redondela,Spain
Ermont,France
Santa Cruz Cabralia,Brazil
Poona-Piagapo,Philippines
Nola,Central African Republic
Arniquet,Haiti
La Source,Haiti
Alegre,Brazil
Aipe,Colombia
Changzhi,Taiwan
Irara,Brazil
San Fernando,Mexico
Oktyabr'sk,Kazakhstan
Ath,Belgium
Lacey,United States
Statesville,United States
Blankenfelde,Germany
Queensbury,United States
Nieuwkoop,Netherlands
Raghopur,India
Hinunangan,Philippines
Slobodskoy,Russia
Sidi Allal el Bahraoui,Morocco
Yehud,Israel
Losino-Petrovskiy,Russia
East Palo Alto,United States
Yomou,Guinea
Ban Bang Khu Wat,Thailand
Gates,United States
Pallijkarani,India
Mahendragarh,India
Whitehall,United States
Riesa,Germany
Nakrekal,India
Takanezawa,Japan
Sao Miguel do Iguacu,Brazil
Saalfeld,Germany
Culemborg,Netherlands
Sopo,Colombia
Incesu,Turkey
San Cristobal,Cuba
Monitos,Colombia
Primero de Enero,Cuba
Sankrail,India
Ozumba,Mexico
Viacha,Bolivia
Xiaobazi,China
Kelkheim (Taunus),Germany
Desenzano del Garda,Italy
Colgong,India
Asipovichy,Belarus
Rapallo,Italy
Cambuslang,United Kingdom
Suran,Syria
Budaka,Uganda
Sherobod,Uzbekistan
Madinat Zayid,United Arab Emirates
Palpa,Nepal
Boyabat,Turkey
Mehlville,United States
Sonamukhi,India
Kalappatti,India
Zhongwangzhuang,China
Easton,United States
Alushta,Ukraine
Sexmoan,Philippines
Heswall,United Kingdom
Sachse,United States
Stoughton,United States
Bella Vista,Argentina
Chili,United States
Teapa,Mexico
Marigliano,Italy
Boxmeer,Netherlands
East Lake-Orient Park,United States
Pont-y-pwl,United Kingdom
Kitui,Kenya
Paripiranga,Brazil
Russellville,United States
Vattalkundu,India
Catandica,Mozambique
Meissen,Germany
Shiqiao,China
Uttamapalaiyam,India
Mirandopolis,Brazil
Sendjas,Algeria
Lugus,Philippines
Santo Domingo,Philippines
Sotteville-les-Rouen,France
Emmendingen,Germany
Deodrug,India
Johi,Pakistan
Somotillo,Nicaragua
Vallikunnam,India
Tocache Nuevo,Peru
Togitsu,Japan
Kudat,Malaysia
Independence,United States
Winterswijk,Netherlands
San Marcos,Nicaragua
Benavente,Portugal
Reforma,Mexico
San Javier,Chile
Hendijan,Iran
Ouled Haddaj,Algeria
Carmo do Paranaiba,Brazil
Pirri,Italy
Ipubi,Brazil
Vandiyur,India
Ponmana,India
Dapa,Philippines
Ursulo Galvan,Mexico
Shaker Heights,United States
Abasolo,Mexico
Ahmer el 'Ain,Algeria
Ofaqim,Israel
Sortobe,Kazakhstan
Senhora da Hora,Portugal
Timizart,Algeria
Gudalur,India
Campina,Romania
Humansdorp,South Africa
Enterprise,United States
Harij,India
Jeffersontown,United States
Ystad,Sweden
Cervia,Italy
La Dorada,Colombia
Great Yarmouth,United Kingdom
Cruces,Cuba
Placheri,India
Germi,Iran
Mount Olive,United States
Tosya,Turkey
Langley,Canada
Ammi Moussa,Algeria
Horki,Belarus
Kailaras,India
Hawtat Sudayr,Saudi Arabia
Limoeiro de Anadia,Brazil
Hajira,Pakistan
Premia de Mar,Spain
Tondela,Portugal
Hakmana,Sri Lanka
Ampatuan,Philippines
Cartama,Spain
Humberto de Campos,Brazil
Sibanicu,Cuba
Siroki Brijeg,Bosnia and Herzegovina
Hanawa,Japan
Santo Nino,Philippines
Pucon,Chile
Fabriano,Italy
Siquijor,Philippines
Ban Phai,Thailand
Arfoud,Morocco
Jimenez,Philippines
La Calera,Colombia
Perry Hall,United States
Kuttuparamba,India
Tabuelan,Philippines
Candelaria,Brazil
Ariyalur,India
Dalfsen,Netherlands
Mechernich,Germany
Nahan,India
Bielawa,Poland
Tres Marias,Brazil
Coromandel,Brazil
Le Plessis-Robinson,France
Tazmalt,Algeria
Karippira,India
Borzya,Russia
Ladwa,India
Arrentela,Portugal
Gidri,India
Grimsby,Canada
Ponot,Philippines
Munsan,South Korea
Maubeuge,France
Mondlo,South Africa
Carinhanha,Brazil
Welk'it'e,Ethiopia
Brodnica,Poland
Santa Cruz das Palmeiras,Brazil
Pokhram,India
Baleno,Philippines
Lake in the Hills,United States
Mathba,Bangladesh
Woodley,United Kingdom
Thabazimbi,South Africa
Piracuruca,Brazil
Izegem,Belgium
Rehoboth,Namibia
Kudligi,India
Virapandi,India
Vicar,Spain
Srem,Poland
Greenville,United States
Duzhuang,China
Labinsk,Russia
Ibaiti,Brazil
Las Rosas,Mexico
Kodumur,India
Caetes,Brazil
Caicedonia,Colombia
Takahashi,Japan
Babatngon,Philippines
Hirado,Japan
Burbank,United States
Gusev,Russia
San Lucas Sacatepequez,Guatemala
Narsimlapet,India
Curridabat,Costa Rica
Kamphaeng Phet,Thailand
Kamalapuram,India
Garupa,Argentina
Vihti,Finland
Roseaux,Haiti
Yoshida,Japan
Asago,Japan
Tarawa,Kiribati
Pingdeng,China
Candelaria,Spain
Ponmala,India
Landhaura,India
Metu,Ethiopia
Acatenango,Guatemala
Artemovskiy,Russia
Manati,Cuba
Hanwell,United Kingdom
Golden Gate,United States
Stanford le Hope,United Kingdom
Zighout Youcef,Algeria
Converse,United States
Umrat,India
Misilmeri,Italy
Charenton-le-Pont,France
Maddur,India
Pilon,Cuba
Hoxter,Germany
Marks,Russia
Zhonghechang,China
Kikinda,Serbia
Carauari,Brazil
Nongstoin,India
Twentynine Palms,United States
Villanueva,Colombia
Sabaa Aiyoun,Morocco
Raikot,India
Kais,Algeria
Tanglou,China
Tantoucun,China
Maki,Japan
Chahe,China
Schwelm,Germany
Andoharanomaitso,Madagascar
Muritiba,Brazil
San Pedro del Pinatar,Spain
Camas,Spain
Ballymena,United Kingdom
Krotoszyn,Poland
Tibiao,Philippines
Paraparaumu,New Zealand
Mabini,Philippines
Pakwach,Uganda
Katima Mulilo,Namibia
Leonding,Austria
Ferdows,Iran
Kinik,Turkey
Pilar,Philippines
Bochnia,Poland
Bang Phongphang,Thailand
Murliganj,India
Nauhata,India
Navolato,Mexico
Linden,Guyana
Daphne,United States
Bridgewater,United States
Soissons,France
Old Harbour,Jamaica
Danville,United States
Oranjestad,Aruba
Santiago,Philippines
Dona Remedios Trinidad,Philippines
Saint-Etienne-du-Rouvray,France
Nowy Dwor Mazowiecki,Poland
Esparza,Costa Rica
Shamalgan,Kazakhstan
Esztergom,Hungary
Northampton,United States
San Salvador,Mexico
Ciudad Ixtepec,Mexico
Pitoa,Cameroon
West Springfield,United States
Oyabe,Japan
Pattambi,India
Kudymkar,Russia
Sarny,Ukraine
Carney,United States
Mondragone,Italy
Borba,Brazil
Saito,Japan
Kombissiri,Burkina Faso
Fenoarivobe,Madagascar
Pawayan,India
Manga,Burkina Faso
Ciudad Sahagun,Mexico
Neduvannur,India
Edayikunnam,India
Mirzapur,Bangladesh
Bom Jesus,Brazil
Dieppe,France
Tudela,Philippines
Saugus,United States
San Carlos,Colombia
Xizhou,Taiwan
Tracuateua,Brazil
Laoaoba,China
Mampikony,Madagascar
Akkattettar,India
Bethlehem,West Bank
Iuna,Brazil
Rancharia,Brazil
Simri Bakhriarpur,India
East Niles,United States
Sottaiyampalaiyam,India
Ain Cheggag,Morocco
Shangluhu,China
Koprivnica,Croatia
El Khiyam,Lebanon
Reinbek,Germany
Vallauris,France
Zhongtai,China
Moribabougou,Mali
Jaciara,Brazil
Frome,United Kingdom
Kiskunfelegyhaza,Hungary
Temescal Valley,United States
Blackrock,Ireland
Yongxiu,China
Sabra,Algeria
Mouzaia,Algeria
El Copey,Colombia
Papa,Hungary
Dobryanka,Russia
Plaine du Nord,Haiti
Baradero,Argentina
Santo Nino,Philippines
Rudehen,Iran
Basay,Philippines
Isnos,Colombia
Hattersheim,Germany
Azangaro,Peru
Bamba,Mali
Nivelles,Belgium
Harir,Iraq
Zarechnyy,Russia
La Asuncion,Venezuela
Pervomaiskyi,Ukraine
Agawam,United States
Martorell,Spain
Vanves,France
Bagha Purana,India
Reda,Poland
Losal,India
Dubasari,Moldova
Ambatolampy,Madagascar
Bin-Houye,CÙte d'Ivoire
Longavi,Chile
Rajpur,India
Almazora,Spain
Heerenveen,Netherlands
Pardi,India
Cajati,Brazil
Matsubushi,Japan
Forest Hills,United States
Izu,Japan
Mendefera,Eritrea
Frattamaggiore,Italy
San Lorenzo de Esmeraldas,Ecuador
Sue,Japan
Congleton,United Kingdom
Pavugada,India
Riihimaki,Finland
Ilave,Peru
Condega,Nicaragua
Milton,United States
Sueca,Spain
Laplace,United States
Nenmem,India
Elanjivaliseri,India
Grand-Lahou,CÙte d'Ivoire
Venezuela,Cuba
Puerto Leguizamo,Colombia
Kevelaer,Germany
Zhailuo,China
Tsushima,Japan
Verden,Germany
Wood Green,United Kingdom
Frankfort,United States
Monchegorsk,Russia
Spring,United States
Selargius,Italy
Mpika,Zambia
Szentendre,Hungary
Coyaima,Colombia
Siraha,Nepal
Kandalaksha,Russia
Goio-Ere,Brazil
Tha Yang,Thailand
Castel Volturno,Italy
Kumru,Turkey
Ouled Ben Abd el Kader,Algeria
Bonito Oriental,Honduras
Baishaling,China
Bushey,United Kingdom
Lansing,United States
Saint Bernard,Philippines
Madison Heights,United States
Harur,India
Missour,Morocco
San Vicente dels Horts,Spain
East Hampton,United States
Jamestown,United States
Geilenkirchen,Germany
Jaramijo,Ecuador
Valencia,Philippines
San Manuel,Philippines
Ogawa,Japan
Banswada,India
Yalda,Syria
Monroeville,United States
Mitu,Colombia
Conceicao das Alagoas,Brazil
Qianxucun,China
Datu Piang,Philippines
Toli,China
Konigsbrunn,Germany
Byaroza,Belarus
Henstedt-Ulzburg,Germany
Saint-Sebastien-sur-Loire,France
Ciro Redondo,Cuba
Ramanayyapeta,India
Maharajpur,India
Marau,Brazil
Sidi Lakhdar,Algeria
Kamatero,Greece
Pongoz,Tajikistan
Aioi,Japan
Nkhotakota,Malawi
Yerres,France
Apollo Beach,United States
Zeitz,Germany
Guararema,Brazil
Prata,Brazil
Orvault,France
Passira,Brazil
General San Martin,Argentina
Mannanchori,India
Princes Town,Trinidad and Tobago
Kpandu,Ghana
Toucheng,Taiwan
Kocani,North Macedonia
Brahmana Periya Agraharam,India
Arivonimamo,Madagascar
Puvali,India
San Jeronimo,Guatemala
Tarana,India
Kizhakkott,India
Puttankulam,India
Magog,Canada
Boisbriand,Canada
Taiwa,Japan
Saho,India
Higashikagawa,Japan
Mollendo,Peru
Srungavarapukota,India
Karanjia,India
Karasuk,Russia
Oltinko`l,Uzbekistan
Baunatal,Germany
Aberdeen,United States
Truskavets,Ukraine
Supe,Peru
Bermejo,Bolivia
Kuruvattur,India
Ruy Barbosa,Brazil
Huanghuajing,China
Fort Mill,United States
Ashington,United Kingdom
Chortkiv,Ukraine
Rockledge,United States
Guamal,Colombia
Tablat,Algeria
Bakhor,Tajikistan
Herentals,Belgium
Libacao,Philippines
Rio Pardo de Minas,Brazil
Glen Ellyn,United States
Grimma,Germany
Bergenfield,United States
Velikiy Ustyug,Russia
Adrogue,Argentina
Kolambugan,Philippines
Arnstadt,Germany
Busogo,Rwanda
Safaja,Egypt
Shakiso,Ethiopia
Montfermeil,France
Juangriego,Venezuela
Ivirgarzama,Bolivia
Maravilha,Brazil
Qiman al `Arus,Egypt
Lagdo,Cameroon
Ans,Belgium
Aneho,Togo
Kosk,Turkey
Bardaskan,Iran
Gizycko,Poland
Sestao,Spain
Cuitzeo del Porvenir,Mexico
Fortuna Foothills,United States
Hajipur,India
Edappalli,India
Caucete,Argentina
Forney,United States
Antur,India
Eonyang,South Korea
Diangoute Kamara,Mali
Cocal,Brazil
Sirsaganj,India
Santo Antonio do Ica,Brazil
Griesheim,Germany
Poggibonsi,Italy
Kotagiri,India
Bejucal,Cuba
Heywood,United Kingdom
Zacoalco de Torres,Mexico
Metepec,Mexico
Amircan,Azerbaijan
Wappinger,United States
Leichlingen,Germany
Whitehorse,Canada
Heshancun,China
Eagle Pass,United States
Ljubuski,Bosnia and Herzegovina
Babar,Algeria
Carmagnola,Italy
Ayun,Pakistan
Ouesso,Congo (Brazzaville)
Short Pump,United States
Agui,Japan
Shahpura,India
Dobropillia,Ukraine
Arqalyq,Kazakhstan
Chatan,Japan
Lier,Norway
Itabela,Brazil
Caungula,Angola
Guma,China
Citrus Park,United States
Tynda,Russia
Warin Chamrap,Thailand
Villaviciosa de Odon,Spain
Nalayh,Mongolia
Nirasaki,Japan
Gaotan,China
Chaska,United States
Obama,Japan
Saldanha,South Africa
Carrickfergus,United Kingdom
Tetela de Ocampo,Mexico
Ridgecrest,United States
Sonderborg,Denmark
Chennamangalam,India
Alotenango,Guatemala
Pinyahan,Philippines
Allen Park,United States
Darwen,United Kingdom
Cabrican,Guatemala
Capljina,Bosnia and Herzegovina
Itapemirim,Brazil
Maple Valley,United States
Bearsden,United Kingdom
La Paz Centro,Nicaragua
Cabangan,Philippines
Sangola,India
Sheohar,India
Dieppe,Canada
Massama,Portugal
Oakdale,United States
Tsinjoarivo,Madagascar
Neptune,United States
Golo-Djigbe,Benin
Bom Jardim,Brazil
Sesena,Spain
Glen Cove,United States
Hazar,Turkmenistan
Kakiri,Uganda
Hara Gebeya,Ethiopia
Kuli,India
Kromeriz,Czechia
Xochistlahuaca,Mexico
Nakhal,Oman
Mima,Japan
Qujingpu,China
San Vicente de Chucuri,Colombia
Casa Branca,Brazil
Kebili,Tunisia
Po,Burkina Faso
Khulm,Afghanistan
Guaimaca,Honduras
Honcho,Japan
Dajabon,Dominican Republic
Ramsey,United States
Mucuri,Brazil
Djugu,Congo (Kinshasa)
Kalwakurti,India
Havran,Turkey
Reddish,United Kingdom
Lincoln,Argentina
Devanhalli,India
Gingee,India
Rhennouch,Tunisia
Crestview,United States
Villazon,Bolivia
Clayton,United States
Khust,Ukraine
Paiania,Greece
Akersberga,Sweden
Kefar Yona,Israel
Bayang,Philippines
Tysons,United States
Nunspeet,Netherlands
Mainit,Philippines
Anajas,Brazil
Mchinji,Malawi
Lomme,France
Baesweiler,Germany
Douentza,Mali
Tainai,Japan
Villa de Zaachila,Mexico
Dubendorf,Switzerland
Geldrop,Netherlands
Qianshanhong Nongchang,China
Jiaoxiling,China
Batufah,Iraq
Qornet Chahouane,Lebanon
Sahavato,Madagascar
Imito,Madagascar
Sandrandahy,Madagascar
Ambohijanahary,Madagascar
Masanwa,Tanzania
Karakurisshi,India
Billericay,United Kingdom
Henderson,United States
Cuartero,Philippines
Langedijk,Netherlands
Lubok Antu,Malaysia
Maryland Heights,United States
San Felipe Jalapa de Diaz,Mexico
Pacho,Colombia
Belpasso,Italy
Yangyuhe,China
Algemesi,Spain
Williston,United States
San Andres Sajcabaja,Guatemala
Kasangulu,Congo (Kinshasa)
Kushtagi,India
Gragnano,Italy
Megrine,Tunisia
Shalqar,Kazakhstan
Kanavaikuli,India
Aron,India
Punceres,Venezuela
Dhabauli,India
Lohne,Germany
Labasa,Fiji
Goriar,India
Hamar,Norway
Canosa di Puglia,Italy
Vilangudi,India
Noe,CÙte d'Ivoire
Douglas,Isle of Man
Semiluki,Russia
Navahrudak,Belarus
Tsinjoarivo,Madagascar
Aloran,Philippines
Nochistlan de Mejia,Mexico
New Iberia,United States
Danvers,United States
Bitam,Gabon
Malmal,India
Iguaba Grande,Brazil
Sabaur,Pakistan
Sfizef,Algeria
Newry,United Kingdom
Mocimboa,Mozambique
Comendador,Dominican Republic
Dahmani,Tunisia
Bouka,Benin
Lukow,Poland
Ash Shajarah,Jordan
Lake Jackson,United States
Bordj el Bahri,Algeria
El Sauce,Nicaragua
Reina Mercedes Viejo,Philippines
Reina Mercedes,Philippines
Ambohitompoina,Madagascar
Larreynaga,Nicaragua
Douar Olad. Salem,Morocco
Majayjay,Philippines
Caridad,Philippines
Gulnar,Turkey
Hiji,Japan
Harelbeke,Belgium
Cecina,Italy
Teltow,Germany
Ar Rutbah,Iraq
Dingalan,Philippines
Akcakoca,Turkey
Talusan,Philippines
Akcadag,Turkey
Zanandore,Burundi
San Isidro,Philippines
Ampasimanolotra,Madagascar
Mahaplag,Philippines
Quiroga,Mexico
Villa Luvianos,Mexico
Sirakorola,Mali
Huntley,United States
Umargam,India
Chalhuanca,Peru
Walnut,United States
Kakuda,Japan
Hadishahr,Iran
Barughutu,India
Bernards,United States
Uchturpan,China
Muchun,Tajikistan
Gyula,Hungary
Prior Lake,United States
Hamtramck,United States
Traipu,Brazil
Wasi,India
Kozluk,Turkey
Mizumaki,Japan
Kasimov,Russia
Baixo Guandu,Brazil
Nibria,India
Magdalena,Philippines
Motozintla,Mexico
Vleuten,Netherlands
Shirley,United States
Limeil-Brevannes,France
Mattul,India
Witham,United Kingdom
Orlova,Czechia
Ocean,United States
Vadnagar,India
Aci Catena,Italy
Tlalpujahua de Rayon,Mexico
Monsey,United States
Sundern,Germany
Garden City,United States
New Windsor,United States
Strausberg,Germany
Chato,Tanzania
Madison,United States
McHenry,United States
Vicuna,Chile
Vinales,Cuba
Sarayonu,Turkey
Soledad de Doblado,Mexico
Ivanjica,Serbia
Tenares,Dominican Republic
Swatara,United States
Reisterstown,United States
Fuman,Iran
Mongo,Chad
Muchamiel,Spain
Ramotswa,Botswana
Charkhari,India
Paivalike,India
Pirapozinho,Brazil
Moncao,Brazil
Guryevsk,Russia
Qibray,Uzbekistan
Itapissuma,Brazil
Paiporta,Spain
Ouda-yamaguchi,Japan
Lebrija,Spain
Khategaon,India
As Sarw,Egypt
Gabasumdo,China
Melton Mowbray,United Kingdom
Lapuyan,Philippines
South Laurel,United States
North Kingstown,United States
Shaler,United States
Batken,Kyrgyzstan
Palmar de Varela,Colombia
Joao Alfredo,Brazil
Tudiyalur,India
Parabiago,Italy
Mogliano Veneto,Italy
San Giovanni in Persiceto,Italy
Axim,Ghana
Koewarasan,Suriname
Borsa,Romania
Kashima,Japan
Tualatin,United States
Santa Barbara,Guatemala
George Town,Cayman Islands
San Miniato,Italy
Shuiding,China
Alvin,United States
Wajimazakimachi,Japan
Homewood,United States
Spinea,Italy
Mount Pleasant,United States
Alatri,Italy
Demre,Turkey
Poruvakara,India
Porto Belo,Brazil
Le Chesnay,France
Tabira,Brazil
Aparecida do Taboado,Brazil
Amarpur,India
San Pablo,Costa Rica
Argelia,Colombia
Brunssum,Netherlands
Kitsuki,Japan
Tuku,Taiwan
Kirov,Russia
Malargue,Argentina
Lagoa Vermelha,Brazil
Phuntsholing,Bhutan
Merrimack,United States
Tanguturu,India
Dodge City,United States
Niuchangqiao,China
Zongdi,China
Mukher,India
Barabinsk,Russia
Bad Neuenahr-Ahrweiler,Germany
Alhaurin el Grande,Spain
San Juan Guichicovi,Mexico
Gyongyos,Hungary
Di Linh,Vietnam
Parsa,India
West Melbourne,United States
Hikawa,Japan
Longtan,China
Pachor,India
Leon Postigo,Philippines
Padiyanallur,India
Yahaba,Japan
Bhimbar,Pakistan
Drexel Heights,United States
Mutum,Brazil
Saint Annes on the Sea,United Kingdom
Williamsport,United States
Theniet el Had,Algeria
Quijingue,Brazil
Shatiancun,China
Shilan,China
Maracas,Brazil
Mont-Dore,New Caledonia
Lagoa Seca,Brazil
Veendam,Netherlands
Heppenheim,Germany
Contla,Mexico
Wangen im Allgau,Germany
Vila do Conde,Brazil
Magadi,India
Assisi,Italy
Soignies,Belgium
Wickford,United Kingdom
Nuku`alofa,Tonga
Boysun,Uzbekistan
Gurlan,Uzbekistan
Kariba,Zimbabwe
Ambodibonara,Madagascar
Cabrero,Chile
Svendborg,Denmark
Ouled Fayet,Algeria
Sucy-en-Brie,France
Nakhon Phanom,Thailand
Lochearn,United States
Waddan,Libya
Betera,Spain
Laojiezi,China
Hulst,Netherlands
Taougrite,Algeria
Campulung,Romania
Andenne,Belgium
Ouled Slama Tahta,Algeria
Narat,China
Wengtiancun,China
Wangtang,China
Cinco Saltos,Argentina
Ahlat,Turkey
Karlskoga,Sweden
Atharan Hazari,Pakistan
Jauja,Peru
Mulchen,Chile
Silver Springs Shores,United States
Mazenod,Lesotho
Pombos,Brazil
Conner,Philippines
Ilchester,United States
Wilmette,United States
Kantai,India
Kobuleti,Georgia
Novo Oriente,Brazil
Heemstede,Netherlands
Paracuru,Brazil
Rardhu,India
Citong,Taiwan
Rayamangalam,India
Haciqabul,Azerbaijan
Ninomiya,Japan
Patjirwa,India
Teno,Chile
Anadia,Portugal
Butzbach,Germany
Jarrow,United Kingdom
Niimi,Japan
Abarkuh,Iran
Witney,United Kingdom
Takahagi,Japan
Apaxco de Ocampo,Mexico
Schloss Holte-Stukenbrock,Germany
Pindare-Mirim,Brazil
Pitogo,Philippines
Daulatkhan,Bangladesh
Marolambo,Madagascar
Belmont,United States
Ehingen an der Donau,Germany
Suluru,India
Sitakili,Mali
Timaru,New Zealand
Nuwara Eliya,Sri Lanka
Triunfo,Brazil
Sint-Joost-ten-Node,Belgium
Mililani Town,United States
Tazoult-Lambese,Algeria
Fiche,Ethiopia
Shingu,Japan
Marshalltown,United States
Nasriganj,India
Supia,Colombia
Overath,Germany
Lemon Grove,United States
Staraya Russa,Russia
Bourem,Mali
Oiapoque,Brazil
Bandipura,India
Karimba,India
Divnogorsk,Russia
Tongyangdao,China
Duayaw-Nkwanta,Ghana
Pirai,Brazil
Konnur,India
Ukiha,Japan
Athens,United States
San Carlos,Uruguay
Aguas Santas,Portugal
Fetesti,Romania
Purral,Costa Rica
Ciudad Bolivar,Colombia
Pearl,United States
New Lenox,United States
Toqsu,China
Los Reyes de Juarez,Mexico
Hamminkeln,Germany
Wetter (Ruhr),Germany
Vandikarai,India
Villa El Carmen,Nicaragua
Arar,Saudi Arabia
Bakhchysarai,Ukraine
Asha,Russia
Kernersville,United States
Millville,United States
Malekan,Iran
Bulanik,Turkey
Arriaga,Spain
Horley,United Kingdom
Mu'tah,Jordan
Clinton,United States
Cyangugu,Rwanda
Jardim,Brazil
Neenah,United States
Guastatoya,Guatemala
Ruzomberok,Slovakia
Heilbron,South Africa
Caracal,Romania
Shotley Bridge,United Kingdom
Sadri,India
Oppegard,Norway
Villareal,Philippines
Ayyagarpet,India
Ibipetuba,Brazil
Nalbari,India
Marion,United States
Itai,Brazil
Ashford,United Kingdom
Penukonda,India
Green,United States
Leiderdorp,Netherlands
Itako,Japan
Tuxpan,Mexico
Khrestivka,Ukraine
Macau,Brazil
Ciudad Tecun Uman,Guatemala
Kedu,China
Balussheri,India
Chillan Viejo,Chile
K'olito,Ethiopia
Panauti,Nepal
Asheboro,United States
Paouignan,Benin
Korgan,Turkey
Varandarapilli,India
Jalpan,Mexico
Illkirch-Graffenstaden,France
Deer Park,United States
Pokhvistnevo,Russia
King,Canada
Ikaruga,Japan
Blerick,Netherlands
Parksville,Canada
Aytos,Bulgaria
Drimmelen,Netherlands
Shtime,Kosovo
Bihpur,India
Palanas,Philippines
Fremont,United States
Kirzhach,Russia
Blagnac,France
Oulad Hassoune,Morocco
Castanos,Mexico
Macalelon,Philippines
Almunecar,Spain
Cueramaro,Mexico
Pallippurattuseri,India
Chiavari,Italy
Navrongo,Ghana
Wegberg,Germany
Zarraga,Philippines
Nokha,India
Prainha,Brazil
Xovos,Uzbekistan
Union City,United States
Rostov,Russia
Santo Antonio do Monte,Brazil
Porto Calvo,Brazil
Bhander,India
Leimen,Germany
Behara,Madagascar
Wakefield,United States
Ramon Magsaysay,Philippines
Corrente,Brazil
Sens,France
Santo Amaro da Imperatriz,Brazil
Sipacapa,Guatemala
Jumilla,Spain
Haliyal,India
Thomasville,United States
Bady Bassitt,Brazil
Zalingei,Sudan
Choba,Nigeria
Novi Ligure,Italy
Akitakata,Japan
Talisay,Philippines
Tepehuacan de Guerrero,Mexico
Rheinbach,Germany
Paracuellos de Jarama,Spain
Debiapur,India
Mtubatuba,South Africa
Hayang,South Korea
Grombalia,Tunisia
Pooler,United States
Wright,United States
Esplanada,Brazil
Moron de la Frontera,Spain
Redencao,Brazil
Longton,United Kingdom
Bourzanga,Burkina Faso
Calimete,Cuba
Raseborg,Finland
Baler,India
Ezhipram,India
Zolotonosha,Ukraine
Hairel Nhai,Morocco
Castelli,Argentina
New London,United States
Mocajuba,Brazil
Sihecun,China
Kimbe,Papua New Guinea
Kent,United States
Boralday,Kazakhstan
El Abadia,Algeria
Kobylka,Poland
Taraka,Philippines
Les Anglais,Haiti
Balch Springs,United States
Tauramena,Colombia
Nahuatzen,Mexico
Mirnyy,Russia
Conception Bay South,Canada
Topki,Russia
Bo'ao,China
Nguti,Cameroon
San Juan de Uraba,Colombia
Zhongshan,China
Dargecit,Turkey
Tara,Russia
Rambouillet,France
Keswick,Canada
Pfaffenhofen,Germany
La Teste-de-Buch,France
Celina,United States
Mason City,United States
Jonava,Lithuania
Hohen Neuendorf,Germany
Pijnacker,Netherlands
Digboi,India
Picarras,Brazil
Dame-Marie,Haiti
Cakovec,Croatia
Parimpudi,India
Wiesloch,Germany
Aalten,Netherlands
San Agustin Tlaxiaca,Mexico
Rappang,Indonesia
Oratorio,Guatemala
Sikonge,Tanzania
Santa Eugenia,Spain
Nemuro,Japan
Awara,Japan
Jeffrey's Bay,South Africa
Lindenhurst,United States
Haigangli,China
Lambersart,France
Lishanpu,China
Zavodoukovsk,Russia
Upper Macungie,United States
Pershotravens'k,Ukraine
Mirano,Italy
Afzalpur,India
Ambohijanaka,Madagascar
Springettsbury,United States
Fort Saskatchewan,Canada
Cormeilles-en-Parisis,France
Tall Rif`at,Syria
Liugoucun,China
Yerkoy,Turkey
Long Thanh,Vietnam
Sidi Lmokhtar,Morocco
Batgram,Pakistan
Quakers Hill,Australia
Ichikikushikino,Japan
Villagran,Mexico
Vittorio Veneto,Italy
Zomin Shaharchasi,Uzbekistan
Minacu,Brazil
Irimbiliyam,India
Gladstone,United States
Pedernales,Ecuador
Kahului,United States
Taverny,France
West Linn,United States
Kuzhittura,India
Nova Olinda do Norte,Brazil
San Andres de la Barca,Spain
Nayoro,Japan
Vakfikebir,Turkey
Klosterneuburg,Austria
Carrollton,United States
Toguere-Koumbe,Mali
Harbiye,Turkey
Badiangan,Philippines
Pasinler,Turkey
Libenge,Congo (Kinshasa)
Guanxi,Taiwan
San Isidro,Philippines
Raver,India
Quezon,Philippines
Imamoglu,Turkey
Marsta,Sweden
Nguekhokh,Senegal
Baltiysk,Russia
Nizao,Dominican Republic
Catamayo,Ecuador
Amatepec,Mexico
Malebennur,India
Madhura,India
Lemoore,United States
Amangal,India
Ermelo,Netherlands
Chios,Greece
Wooster,United States
Bagepalli,India
Belmont,United States
Alexania,Brazil
Ticuantepe,Nicaragua
Pueblo Bello,Colombia
Chiriguana,Colombia
Marcos Juarez,Argentina
Lamzoudia,Morocco
Sun City West,United States
Payakaraopeta,India
Lushnje,Albania
Barbacha,Algeria
Vohipaho,Madagascar
Tsaravary,Madagascar
Miandrarivo,Madagascar
Mandabe,Madagascar
Andranomavo,Madagascar
Antsiatsiaka,Madagascar
Alakamisy Itenina,Madagascar
Arandu,Pakistan
Jaglot,Pakistan
Haqqulobod,Uzbekistan
Aragua de Barcelona,Venezuela
Woolwich,Canada
Gojo,Japan
Kriens,Switzerland
Estarreja,Portugal
Tarragona,Philippines
Rapperswil-Jona,Switzerland
Oullins,France
Ourika Wawrmas,Morocco
Ambinanisakana,Madagascar
Soanierana Ivongo,Madagascar
Ondokuzmayis,Turkey
Anajatuba,Brazil
Limbe,Cameroon
El Transito,El Salvador
Kirovsk,Russia
Fulshear,United States
Basi,India
Aripuana,Brazil
Kapellen,Belgium
Kadappuram,India
San Sebastian de Yali,Nicaragua
Ar Rudayyif,Tunisia
Novo Cruzeiro,Brazil
Waukee,United States
Nava,Mexico
Gonesse,France
Uyuni,Bolivia
Bouguirat,Algeria
Potrerillos,Honduras
Mint Hill,United States
Wassenaar,Netherlands
Zuitou,China
Molins de Rey,Spain
Fidenza,Italy
Sali,Senegal
Sao Bernardo,Brazil
Werkendam,Netherlands
Farnworth,United Kingdom
Chicago Heights,United States
Dietikon,Switzerland
Brawley,United States
Safashahr,Iran
Kamyshlov,Russia
Santa Maria,Argentina
Nainijor,India
Tambo,Philippines
Lowicz,Poland
Prachuap Khiri Khan,Thailand
Celendin,Peru
Temple Terrace,United States
Nelliyalam,India
Qa'emiyeh,Iran
Gevas,Turkey
Leisure City,United States
Moon,United States
Khmilnyk,Ukraine
Sandanski,Bulgaria
Margherita,India
Maner,India
Nossa Senhora da Gloria,Brazil
Garden City,United States
Kulasekharapuram,India
Atitalaquia,Mexico
Kaluderica,Serbia
Lobatse,Botswana
Wahga,Pakistan
Acapetahua,Mexico
San Antonio de Areco,Argentina
Pemberton,United States
Paducah,United States
Al Qitena,Sudan
Kushva,Russia
Albignasego,Italy
Pappakurichchi,India
Oak Forest,United States
Upper Dublin,United States
Zhongnan,China
Pamidi,India
Douglas,Ireland
Idigny,Benin
Miracema,Brazil
Kadambanad,India
Lukula,Congo (Kinshasa)
Zasechnoye,Russia
Kararan,India
San Luis Jilotepeque,Guatemala
Shumerlya,Russia
Plum,United States
Kizilcahamam,Turkey
Simav,Turkey
Palm Springs,United States
Susquehanna,United States
Areraj,India
Madattukkulam,India
Kalikavu,India
Benicia,United States
Haverhill,United Kingdom
Miki,Japan
Feidh el Botma,Algeria
Gursarai,India
Punch,India
Scicli,Italy
Taungup,Burma
Bergerac,France
Woodburn,United States
Nsanje,Malawi
Xima,China
Grootfontein,Namibia
Bridgeton,United States
Caninde de Sao Francisco,Brazil
Majagua,Cuba
Stalybridge,United Kingdom
Vadippatti,India
Kalispell,United States
Tunapuna,Trinidad and Tobago
Bankapur,India
Shencottah,India
Calpe,Spain
Alitagtag,Philippines
Santa Margarita,Philippines
Bozyazi,Turkey
Labrador,Philippines
Wesselsbron,South Africa
Ban Phonla Krang,Thailand
Khanabad,Afghanistan
Bamessi,Cameroon
Magilampupuram,India
Uchquduq Shahri,Uzbekistan
Fortul,Colombia
Tuvur,India
Bolton,Canada
Villeparisis,France
Srinivaspur,India
Garbagnate Milanese,Italy
Trikkunnapuzha,India
Paracuaro,Mexico
Mirassol d'Oeste,Brazil
Margate,South Africa
Cenon,France
South Portland,United States
Camas,United States
Solanea,Brazil
Tamayo,Dominican Republic
Sannois,France
Vernon Hills,United States
Santa Maria de Jesus,Guatemala
Selm,Germany
Qarah Zia' od Din,Iran
`Abasan al Kabirah,Gaza Strip
Thatha,India
Agia Varvara,Greece
Tlaxcoapan,Mexico
Mahina,Mali
Gadhada,India
Bidur,Nepal
Meppayyur,India
Magarao,Philippines
Goianinha,Brazil
Malitbog,Philippines
Ewa Gentry,United States
Douar Oulad Aj-jabri,Morocco
Cabot,United States
Lutz,United States
Batavia,United States
Hukumati Baghran,Afghanistan
Shoreview,United States
Keystone,United States
Soron,India
Santa Maria Ixhuatan,Guatemala
Alattur,India
Palm River-Clair Mel,United States
Troy,United States
Cangas,Spain
Burntwood,United Kingdom
Miacatlan,Mexico
Saguiaran,Philippines
Bhuban,India
Morales,Colombia
Los Cordobas,Colombia
Circasia,Colombia
Kiruna,Sweden
Ronse,Belgium
Wanlaweyn,Somalia
Gwanda,Zimbabwe
Horsham,United States
Sapian,Philippines
Qaha,Egypt
Mamidalapadu,India
Kotovsk,Russia
Lamego,Portugal
Pirenopolis,Brazil
Miyanaga,Japan
Piracaia,Brazil
Shelek,Kazakhstan
Shangxiao,China
Wellington,India
Pitangui,Brazil
Quarrata,Italy
Turrialba,Costa Rica
Nediyanad,India
Ipu,Brazil
San Juan,Philippines
Ambodiangezoka,Madagascar
Itamaraca,Brazil
Al Qutayfah,Syria
Espiye,Turkey
Sacramento,Brazil
Birine,Algeria
Wheeling,United States
Granite City,United States
Nannamukku,India
Piest'any,Slovakia
Talaja,India
Bien Unido,Philippines
Samayac,Guatemala
Muhlacker,Germany
Achern,Germany
Highbury,United Kingdom
Kuppadi,India
Gediz,Turkey
Champs-Sur-Marne,France
Mizque,Bolivia
Bretigny-sur-Orge,France
Dalsingh Sarai,India
Bugho,Philippines
Suphan Buri,Thailand
Kirovsk,Ukraine
Holubivske,Ukraine
Las Flores,Argentina
Frias,Argentina
San Pablo,Philippines
Chettipalaiyam,India
Rama,Israel
Manjacaze,Mozambique
San Felipe,Guatemala
Silao,India
Sibi,Mali
Rajgarh,India
Buldan,Turkey
Manihari,India
Cuajinicuilapa,Mexico
Kupiansk,Ukraine
Vilyeyka,Belarus
Hennigsdorf,Germany
Horn Lake,United States
Lauri,India
Propria,Brazil
Toribio,Colombia
Gross-Gerau,Germany
Ula,Turkey
Dar Chioukh,Algeria
Baytunya,West Bank
Jaguarao,Brazil
Chuanliaocun,China
Etampes,France
Newton Mearns,United Kingdom
Pantar,Philippines
Wieliczka,Poland
San Benito Abad,Colombia
Sidi Akkacha,Algeria
Ghataro Chaturbhuj,India
Voinjama,Liberia
Heiligenhaus,Germany
Okuta,Nigeria
Sao Gabriel,Brazil
Nova Esperanca,Brazil
Ratau,Lesotho
Macrohon,Philippines
Lauaan,Philippines
Porto da Folha,Brazil
Casiguran,Philippines
Gioia del Colle,Italy
West Islip,United States
Iesolo,Italy
Tarui,Japan
Plainview,Philippines
Shahganj,India
Nallihan,Turkey
San Alberto,Colombia
Lanquin,Guatemala
Manasa,India
Dasuya,India
Perumbalam,India
Superior,United States
Echemmaia Est,Morocco
Nyamti,India
Edwardsville,United States
Marysville,United States
Zeboudja,Algeria
Mantena,Brazil
Sainte-Therese,Canada
Deogarh,India
Ituporanga,Brazil
Kantabanji,India
Ban Wang Kalang,Thailand
Nacimiento,Chile
Neckarsulm,Germany
Aleksandrovac,Serbia
Jenks,United States
Tumwater,United States
Dois Corregos,Brazil
La Union,Chile
Hennaya,Algeria
Sanger,United States
Bubong,Philippines
Ahmadabad,India
San Andres de Giles,Argentina
Giarre,Italy
Qingshan,China
Rosemount,United States
East Hempfield,United States
Clarence-Rockland,Canada
Uchinada,Japan
Grigny,France
Paramus,United States
Charata,Argentina
Karumandi Chellipalaiyam,India
Conceicao da Barra,Brazil
Sebes,Romania
Al Karnak,Egypt
Capao do Leao,Brazil
Xincun,China
Timbiras,Brazil
Cheadle Hulme,United Kingdom
Sokoura,Mali
Madalum,Philippines
Wall,United States
Kimovsk,Russia
Auburn,United States
Kayapa,Philippines
Langdu,China
Venice,United States
Apam,Ghana
Owatonna,United States
Agua Preta,Brazil
Quilali,Nicaragua
Randolph,United States
El Monte,Chile
Gordes,Turkey
Mabini,Philippines
Wete,Tanzania
Perez,Argentina
Lido di Iesolo,Italy
Makubetsu,Japan
Maski,India
Tamarakulam,India
Caboolture,Australia
Panchla,India
Tortona,Italy
Santa Josefa,Philippines
Tecolutla,Mexico
Peniche,Portugal
Mandi,India
Mavelikara,India
Mauganj,India
Selibaby,Mauritania
Aschersleben,Germany
Newton Aycliffe,United Kingdom
Lauf,Germany
Beohari,India
Madruga,Cuba
Nadbai,India
Nordenham,Germany
Droitwich,United Kingdom
Ouaoula,Morocco
Dinokana,South Africa
Zemmouri,Algeria
Ajka,Hungary
Forest Grove,United States
La Prairie,Canada
Gorlice,Poland
Del Gallego,Philippines
Blenheim,New Zealand
Kaltan,Russia
Jarocin,Poland
Estoril,Portugal
Dinanagar,India
Cajuru,Brazil
Jinju,China
Virakeralam,India
Ouled Mimoun,Algeria
Rangia,India
Balboa,Colombia
East Grinstead,United Kingdom
Elakadu,India
Lunel,France
Ashton in Makerfield,United Kingdom
San Jose,Philippines
Zottegem,Belgium
Carolina Forest,United States
Bombo,Uganda
Gundlupet,India
Dongen,Netherlands
Elk River,United States
Nazare,Brazil
Lagindingan,Philippines
Vicencia,Brazil
Reoti,India
Jaltenco,Mexico
Panchanandapur,India
Pandag,Philippines
Yuanyangzhen,China
Poldokhtar,Iran
Wyszkow,Poland
Elmira,United States
Elancourt,France
Tougan,Burkina Faso
Sapouy,Burkina Faso
Ilha Solteira,Brazil
Vogosca,Bosnia and Herzegovina
Bagh-e Malek,Iran
Pensilvania,Colombia
Bingen am Rhein,Germany
Lichtenburg,South Africa
Duptiair,Bangladesh
Eloi Mendes,Brazil
Bussy-Saint-Georges,France
Balakliia,Ukraine
Cheranallur,India
Parit Buntar,Malaysia
Dolo Odo,Ethiopia
Tehuipango,Mexico
Navabad,Tajikistan
Caririacu,Brazil
Clydebank,United Kingdom
San Pablo,Philippines
Ulaangom,Mongolia
Petrovsk,Russia
Ubaidullahganj,India
Werota,Ethiopia
Siquinala,Guatemala
La Garde,France
Woodstock,United States
Amaliada,Greece
Ibotirama,Brazil
Leland,United States
Cotoca,Bolivia
Portishead,United Kingdom
Visby,Sweden
Koelwar,India
Eureka,United States
Khadbari,Nepal
La Ceiba,Venezuela
Batalha,Brazil
Nuevo Arraijan,Panama
South Pasadena,United States
Walpole,United States
Weiterstadt,Germany
Aru,Congo (Kinshasa)
Baden,Austria
Az Zabadani,Syria
Fagaras,Romania
Narasannapeta,India
Rasiari,India
Obiaruku,Nigeria
South Salt Lake,United States
Beramanja,Madagascar
Pereyaslav-Khmel'nyts'kyy,Ukraine
Saint-Bruno-de-Montarville,Canada
Kaboila,Mali
Yapacani,Bolivia
Kaisariani,Greece
As Sanamayn,Syria
Yany Kapu,Ukraine
Ora,Japan
Lisen,Czechia
Bouansa,Congo (Brazzaville)
Wilmslow,United Kingdom
Teustepe,Nicaragua
Laranjal Paulista,Brazil
Semirom,Iran
Alboraya,Spain
Zirndorf,Germany
Holbrook,United States
Zhaicun,China
Bayanhongor,Mongolia
Plainview,United States
Carbonia,Italy
Khenichet-sur Ouerrha,Morocco
Nyaungdon,Burma
Midland,Canada
Hercules,United States
Rionegro,Colombia
Infanta,Philippines
Mirganj,India
Mel Bhuvanagiri,India
Paz de Ariporo,Colombia
Wenquan,China
Kudlu,India
San Giovanni Rotondo,Italy
Lamut,Philippines
Poro,Philippines
Colonia del Sacramento,Uruguay
Buesaco,Colombia
Lainate,Italy
Lockport,United States
Fleetwood,United Kingdom
Ganjing,China
Tekkalakote,India
Chivasso,Italy
Willebroek,Belgium
Kalfou,Cameroon
Rancho Grande,Nicaragua
Burlington,United States
Wasco,United States
Muniz,Argentina
Zhihe,China
Gedera,Israel
Talikota,India
Londonderry,United States
Novelda,Spain
Sograha,India
Pojuca,Brazil
Canas,Costa Rica
Et Tira,Israel
Iradan,Kyrgyzstan
Vadakkanandal,India
Buddayyakota,India
Kottakota,India
Guruzala,India
Aurillac,France
Gradignan,France
Wilsonville,United States
Elkridge,United States
Fairland,United States
Trussville,United States
Phetchaburi,Thailand
Windsor,United States
Mota,Ethiopia
Loutete,Congo (Brazzaville)
Rosario de la Frontera,Argentina
Flemalle-Haute,Belgium
Zagora,Morocco
Ketrzyn,Poland
Puerto Varas,Chile
Budhlada,India
Shuanghe,China
Montemor-o-Velho,Portugal
Sant'Anastasia,Italy
Tavira,Portugal
Austin,United States
Sanchez-Mira,Philippines
Jirwa,India
Mankachar,India
Manito,Philippines
Lubbecke,Germany
Iskandar,Uzbekistan
Curuca,Brazil
East Chicago,United States
Mortsel,Belgium
Beuningen,Netherlands
Lindau,Germany
Ives Estates,United States
San Ignacio,Belize
Mesagne,Italy
Ipsala,Turkey
Frankfort,South Africa
Dum Duma,India
Suar,India
Guduru,India
Ciempozuelos,Spain
Ringas,India
Kaous,Algeria
Oum Hadjer,Chad
Cifuentes,Cuba
Ouled Rahmoun,Algeria
Rezekne,Latvia
Dongfeng,China
Bijbiara,India
Harsewinkel,Germany
Pacasmayo,Peru
Wum,Cameroon
Oliva,Spain
Santiago Papasquiaro,Mexico
Amnat Charoen,Thailand
Baruni,India
Vadakku Viravanallur,India
Montichiari,Italy
Gourma Rharous,Mali
Tuxpan,Mexico
Huaquechula,Mexico
Itapuranga,Brazil
Terlizzi,Italy
Kuyucak,Turkey
Tono,Japan
Desamparados,Costa Rica
Armentieres,France
Anosipatrana,Madagascar
Campos Gerais,Brazil
Misserghin,Algeria
Camanducaia,Brazil
Mzimba,Malawi
Tianyingcun,China
Tianyingji,China
Sierra Bullones,Philippines
Elangunnapuzha,India
Phulera,India
Requinoa,Chile
Erice,Italy
Terdal,India
Oxford,United States
Tholen,Netherlands
Konobougou,Mali
Conway,United States
Dengjiazhuang,China
Halemba,Poland
Unterhaching,Germany
Tralee,Ireland
Kathu,Thailand
Chellalat el Adhaouara,Algeria
Dancagan,Philippines
Ridgewood,United States
Mahates,Colombia
Saumur,France
Thetford Mines,Canada
Odemira,Portugal
Tianwei,Taiwan
Alagoa Grande,Brazil
La Maquina,Guatemala
Bad Honnef am Rhein,Germany
El Hadjar,Algeria
Nansang,Burma
Casillas,Guatemala
Mahitsy,Madagascar
Emmeloord,Netherlands
Dardoq,Uzbekistan
Gamboma,Congo (Brazzaville)
Upper Moreland,United States
Kulmbach,Germany
Vertou,France
Chuimatan,China
Buenavista,Philippines
Burgos,Philippines
Medina,United States
North Tustin,United States
Tarauaca,Brazil
San Juan Atitan,Guatemala
Renigunta,India
Bangzha,China
Barra da Estiva,Brazil
Hovd,Mongolia
Bajina Basta,Serbia
Haymana,Turkey
Cave Spring,United States
Kiskunhalas,Hungary
Idhna,West Bank
Sandi,India
Bresso,Italy
Chanhassen,United States
Brasileia,Brazil
Ambatomborona,Madagascar
Malaimbandy,Madagascar
Mahambo,Madagascar
Ambatofotsy,Madagascar
Tsarazaza,Madagascar
Poytug`,Uzbekistan
Majiadiancun,China
Franklin,United States
Sinait,Philippines
Winona,United States
Halfmoon,United States
Lakshmicharipara,Bangladesh
Gahmar,India
Gaoya,China
Dehgolan,Iran
Rich,Morocco
Mangaldai,India
Bom Jesus dos Perdoes,Brazil
Montreux,Switzerland
Dharmapuram,India
Istmina,Colombia
Tiruppattur,India
Naduvannur,India
San Juan,Costa Rica
Curtea de Arges,Romania
Rampur,India
Maracana,Brazil
Kamo,Japan
Labytnangi,Russia
Santa Lucia,Philippines
Binidayan,Philippines
Bobon,Philippines
Norfolk,United States
Florence,United States
Santa Perpetua de Moguda,Spain
Golkoy,Turkey
Kuna,United States
Giussano,Italy
Otake,Japan
Le Grand-Quevilly,France
Giyani,South Africa
Chintalapudi,India
Udomlya,Russia
Surmene,Turkey
Gressier,Haiti
Pando,Uruguay
Lodi,United States
Mathibestad,South Africa
Montgomery,United States
Fish Hawk,United States
Socorro,Philippines
Dolores,Argentina
Sao Joaquim,Brazil
Boscoreale,Italy
Santa Ana,Colombia
Bournville,United Kingdom
Friedrichsdorf,Germany
Masrakh,India
San Sebastian Coatan,Guatemala
Putignano,Italy
Sidi Abdel Aziz,Morocco
Eaubonne,France
Gembloux,Belgium
Mannachchanellur,India
Maevatanana,Madagascar
Kostomuksha,Russia
Krishnapuram,India
Dano,Burkina Faso
Jaynagar-Majilpur,India
Cesenatico,Italy
Azacualpa,Honduras
El Grullo,Mexico
San Juan de Alicante,Spain
Hjorring,Denmark
Tubize,Belgium
Finote Selam,Ethiopia
Yanaul,Russia
Colleyville,United States
Schleswig,Germany
Haoping,China
San Martin,Colombia
Puerto Escondido,Mexico
Lucenec,Slovakia
El Jicaro,Nicaragua
Milagres,Brazil
Formosa do Rio Preto,Brazil
Gandujie,China
Gilarchat,India
Imperial Beach,United States
Jodhpur,India
Miramas,France
Cavaillon,France
Teniente Primero Manuel Irala Fernandez,Paraguay
El Quetzal,Guatemala
Noicattaro,Italy
Galatina,Italy
Kibeho,Rwanda
Dhrol,India
Omachi,Japan
Sofiyivs'ka Borshchahivka,Ukraine
Xishan,China
Vimercate,Italy
Vesala,India
Jharka,India
Fonte Boa,Brazil
Moscow,United States
Ballenger Creek,United States
Santa Isabel do Rio Negro,Brazil
Perunkalattu,India
Geretsried,Germany
Ban Pa Sak,Thailand
Kotal,India
Port Alfred,South Africa
Gokarn,India
Ciudad Altamirano,Mexico
Triggiano,Italy
Calilabad,Azerbaijan
Dondon,Haiti
Jaszbereny,Hungary
Terrytown,United States
Fort Washington,United States
Artvin,Turkey
El Progreso,Guatemala
Vitez,Bosnia and Herzegovina
Nagai,Japan
Assemini,Italy
Andasibe,Madagascar
Polasara,India
San Vicente de Canete,Peru
Shenley Brook End,United Kingdom
Karkala,India
Key West,United States
Grandview,United States
Lanaken,Belgium
Onda,Spain
Vignola,Italy
Vayakkalattu,India
Consett,United Kingdom
Biarritz,France
Rockaway,United States
Coin,Spain
Raman,India
Derby,United States
Marco,Brazil
Samana,Colombia
Marshfield,United States
Kadamalaikkundu,India
Brunoy,France
Koko,Nigeria
Ladkhed,India
Nechi,Colombia
Kunisakimachi-tsurugawa,Japan
Maintirano,Madagascar
Mungaoli,India
Chhota Udepur,India
Fort Hood,United States
Oulad Yaich,Morocco
Tubay,Philippines
Villanueva de la Serena,Spain
Santo Cristo,Philippines
Warrington,United States
Pura,Philippines
El Cerrito,United States
Temerin,Serbia
Karavaram,India
Conversano,Italy
Koba,India
Arapoti,Brazil
Bishunpur Sundar,India
Seondha,India
Wagrowiec,Poland
Lower Providence,United States
De Witt,United States
Paveh,Iran
Natividad,Philippines
Zakopane,Poland
Rockville Centre,United States
Cherukolattur,India
Staunton,United States
Henin-Beaumont,France
Chinna Salem,India
Talisayan,Philippines
Sebastian,United States
Santa Maria,Philippines
Firmat,Argentina
Brevnov,Czechia
Vorkadi,India
Koper,Slovenia
Coffs Harbour,Australia
San Antonio del Sur,Cuba
Ginan,Japan
Tecax,Mexico
Bema,Mali
Yinajia,China
Felipe Carrillo Puerto,Mexico
Allendale,United States
Arida,Japan
Le Ray,United States
Lourinha,Portugal
Tabina,Philippines
Mpophomeni,South Africa
Bandar-e Deylam,Iran
Mytilini,Greece
Kirkburton,United Kingdom
Ban Piang Luang,Thailand
Guroymak,Turkey
Lincoln,Canada
Klodzko,Poland
Santeramo in Colle,Italy
Tarangnan,Philippines
Nanpingcun,China
An Nazlah,Egypt
Idstein,Germany
Skopin,Russia
Kommunar,Russia
Jardin America,Argentina
Vichy,France
Zhutailing,China
Mogtedo,Burkina Faso
Palm City,United States
Haisyn,Ukraine
Carahue,Chile
Horb am Neckar,Germany
Coulsdon,United Kingdom
Nova Prata,Brazil
Verl,Germany
Diebougou,Burkina Faso
Espigao D'Oeste,Brazil
Safipur,India
Nagod,India
Scandiano,Italy
Ipatovo,Russia
Columbine,United States
Medford,United States
Netapur Tanda,India
Pereira Barreto,Brazil
Malanguan,China
Fenoarivo,Madagascar
Santa Lucia La Reforma,Guatemala
Fort Beaufort,South Africa
Alencon,France
Tosa,Japan
Galt,United States
Batabano,Cuba
Villanueva,Nicaragua
Toin,Japan
Sagara,Japan
Bessemer,United States
Siqba,Syria
Muret,France
Koulamoutou,Gabon
Kanchanaburi,Thailand
Voorschoten,Netherlands
Doba,Chad
Haql,Saudi Arabia
Yolombo,Colombia
Foughala,Algeria
Sao Sebastiao da Boa Vista,Brazil
Altavas,Philippines
Helmstedt,Germany
Polysayevo,Russia
Pace,United States
Phulpur,Bangladesh
Perama,Greece
Nanminda,India
Palma,Mozambique
Kesla,Azerbaijan
Rinteln,Germany
Brilon,Germany
Immokalee,United States
Samut Songkhram,Thailand
Francavilla al Mare,Italy
Newberg,United States
Alegria,Philippines
Busuanga,Philippines
Saint-Ouen-l'Aumone,France
Igaci,Brazil
Starkville,United States
Utena,Lithuania
Kako,India
Farnham,United Kingdom
Inkster,United States
Valdagno,Italy
Migdal Ha`Emeq,Israel
Porto Sant'Elpidio,Italy
Sliedrecht,Netherlands
Vaterstetten,Germany
El Tarf,Algeria
Velenje,Slovenia
Moses Lake,United States
Genet,Ethiopia
Mount Gambier,Australia
Ohringen,Germany
Tarkeshwar,India
Sirumugai,India
South Bradenton,United States
Chainpura,India
Ligang,Taiwan
Nocatee,United States
Cliffside Park,United States
Bilston,United Kingdom
Nagar,India
Happy Valley,United States
Haiwei,China
Villeneuve-la-Garenne,France
Sao Joao Nepomuceno,Brazil
Pszczyna,Poland
Bandiagara,Mali
Kami,Japan
Raghunathpur,India
Kireyevsk,Russia
Vijapur,India
Jericoacoara,Brazil
Xenia,United States
Aracoiaba,Brazil
Abay,Kazakhstan
Ipameri,Brazil
Rottweil,Germany
Niramaruthur,India
Solano,Colombia
New Milton,United Kingdom
Poranki,India
Shahedshahr,Iran
Karayazi,Turkey
Oltiariq,Uzbekistan
Licey al Medio,Dominican Republic
Miranda,Brazil
Obertshausen,Germany
Tougue,Guinea
Tipo-Tipo,Philippines
Falconara Marittima,Italy
Jacutinga,Brazil
Tarpon Springs,United States
Weingarten,Germany
Salor,Uzbekistan
Mar de Ajo,Argentina
Montbeliard,France
Adra,Spain
Ayuquitan,Philippines
Enna,Italy
Lopez Jaena,Philippines
Manyoni,Tanzania
Sankt Wendel,Germany
Nettappakkam,India
Okemos,United States
Roseto degli Abruzzi,Italy
Bhikhi,India
Al `Awwamiyah,Saudi Arabia
Ciying,China
Mimasaka,Japan
Stevens Point,United States
Fujikawaguchiko,Japan
Santa Helena,Brazil
Guacui,Brazil
Tomares,Spain
Oldbury,United Kingdom
Kyonpyaw,Burma
Exeter,United States
Peekskill,United States
Menaceur,Algeria
Wetteren,Belgium
Bungku,Indonesia
Treinta y Tres,Uruguay
Salem,United States
Backa Palanka,Serbia
Hudson,United States
Astorga,Brazil
Sobrado,Brazil
Mimata,Japan
Mannadipattu,India
Salaga,Ghana
Tupaciguara,Brazil
Andalucia,Colombia
Thatcham,United Kingdom
Veenoord,Netherlands
Vistahermosa,Colombia
Mill Creek East,United States
Elassona,Greece
Bilgoraj,Poland
West Whittier-Los Nietos,United States
Agaro,Ethiopia
Bathnaha,India
Bailey's Crossroads,United States
Avon Lake,United States
Unisan,Philippines
Reading,United States
San Pedro Masahuat,El Salvador
Reedley,United States
Sao Jose do Norte,Brazil
Pauri,India
Nittedal,Norway
Tumbao,Philippines
Anage,Brazil
Tres Passos,Brazil
West Chicago,United States
San Jose,Colombia
Rocha,Uruguay
Limonar,Cuba
Kiranur,India
Omigawa,Japan
Northdale,United States
Nyanza,Rwanda
Caloto,Colombia
Longbridge,United Kingdom
Maplewood,United States
Roth,Germany
Armilla,Spain
Leandro N. Alem,Argentina
Castelnau-le-Lez,France
Rouached,Algeria
Nagtipunan,Philippines
Craibas,Brazil
Karpinsk,Russia
Pudsey,United Kingdom
Chengannur,India
Miyaki,Japan
Lamu,Kenya
Demba,Congo (Kinshasa)
Jilikul,Tajikistan
Showt,Iran
Aleysk,Russia
Coracao de Jesus,Brazil
Luzilandia,Brazil
Mahwah,United States
Gagarin,Russia
Zhongcun,China
Ellwangen,Germany
Cherbourg,France
Diego Martin,Trinidad and Tobago
De Pere,United States
Nonahi,India
Legnago,Italy
Arriaga,Mexico
Upminster,United Kingdom
Louis Trichardt,South Africa
Llanelli,United Kingdom
Wiehl,Germany
San Miguel,Philippines
Yanyan,China
Ottumwa,United States
Brandon,United States
Denison,United States
Santo Tomas,El Salvador
Corsicana,United States
Bethune,France
Delitzsch,Germany
San Giovanni Lupatoto,Italy
Raisio,Finland
Busselton,Australia
Westhoughton,United Kingdom
Rakovski,Bulgaria
Salamanca,Chile
Yamagata,Japan
Pinal de Amoles,Mexico
Moschato,Greece
Timurni,India
Ditzingen,Germany
Vynohradiv,Ukraine
Torrelodones,Spain
Jevargi,India
Requena,Peru
Saintes,France
Harbel,Liberia
Ulongue,Mozambique
Bozkir,Turkey
Ludinghausen,Germany
Sangerhausen,Germany
Krasnoznamensk,Russia
Farkhor,Tajikistan
Pfungstadt,Germany
Giv`at Shemu'el,Israel
Lengir,Kazakhstan
Oupeye,Belgium
Kovancilar,Turkey
Espelkamp,Germany
Caledonia,United States
Sugar Hill,United States
Salzkotten,Germany
Mercer Island,United States
Arzignano,Italy
Lafayette,United States
Belen de Umbria,Colombia
Lennestadt,Germany
Holt,United States
La Union,Colombia
Babra,India
Denizciler,Turkey
Budai,Taiwan
Tanabi,Brazil
Kirkby in Ashfield,United Kingdom
Seriate,Italy
Merkanam,India
Villarrobledo,Spain
Arbaoua,Morocco
Camillus,United States
Mequon,United States
Wadi,India
Mariano Comense,Italy
Choconta,Colombia
Thetford,United Kingdom
Vsetin,Czechia
Dyatkovo,Russia
Vierzon,France
Kawlin,Burma
Albergaria-a-Velha,Portugal
Acatlan,Mexico
Topol'cany,Slovakia
Candido Sales,Brazil
Chardonnieres,Haiti
Fengruncun,China
Talugtug,Philippines
Camalaniugan,Philippines
Chiromo,Malawi
Ganshoren,Belgium
Ilaiyankudi,India
Mudgal,India
Atlatlahucan,Mexico
Oulad Said,Morocco
Bacoli,Italy
Miahuatlan,Mexico
Allen,Philippines
Petershagen,Germany
Tipasa,Algeria
Mananjary,Madagascar
Wumayingcun,China
Sandona,Colombia
Dickinson,United States
Hazelwood,United States
Apiai,Brazil
Norco,United States
Norden,Germany
Workington,United Kingdom
Guene,Benin
Oroshaza,Hungary
Urucui,Brazil
Maaseik,Belgium
Brodosqui,Brazil
North Laurel,United States
Walker,United States
Dinuba,United States
Saranga,India
Somoniyon,Tajikistan
Taquari,Brazil
Nea Filadelfeia,Greece
Barstow,United States
Albany,Australia
Uttaramerur,India
Saydnaya,Syria
Kingswinford,United Kingdom
Kola,India
Latehar,India
Carteret,United States
Sarrat,Philippines
Saikaicho-kobago,Japan
Piranhas,Brazil
Paonta Sahib,India
Erlun,Taiwan
Tirora,India
Banhatti,India
Jutai,Brazil
Malyn,Ukraine
Edgewood,United States
Overijse,Belgium
Aridagawa,Japan
Monreal,Philippines
Easton,United States
Pitsea,United Kingdom
Vasudevanallur,India
Fatime,Mali
Alamo,Mexico
Debila,Algeria
Prachin Buri,Thailand
Bagno a Ripoli,Italy
Muskego,United States
Bardsir,Iran
Rhyl,United Kingdom
Gulam,India
Harstad,Norway
Kasrawad,India
Rajgurunagar,India
Saky,Ukraine
Panagar,India
Wewak,Papua New Guinea
Aimores,Brazil
Candelaria,Argentina
Campos Sales,Brazil
Otuzco,Peru
Pallappatti,India
Santa Maria Tonameca,Mexico
Sahibpur Kamal,India
Simpsonville,United States
Sohwal,India
Rania,India
Atuntaqui,Ecuador
Waldshut-Tiengen,Germany
Mombin Crochu,Haiti
Dedham,United States
Mountain House,United States
Novi Travnik,Bosnia and Herzegovina
Namrup,India
Bad Oldesloe,Germany
Ashkhaneh,Iran
University Park,United States
Malangawa,Nepal
El Fahs,Tunisia
Baliqchi,Uzbekistan
Pagudpud,Philippines
Muliyar,India
Iglesias,Italy
Sahjanwa,India
Rajakheri,India
Yarmouth,United States
Kongsberg,Norway
Zawyat ech Cheikh,Morocco
Santo Tomas,Peru
Bure,Ethiopia
Ninohe,Japan
Ibiapina,Brazil
Avon,United States
Yapqan,China
Jafarabad,India
Liria,Spain
Correggio,Italy
Soccorro,Philippines
Beersel,Belgium
Duiven,Netherlands
Perrysburg,United States
Calahorra,Spain
Oegstgeest,Netherlands
Shrirangapattana,India
Kingsville,United States
El Karimia,Algeria
Bombinhas,Brazil
Steenbergen,Netherlands
Bellview,United States
Imi-n-Tanout,Morocco
Valls,Spain
Husi,Romania
Lanling,China
Dix Hills,United States
Nabinagar,India
Sohagpur,India
Charentsavan,Armenia
Camaligan,Philippines
Wolfsberg,Austria
San Felipe,Philippines
Meckenheim,Germany
Datca,Turkey
Newport,United States
Barwa Sagar,India
Daventry,United Kingdom
Pangil,Philippines
King of Prussia,United States
Quirino,Philippines
Bousse,Burkina Faso
Loma Linda,United States
Sao Joao dos Patos,Brazil
Bognor Regis,United Kingdom
Barki Ballia,India
Nepomuceno,Brazil
Simria,India
Trikodi,India
Hukeri,India
Naubatpur,India
Ramshir,Iran
Pathiyanikunnu,India
Sonzacate,El Salvador
Hastings,United States
Attili,India
Hindley,United Kingdom
Khed Brahma,India
Paoay,Philippines
Drodro,Congo (Kinshasa)
Dbarwa,Eritrea
Moyale,Ethiopia
Tegalbuleud,Indonesia
Kali,India
Ayirurpara,India
Parner,India
Lalru,India
Singhana,India
Kalamner,India
Sojitra,India
Madha,India
Chanasma,India
Vodurivandlagudem,India
Khiria Jhansi,India
Data,India
Malanvadi,India
As Saqlawiyah,Iraq
Shaqlawah,Iraq
Ash Shunah ash Shamaliyah,Jordan
Moyale,Kenya
Vangviang,Laos
Ehden,Lebanon
Ampahana,Madagascar
Fidirana,Madagascar
Mahatalaky,Madagascar
Ankazomborona,Madagascar
Antsirabe Avaratra,Madagascar
Bidur,Malaysia
Catembe,Mozambique
Nijverdal,Netherlands
Santiago de Chuco,Peru
Caballococha,Peru
Dainyor,Pakistan
Pinhal Novo,Portugal
Baxdo,Somalia
Tall Shihab,Syria
Kibuku,Uganda
Sho`rchi,Uzbekistan
Araira,Venezuela
Higuerote,Venezuela
Norton Shores,United States
Simaria,India
Nossa Senhora das Dores,Brazil
Tateyama,Japan
Mohale's Hoek,Lesotho
Sultepec,Mexico
Ponta de Pedras,Brazil
Kabanga,Tanzania
Barberton,United States
Sidhauli,India
Tsaratanana,Madagascar
Schmallenberg,Germany
Tapa,India
Yingshui,China
Sumperk,Czechia
Paduvari,India
Illiltene,Algeria
Olpe,Germany
Gajwel,India
Baindur,India
Sprockhovel,Germany
Syke,Germany
Springfield,United States
Romulus,United States
La Esperanza,Guatemala
Harmanli,Bulgaria
Paete,Philippines
Rio Preto da Eva,Brazil
Yuzhang,China
Niscemi,Italy
Farmington,United States
Traralgon,Australia
Uherske Hradiste,Czechia
Chivolo,Colombia
Cuijk,Netherlands
Portalegre,Portugal
Marneuli,Georgia
North Augusta,United States
Ixchiguan,Guatemala
Dalupo,China
Pinillos,Colombia
Termini Imerese,Italy
Imatra,Finland
Mundargi,India
Rathenow,Germany
Tres de Maio,Brazil
Koumia,Mali
Nainpur,India
Asino,Russia
Auburn Hills,United States
Elefsina,Greece
Hunucma,Mexico
Dimasalang,Philippines
Montalban,Venezuela
Wanchuan,China
Szentes,Hungary
Dugda,India
Broadstairs,United Kingdom
Nogi,Japan
Pezinok,Slovakia
Yaypan,Uzbekistan
Sand,Norway
Ixhuatlancillo,Mexico
Ushtobe,Kazakhstan
Rethymno,Greece
Flores Costa Cuca,Guatemala
Minowa,Japan
Westerlo,Belgium
Sora,Italy
Kholmsk,Russia
Piracanjuba,Brazil
Pedro Carbo,Ecuador
Kouhu,Taiwan
Martinopolis,Brazil
Riverbank,United States
Quispamsis,Canada
Sahasoa,Madagascar
Stein,Netherlands
Iki,Japan
Les Pavillons-sous-Bois,France
Villa Tapia,Dominican Republic
Seal Beach,United States
Meiningen,Germany
Kobo,Ethiopia
Breclav,Czechia
Almonte,Spain
Wasaga Beach,Canada
Wujiaying,China
Karukurti,India
Derry,United States
Kalavad,India
Edavanakad,India
Ishii,Japan
Jabonga,Philippines
Solsona,Philippines
Adis Zemen,Ethiopia
Rangapara,India
Maduru,India
Cherukara,India
Vernon,France
Valambur,India
Liangwu,China
Raghopur,India
Ghoti Budrukh,India
Anivorano Avaratra,Madagascar
Santa Rita do Passa Quatro,Brazil
Sirmatpur,India
Hamme,Belgium
Dangila,Ethiopia
Banga,India
Turuttikkara,India
Bourdoud,Morocco
Savur,Turkey
Aso,Japan
Westchase,United States
Perevalsk,Ukraine
Tamboril,Brazil
Nazareth,India
Centerville,United States
Morales,Colombia
Galdar,Spain
Collingwood,Canada
Basopatti,India
Piat,Philippines
Madaoua,Niger
General Luna,Philippines
Yukon,United States
Thundersley,United Kingdom
Poblacion,Philippines
Kuttampuzha,India
Pecan Grove,United States
Wisbech,United Kingdom
Swiecie,Poland
Icatu,Brazil
Khalari,India
Baarn,Netherlands
Corralillo,Cuba
Voorst,Netherlands
Plettenberg,Germany
Turek,Poland
Fort Dodge,United States
Usia,India
Suchitoto,El Salvador
Gorleston-on-Sea,United Kingdom
Shivganj,India
Salanso,Burkina Faso
Cambre,Spain
Pamplona,Philippines
Tugaya,Philippines
Guarai,Brazil
Nar'yan-Mar,Russia
Galdacano,Spain
Big Spring,United States
Pepa,Congo (Kinshasa)
Pweto,Congo (Kinshasa)
Rudolstadt,Germany
Dodola,Ethiopia
Beifan,China
San Francisco Zapotitlan,Guatemala
Ardmore,United States
Santana,Brazil
Kalayaan,Philippines
Jamay,Mexico
Bad Mergentheim,Germany
Sandusky,United States
Tres Isletas,Argentina
Ban Khamen,Thailand
Boureit,Morocco
Tuburan,Philippines
Thornaby on Tees,United Kingdom
Villanueva,Colombia
Kulachi,Pakistan
Taquaritinga do Norte,Brazil
Owando,Congo (Brazzaville)
Patian,Philippines
Djambala,Congo (Brazzaville)
Guaymango,El Salvador
Barnegat,United States
Floresta,Brazil
Lapao,Brazil
Zanesville,United States
Bazarak,Afghanistan
Ain Aicha,Morocco
Junqueiro,Brazil
Hertford,United Kingdom
Haren,Germany
Zumpango del Rio,Mexico
Marapanim,Brazil
Brasil Novo,Brazil
Delfzijl,Netherlands
Moron,Haiti
Castro Alves,Brazil
Lempaala,Finland
Zittau,Germany
Joao Lisboa,Brazil
Macka,Turkey
Algeciras,Colombia
Ma`bar,Yemen
Zhenbeibu,China
Gouna,Mali
Podaturpeta,India
Victoria,Seychelles
G'allaorol Shahri,Uzbekistan
Mairwa,India
Santa Rosa,Colombia
Oga,Japan
Saltpond,Ghana
Betong,Thailand
Kakonko,Tanzania
Morton Grove,United States
Baroy,Philippines
Tamilisan,Philippines
Raska,Serbia
Hinis,Turkey
Panapur,India
Kajiado,Kenya
Paris,United States
Olesa de Montserrat,Spain
Naruto,Japan
San Benito,United States
Patnagarh,India
Herzogenaurach,Germany
Monte Cristi,Dominican Republic
Stutterheim,South Africa
Narasingapuram,India
Libourne,France
Charleville-Mezieres,France
Shitan,China
Suitland,United States
Scotch Plains,United States
Uaua,Brazil
Chandili,India
Erandio,Spain
Jiquilpan de Juarez,Mexico
Miguel Calmon,Brazil
Kaga Bandoro,Central African Republic
Portao,Brazil
Pasighat,India
Bystrc,Czechia
Lormont,France
Ternate,Philippines
Eidsvoll,Norway
Larvik,Norway
Alacam,Turkey
Urgup,Turkey
Leoben,Austria
Bedburg,Germany
Burdeos,Philippines
Newton in Makerfield,United Kingdom
Las Cabras,Chile
Palakodu,India
Shamgarh,India
Merelbeke,Belgium
West Milford,United States
Bielsk Podlaski,Poland
Al Qubbah,Libya
Cloverleaf,United States
Socastee,United States
Znamensk,Russia
El Milagro,Peru
Ban Bang Phun,Thailand
Santa Maria do Para,Brazil
Zwevegem,Belgium
Desnogorsk,Russia
Belton,United States
Port St. John,United States
Rawson,Argentina
Navalgund,India
San Borja,Bolivia
Iacu,Brazil
Bainbridge Island,United States
Donggangli,China
Waldkraiburg,Germany
Queimadas,Brazil
Khashuri,Georgia
Pata Kalidindi,India
Sebt Gzoula,Morocco
Madougou,Mali
Etajima,Japan
Ramdiri,India
Fatoma,Mali
Telagh,Algeria
Maywood,United States
Wyandotte,United States
Darende,Turkey
Medford,United States
Condado,Brazil
Fontenay-aux-Roses,France
Gorantla,India
Carrascal,Philippines
Selma,United States
Westford,United States
Cayeli,Turkey
Rio Tinto,Brazil
Irugur,India
Watertown,United States
Reserva,Brazil
Calamar,Colombia
Biharamulo,Tanzania
Ain Kechera,Algeria
Greenbelt,United States
Sept-Iles,Canada
Goulburn,Australia
Panglong,Burma
Carlos A. Carrillo,Mexico
Douar Ouled Ayad,Morocco
Paita,New Caledonia
Takhli,Thailand
El Retorno,Colombia
Landover,United States
Tapejara,Brazil
Ridgeland,United States
Guabiruba,Brazil
Mponela,Malawi
Stjordal,Norway
Kottapeta,India
Valdivia,Colombia
Cheruvaranam,India
Wierden,Netherlands
Kerrville,United States
Alcobaca,Brazil
Ureshinomachi-shimojuku,Japan
Herndon,United States
Santo Tomas,Philippines
Ravansar,Iran
Sirkhandi Bhitha,India
Dungra Chhota,India
Douar 'Ayn Dfali,Morocco
Qutur,Egypt
Malinao,Philippines
Watsa,Congo (Kinshasa)
Homer Glen,United States
Cordeiropolis,Brazil
Melrose Park,United States
Amatan,Mexico
Belvidere,United States
Pelham,United States
Sanchez,Dominican Republic
Akividu,India
Aklvidu,India
Ronnenberg,Germany
Qualiano,Italy
Zdolbuniv,Ukraine
Hulbuk,Tajikistan
Bereket,Turkmenistan
G`uzor,Uzbekistan
Andhra Tharhi,India
Nij Khari,India
Dongxiaozhai,China
Tirumuruganpundi,India
Parambatt Kavu,India
Ocara,Brazil
Markkleeberg,Germany
Orly,France
Tulsipur,India
Pindwara,India
Dhamnagar,India
Ap Khanh Hoa,Vietnam
Mahdishahr,Iran
World Golf Village,United States
Kaynarca,Turkey
Hanerik,China
Khajuraho,India
Fairfax,United States
Traun,Austria
Soledad,United States
Mimoso do Sul,Brazil
Decatur,United States
Purwa,India
San Agustin Loxicha,Mexico
Saginaw,United States
Zion,United States
Baar,Switzerland
Warstein,Germany
Slavutych,Ukraine
Sahaspur,India
Cartaxo,Portugal
Isernhagen-Sud,Germany
Canton,United States
Faribault,United States
Sahawar,India
Nasukarasuyama,Japan
Wetzikon,Switzerland
Attendorn,Germany
Igaracu do Tiete,Brazil
Calw,Germany
Eisenhuttenstadt,Germany
Zungeru,Nigeria
Vinnamala,India
Bundu,India
Tamahu,Guatemala
Felixstowe,United Kingdom
Qabatiyah,West Bank
Napindan,Philippines
Eysines,France
Arad,Israel
Channagiri,India
'Ain Boucif,Algeria
Gaz,Iran
Vilankulo,Mozambique
Zhuangwei,Taiwan
Riverside,United States
Balarampur,India
Yokadouma,Cameroon
Garcia Hernandez,Philippines
Benbrook,United States
Sao Sebastiao do Cai,Brazil
Tres Coroas,Brazil
Clinton,United States
Zagan,Poland
Cazones de Herrera,Mexico
Mola di Bari,Italy
Armiansk,Ukraine
Pedra Azul,Brazil
Oirase,Japan
Ramain,Philippines
Fray Bentos,Uruguay
Minas Novas,Brazil
Ashwaraopeta,India
Los Barrios,Spain
Tirutturaippundi,India
Abim,Uganda
Upper Providence,United States
Garhara,India
Panmana,India
Buturlinovka,Russia
Oak Harbor,United States
Oak Ridge,United States
Itambe,Brazil
Ngorkou,Mali
Kings Norton,United Kingdom
Santa Ana,Guatemala
Tbeng Meanchey,Cambodia
Ponca City,United States
Gyal,Hungary
Les Irois,Haiti
Alicia,Philippines
Asan,India
Buzen,Japan
Bacolod,Philippines
Putten,Netherlands
Lice,Turkey
Wandlitz,Germany
Martos,Spain
Valente,Brazil
Preah Vihear,Cambodia
Middleborough,United States
Hirriyat Raznah,Egypt
Kenndie,Mali
Duncan,Canada
Birkirkara,Malta
Puerto Guzman,Colombia
Hennenman,South Africa
Ubach-Palenberg,Germany
Nagarpara,India
Ambohimasina,Madagascar
Taquarituba,Brazil
Ruvo di Puglia,Italy
Nova Xavantina,Brazil
Paruthur,India
Sundarnagar,India
Porto de Mos,Portugal
Ibimirim,Brazil
Saidpur,India
Freudenstadt,Germany
Varel,Germany
Sagbayan,Philippines
Horquetas,Costa Rica
Canhotinho,Brazil
Las Margaritas,Mexico
Singarayakonda,India
Bloomington,United States
Tadjmout,Algeria
Pallapatti,India
Iringal,India
Xinxing,China
Gose,Japan
Portogruaro,Italy
Sarykemer,Kazakhstan
Lucena,Philippines
Ipixuna,Brazil
Farragut,United States
Greenfield,United States
Bijawar,India
Patterson,United States
Cedros,Honduras
Velur,India
Qazi Ahmad,Pakistan
Cantanhede,Brazil
Wadsworth,United States
Oud-Beijerland,Netherlands
Qianwangcun,China
Koloriang,India
Pinheiral,Brazil
Curacavi,Chile
Daksinkali,Nepal
Ajim,Tunisia
Auburn,United States
Mandan,United States
Radauti,Romania
Saint-Laurent-du-Maroni,French Guiana
Kien Luong,Vietnam
Icod de los Vinos,Spain
Baheri,India
Maharajgani,India
Zhuchangba,China
Almansa,Spain
Volksrust,South Africa
Satuba,Brazil
Nueva Paz,Cuba
Kalach-na-Donu,Russia
Unecha,Russia
Carlow,Ireland
Borre,Norway
Katrineholm,Sweden
Lomianki,Poland
Ayanavelikulangara Tekku,India
Senador Pompeu,Brazil
Noto,Italy
Mograne,Morocco
Le Bouscat,France
Umga,India
Zhangshanying,China
Tamorot,Morocco
Morozovsk,Russia
Sao Geraldo do Araguaia,Brazil
Ennis,Ireland
Saint-Nicolas,Belgium
Montegnee,Belgium
Lukaya,Uganda
Tocopilla,Chile
Palmetto Bay,United States
Benua Baru,Indonesia
Hudson,Canada
Mau,India
Mahaiza,Madagascar
Dahecun,China
San Juan Nepomuceno,Paraguay
Valparaiso,Brazil
El Salto,Mexico
El Factor,Dominican Republic
Mayang Imphal,India
Carutapera,Brazil
Mairena del Alcor,Spain
uMhlanga Rocks,South Africa
Mekla,Algeria
Nova Soure,Brazil
Ganzhu,China
Vettakkaranpudur,India
Qiaomaichuan,China
Foum el Anser,Morocco
South Plainfield,United States
Haaksbergen,Netherlands
Freha,Algeria
Chester-le-Street,United Kingdom
Sroda Wielkopolska,Poland
Jan Kempdorp,South Africa
El Congo,El Salvador
Frederickson,United States
Cabrera,Dominican Republic
Gotvand,Iran
Farnley,United Kingdom
Ambalamanasy II,Madagascar
Ibi,Spain
Debaltseve,Ukraine
Canarana,Brazil
Calliaqua,Saint Vincent and the Grenadines
Soure,Brazil
Donmatias,Colombia
Westmont,United States
Boulsa,Burkina Faso
Buwenge,Uganda
Aioun,Mauritania
Naravarikuppam,India
Halikner,India
Johnston,United States
Kauswagan,Philippines
Ortigueira,Brazil
Quatro Barras,Brazil
Fossano,Italy
Souk Tlet El Gharb,Morocco
Lagonglong,Philippines
Maksi,India
Mogalturru,India
Boquim,Brazil
Machachi,Ecuador
Columbus,United States
Hingham,United States
Novo Mesto,Slovenia
Cullera,Spain
Magenta,Italy
Liberty Triangle,United States
San Enrique,Philippines
Skawina,Poland
Forquilha,Brazil
Helleland,Norway
San Fernando,Philippines
Golborne,United Kingdom
Sehnde,Germany
Caibiran,Philippines
Walcz,Poland
Ukkayapalle,India
Kosigi,India
Jaruco,Cuba
Angatuba,Brazil
Oguchi,Japan
Setti Fatma,Morocco
Yoqne`am `Illit,Israel
Pingtang,China
Marin,Spain
Macia,Mozambique
Liushui,China
West Memphis,United States
Meyrin,Switzerland
Heiloo,Netherlands
Juchen,Germany
Rioblanco,Colombia
Baharly,Turkmenistan
Itapora,Brazil
Rodez,France
Zapresic,Croatia
Lexington,United States
Marsella,Colombia
Isa,Japan
Nixa,United States
Marple,United States
Salvaterra,Brazil
Korostyshiv,Ukraine
Collinsville,United States
Loha,India
Shelbyville,United States
Oleshky,Ukraine
Tiruvattar,India
Anjozorobe,Madagascar
San Agustin,Philippines
Sundararaopeta,India
Vrbas,Serbia
Takelsa,Tunisia
Wekiwa Springs,United States
Paraopeba,Brazil
Tayyibat al Imam,Syria
Bontoc,Philippines
Plymstock,United Kingdom
Espera Feliz,Brazil
Jaisinghpur,India
Ryde,United Kingdom
Medjez el Bab,Tunisia
Emporia,United States
As Sulayyil,Saudi Arabia
Barnstaple,United Kingdom
Areia Branca,Brazil
Qiloane,Lesotho
Vicosa,Brazil
Cogua,Colombia
Monte Siao,Brazil
Korbach,Germany
Lagoa Grande,Brazil
Fresno,United States
Mirandola,Italy
Deyr,Iran
Montevarchi,Italy
Vicente Lopez,Argentina
Santa Maria Colotepec,Mexico
Zernograd,Russia
Ormskirk,United Kingdom
Goias,Brazil
Middletown,United States
Morfou,Cyprus
Zaragoza,Colombia
Laon,France
Bay Point,United States
Sangrampur,India
Papillion,United States
Balete,Philippines
Quezon,Philippines
Skoura,Morocco
Boo,Sweden
Coral Terrace,United States
Senboku,Japan
Arttuvattala,India
Mina,Philippines
Tangcun,China
Rita,Costa Rica
Whitehaven,United Kingdom
Siswa,India
Suleswaranpatti,India
Tegina,Nigeria
Sakai,Japan
Sanando,Mali
Saint-Lin--Laurentides,Canada
Kourou,French Guiana
Severouralsk,Russia
White Bear Lake,United States
Independencia,Brazil
Ipala,Guatemala
Pontinha,Portugal
Koscian,Poland
Veranopolis,Brazil
Siofok,Hungary
Atar,Mauritania
Gardner,United States
Yadiki,India
Tehri,India
Soamanandrariny,Madagascar
Ambatotsipihina,Madagascar
Sheghnan,Afghanistan
East Retford,United Kingdom
Maheshwar,India
Payipira,India
Bcharre,Lebanon
Ambohimandroso,Madagascar
Lopary,Madagascar
Antanimieva,Madagascar
Miarinarivo,Madagascar
Tsiatosika,Madagascar
Antonibe,Madagascar
La Palma,El Salvador
Chirilagua,El Salvador
Badou,Togo
Niamtougou,Togo
Itigi,Tanzania
Butaleja,Uganda
Chinobod,Uzbekistan
Jalolquduq,Uzbekistan
Brambleton,United States
Conil de la Frontera,Spain
Caazapa,Paraguay
North Potomac,United States
Quellon,Chile
Maxcanu,Mexico
Kazincbarcika,Hungary
Sikandarpur,India
Westerstede,Germany
South Elgin,United States
Elmwood Park,United States
Jardim,Brazil
Cachoeira do Arari,Brazil
Rolling Meadows,United States
Burlington,United States
Cavinti,Philippines
Taiyangxi,China
Pennadam,India
Bloomingdale,United States
San Pedro,Costa Rica
Huilong,China
Huilongping,China
Laranjeiras,Brazil
Rickmansworth,United Kingdom
Kamiamakusa,Japan
General Emilio Aguinaldo,Philippines
Peshtera,Bulgaria
Solon,United States
Dabaga,Niger
Embarcacion,Argentina
Shahpur,India
Stassfurt,Germany
Altea,Spain
Laguna Salada,Dominican Republic
Acton,United States
Sao Goncalo do Sapucai,Brazil
Bom Jesus,Brazil
Littleover,United Kingdom
Santa Quiteria do Maranhao,Brazil
Newport,United Kingdom
Raritan,United States
Wil,Switzerland
Plainsboro,United States
Goirle,Netherlands
Neduvattur,India
Alfter,Germany
Ambohimahamasina,Madagascar
Pilar do Sul,Brazil
Urucurituba,Brazil
Kingston,United States
Easley,United States
Itaporanga,Brazil
Starnberg,Germany
Arbroath,United Kingdom
Tsawwassen,Canada
Willoughby,United States
Bulusan,Philippines
Sao Joao da Ponte,Brazil
Belo Oriente,Brazil
Sighisoara,Romania
Solin,Croatia
Mapoteng,Lesotho
Wijk bij Duurstede,Netherlands
Puyappalli,India
Limbach-Oberfrohna,Germany
Jucas,Brazil
El Zulia,Colombia
Douar Bou Tlelis,Algeria
Koulikoro,Mali
Chandlers Ford,United Kingdom
Hajduszoboszlo,Hungary
Manlio Fabio Altamirano,Mexico
Umbauba,Brazil
Iraucuba,Brazil
Mnasra,Morocco
Sendamangalam,India
Sudbury,United Kingdom
Zolochiv,Ukraine
Hatonuevo,Colombia
Sao Joao do Paraiso,Brazil
Buritizeiro,Brazil
Pompei,Italy
San Nicolas,Philippines
Porto Franco,Brazil
Zwedru,Liberia
Miguel Pereira,Brazil
Tacaratu,Brazil
Falticeni,Romania
Paxtakor Shahri,Uzbekistan
Katy,United States
Brotas,Brazil
Mejorada del Campo,Spain
Gungu,Congo (Kinshasa)
Tantoyuca,Mexico
Lebedyn,Ukraine
Hadzici,Bosnia and Herzegovina
Montgeron,France
Matabhanga,India
Xiawuqi,China
Mulgund,India
Cibitoke,Burundi
Maimon,Dominican Republic
Caversham,United Kingdom
Seveso,Italy
Noqui,Angola
Macaparana,Brazil
Iraquara,Brazil
Peringuzha,India
Yanbu,Taiwan
Karian,India
Strathroy-Caradoc,Canada
Subaykhan,Syria
Arnold,United States
Seaford,United Kingdom
Buon Trap,Vietnam
Koilkuntla,India
Matriz de Camarajibe,Brazil
Dunleary,Ireland
Ourikela,Mali
Mansfield,United States
Lihe,China
Herohalli,India
Magallanes,Philippines
Somerset,United States
Mirandela,Portugal
Oadby,United Kingdom
Raymore,United States
Oulad Salmane,Morocco
Zegzel,Morocco
Hopa,Turkey
Pilar de la Horadada,Spain
Jurh,China
Gelnhausen,Germany
Ksar el Hirane,Algeria
Caras,Peru
Az Zuwaydah,Gaza Strip
Cranford,United States
Mulakumud,India
Cruzeiro do Oeste,Brazil
Honda,Colombia
Annur,India
Makhmur,Iraq
Pickerington,United States
Vilaseca de Solcina,Spain
Ozery,Russia
Diest,Belgium
San Miguel Ocotenco,Mexico
Ciudad Serdan,Mexico
Pao de Acucar,Brazil
Atotonilco el Grande,Mexico
Phetchabun,Thailand
Quesada,Guatemala
Kasongo-Lunda,Congo (Kinshasa)
Encruzilhada do Sul,Brazil
Squamish,Canada
Thorold,Canada
Husum,Germany
Firuzoba,Tajikistan
Carandai,Brazil
Kuju,India
Kalawit,Philippines
Dongsheng,China
Hungund,India
Kumar Khad,India
Catigbian,Philippines
Southold,United States
Chiroqchi,Uzbekistan
Burlington,United States
Raahe,Finland
Sulya,India
Misato,Japan
Bithar,India
Thiene,Italy
Frontignan,France
Bayonet Point,United States
Lawang Bato,Philippines
Fada,Chad
Gaojiayingcun,China
Ituango,Colombia
Dole,France
Dakor,India
Vallabh Vidyanagar,India
Stepanavan,Armenia
El Tejar,Guatemala
Stroitel,Russia
Agrestina,Brazil
Tirumala,India
Hoh Ereg,China
Kagal,India
Ishiki,Japan
Velingara,Senegal
Besikduzu,Turkey
Roseburg,United States
Baliguian,Philippines
Webster Groves,United States
Belton,United States
Fountain Hills,United States
Akwatia,Ghana
Basankusu,Congo (Kinshasa)
Manari,Brazil
Verukulambu,India
Oldebroek,Netherlands
De Aar,South Africa
Santa Apolonia,Guatemala
Candoni,Philippines
Burgos,Philippines
Highland,United States
Havlickuv Brod,Czechia
Limbuhan,Philippines
Chantilly,United States
Hachimantai,Japan
Elukone,India
Lalgudi,India
Avanigadda,India
Birpur,India
Nocera Superiore,Italy
Vizela,Portugal
Munster,United States
Huntingdon,United Kingdom
Mummidivaram,India
Fria,Guinea
Dobeln,Germany
Karachayevsk,Russia
Alice Springs,Australia
San Giovanni la Punta,Italy
Koscierzyna,Poland
Lebu,Chile
Norresundby,Denmark
La Reforma,Guatemala
Puduva,India
San Fernando,United States
Aurora,Brazil
Dasungezhuang,China
Brookings,United States
Devikolam,India
Muluppilagadu,India
Karavalur,India
Ouardenine,Tunisia
Sarkisla,Turkey
Oji,Japan
Tangalan,Philippines
Stanmore,United Kingdom
Nesher,Israel
Salqin,Syria
Chinoz,Uzbekistan
Shama,Ghana
Sezze,Italy
Miantso,Madagascar
Maldegem,Belgium
Droylsden,United Kingdom
San Juan Otzolotepec,Mexico
Taylors,United States
Tianmingsi,China
Le Kremlin-Bicetre,France
Silappadi,India
Anupshahr,India
Farmington,United States
Sanaur,India
Santo Antonio do Sudoeste,Brazil
Dalyoni Bolo,Tajikistan
Borne,Netherlands
San Lorenzo,Nicaragua
Orleaes,Brazil
La Valette-du-Var,France
Bonito,Brazil
Independencia,Bolivia
Alangulam,India
Yellapur,India
Hodonin,Czechia
Yuanchang,Taiwan
Kunnada,India
North Lynnwood,United States
Perry Barr,United Kingdom
Sredneuralsk,Russia
Griffin,United States
Mosbach,Germany
Marshall,United States
Araquari,Brazil
Rajpur,India
Montgomery,United States
Freeport,United States
Fernley,United States
Ahualulco de Mercado,Mexico
Bang Sao Thong,Thailand
Chandrakona,India
Tecali,Mexico
Pitogo,Philippines
Taupo,New Zealand
Beni Amrane,Algeria
Berhoum,Algeria
Gosforth,United Kingdom
Melissia,Greece
Cartersville,United States
Columbus,United States
Mannamturuttu,India
Santa Gertrudes,Brazil
Ladera Ranch,United States
Dunaharaszti,Hungary
Yesagyo,Burma
Jacksonville Beach,United States
Kenmore,United States
Luninyets,Belarus
Leutkirch im Allgau,Germany
Tapiales,Argentina
Ogawara,Japan
Kulgam,India
Shamsabad,India
Uvarovo,Russia
Truro,Canada
Kyeintali,Burma
Oostkamp,Belgium
Newton Abbot,United Kingdom
Kebila,Mali
Bedford,United States
Lustenau,Austria
Perungudi,India
Alhama de Murcia,Spain
Dakovo,Croatia
Argostoli,Greece
San Martin Totolan,Mexico
Cerro Azul,Mexico
Kotturu,India
Amstetten,Austria
San Ignacio de Velasco,Bolivia
Eustis,United States
Muscatine,United States
Tamandare,Brazil
Monsefu,Peru
Toda Rai Singh,India
Peravur,India
Bauta,Cuba
Castiglione delle Stiviere,Italy
Heverlee,Belgium
Gollapudi,India
Dhing,India
Staraya Kupavna,Russia
Moguer,Spain
Ma`alot Tarshiha,Israel
Codajas,Brazil
Tata,Hungary
Belsand,India
Gerede,Turkey
Bambui,Brazil
Van Buren,United States
Coueron,France
Kerkyra,Greece
Bishopbriggs,United Kingdom
Sao Miguel,Brazil
Khelil,Algeria
Nyuzen,Japan
Xiaojiangcun,China
Xiaping,China
El Paso,Colombia
Dillenburg,Germany
Jaleshwar,Nepal
Corinto,Brazil
Ayt Mohamed,Morocco
Yangi Marg`ilon,Uzbekistan
Dumaran,Philippines
Honavar,India
General Panfilo Natera,Mexico
Amherstburg,Canada
Roissy-en-Brie,France
East San Gabriel,United States
Canalete,Colombia
Chester,United States
Cupira,Brazil
Ban Phru,Thailand
Sastamala,Finland
At Tafilah,Jordan
Pesochin,Ukraine
Loon op Zand,Netherlands
Kadavur,India
Mujui dos Campos,Brazil
Quarai,Brazil
Arukutti,India
Miyoshi,Japan
Muang Sing,Laos
Suonan,China
Nayanakulam,India
Karatas,Turkey
Ringsted,Denmark
Pakil,Philippines
Port Laoise,Ireland
Gersthofen,Germany
Jocotenango,Guatemala
Clinton,United States
Cuyo,Philippines
Padre Burgos,Philippines
Eastmont,United States
Fleet,United Kingdom
Matinha,Brazil
Oued el Djemaa,Algeria
Koili Simra,India
Yugawara,Japan
Carmo do Cajuru,Brazil
Kaltenkirchen,Germany
Chanaur,India
Bloemendaal,Netherlands
Gauripur,India
Francisco Sa,Brazil
Kharupatia,India
Monte Caseros,Argentina
Maharlika Village,Philippines
Bonoufla,CÙte d'Ivoire
Kidsgrove,United Kingdom
Kyenjojo,Uganda
Dank,Oman
Muggio,Italy
Gazojak,Turkmenistan
Sinj,Croatia
Champlin,United States
Beni Rached,Algeria
Madangir,India
Rosemont,United States
Kedainiai,Lithuania
Minamikarasuyama,Japan
Cherry Hill,United States
L'Assomption,Canada
Chrudim,Czechia
Brent,United States
Rampura,India
Sonneberg,Germany
Nasu,Japan
Dafni,Greece
Netphen,Germany
Sakhipur,Bangladesh
Elburg,Netherlands
Lubliniec,Poland
Kilindoni,Tanzania
Badnawar,India
Raul Soares,Brazil
Douzhangzhuang,China
Pissila,Burkina Faso
Maychew,Ethiopia
Hannoversch Munden,Germany
Kailashahar,India
Sattahip,Thailand
Blue Island,United States
Upper Allen,United States
San Buenaventura,Mexico
Lisle,United States
Srvanampatti,India
Santa Rosa de Viterbo,Brazil
Teguise,Spain
Niskayuna,United States
Al `Aziziyah,Libya
Binh Hoa,Vietnam
Burhar,India
Salzwedel,Germany
Galikesh,Iran
Ban Thoet Thai,Thailand
Pottstown,United States
Pindoretama,Brazil
Svilajnac,Serbia
Kafr Shukr,Egypt
Makouda,Algeria
Meda,Italy
Sluis,Netherlands
Rio Hondo,Guatemala
Teorama,Colombia
Ponda,India
Weilheim,Germany
Selimpasa,Turkey
Kitzingen,Germany
Albenga,Italy
Almeirim,Portugal
Glassboro,United States
Zarautz,Spain
Giulianova,Italy
El Hajeb,Morocco
Vanimel,India
Gamay,Philippines
Bultfontein,South Africa
Buri Ram,Thailand
Canico,Portugal
Fairhope,United States
Barbasa,Philippines
Beni Khalled,Tunisia
Quang Tri,Vietnam
Dighwa,India
Sakleshpur,India
Montecchio Maggiore,Italy
Takehara,Japan
Pitea,Sweden
Maple Heights,United States
Sandwa,India
Avellaneda,Argentina
Tazhava,India
Madappalli,India
Sokolo,Mali
Maigo,Philippines
Warburg,Germany
Piravanthur,India
Watauga,United States
Saint-Ghislain,Belgium
Mandawa,India
Copiague,United States
Coronel Vivida,Brazil
Antanimasaka,Madagascar
Keflavik,Iceland
Dongshi,Taiwan
Zemst,Belgium
Berehove,Ukraine
Godalming,United Kingdom
Collipulli,Chile
Nagold,Germany
Ambohimiadana,Madagascar
Horgen,Switzerland
Wertheim,Germany
Minja,India
Westerly,United States
Dalmine,Italy
Sai Mai,Thailand
Capinzal,Brazil
Pelitli,Turkey
Edgewater,United States
Jieshang,China
Ron,India
Ikeda,Japan
Calbiga,Philippines
Bazhajiemicun,China
Waverly,United States
Moskva,Tajikistan
Tecumseh,Canada
Santo Tome,Argentina
Tugatog,Philippines
Tobati,Paraguay
Bordj Ghdir,Algeria
Anatuya,Argentina
Goumori,Benin
Aldeias Altas,Brazil
La Cruz de Rio Grande,Nicaragua
Poxoreo,Brazil
Carambei,Brazil
San Rafael Abajo,Costa Rica
Whitefield,United Kingdom
Kedavur,India
Cesky Tesin,Czechia
Senftenberg,Germany
Piastow,Poland
West Goshen,United States
San Jose,Colombia
Quedlinburg,Germany
Rathfarnham,Ireland
Monteros,Argentina
Bingley,United Kingdom
Teodoro Sampaio,Brazil
Mulampilli,India
Union Hill-Novelty Hill,United States
Telica,Nicaragua
Vreden,Germany
Cockeysville,United States
Krychaw,Belarus
Les Lilas,France
Tekari,India
Cajidiocan,Philippines
La Higuerita,Mexico
La Huerta,Mexico
Maibog,Philippines
Karben,Germany
Alliston,Canada
Dammarie-le-Lys,France
Tsaratanana,Madagascar
Neusass,Germany
Kant,Kyrgyzstan
Piritu,Venezuela
Rastede,Germany
Bad Kissingen,Germany
Santo Antonio de Posse,Brazil
Uberlingen,Germany
Motul,Mexico
Morris,United States
North Salt Lake,United States
Grande Saline,Haiti
Mine,Japan
Montgomery,United States
Xunjiansi,China
Friesoythe,Germany
Vaikam,India
Mantua,Cuba
Kun Puhal,India
Rock Springs,United States
Calamba,Philippines
Wareham,United States
Loanda,Brazil
Samrala,India
Mizdah,Libya
Linda,United States
Kedia,India
Culion,Philippines
Sheyban,Iran
Nakashunbetsu,Japan
Polonne,Ukraine
Athens,United States
Fergus,Canada
Kelishad va Sudarjan,Iran
Patakakani,India
Sevan,Armenia
Amarapura,Burma
Manambur,India
Touboro,Cameroon
Puenteareas,Spain
Tekman,Turkey
Wilmington,United States
Tranquebar,India
Rochefort,France
Lanester,France
Kazhukambalam,India
Capoterra,Italy
Loves Park,United States
Itabaiana,Brazil
Bassar,Togo
`Ali Shahr,Iran
Vukovar,Croatia
Bad Soden am Taunus,Germany
Ponmundam,India
Kannamangalam Tekku,India
Maywood,United States
Carmen,Philippines
Kaniv,Ukraine
Colon,Argentina
Pajapita,Guatemala
Tototlan,Mexico
Cottage Lake,United States
Kouoro,Mali
Gitega,Burundi
Tukrah,Libya
Minamata,Japan
Apatin,Serbia
Oakdale,United States
Sonepur,India
Jasmine Estates,United States
Colon,Argentina
Ribas do Rio Pardo,Brazil
Abreus,Cuba
Senden,Germany
Ravulapalem,India
Bialogard,Poland
Bananeiras,Brazil
Shuilin,Taiwan
Brody,Ukraine
Bad Salzungen,Germany
Douar Imoukkane,Morocco
Puerto Concordia,Colombia
Soledad Atzompa,Mexico
Chanthaburi,Thailand
Elgin,United Kingdom
Neihuzhai,China
Lalganj,India
Manage,Belgium
Sao Mamede de Infesta,Portugal
Mahthi,India
Tamiahua,Mexico
Caba,Philippines
Ottaviano,Italy
Searcy,United States
Yasica Arriba,Dominican Republic
Garmisch-Partenkirchen,Germany
Rafael Delgado,Mexico
Los Arabos,Cuba
Ono,Japan
Roxbury,United States
Singhara Buzurg,India
El Ghiate,Morocco
Sansanding,Mali
Fanzeres,Portugal
Vuliyattara,India
Sonari,India
Engandiyur,India
Tupiza,Bolivia
Qiryat Mal'akhi,Israel
La Mornaghia,Tunisia
Hombori,Mali
Gurupa,Brazil
Oxkutzkab,Mexico
San Juan de Aznalfarache,Spain
Sederot,Israel
Hazel Dell,United States
Bafilo,Togo
Mujiayu,China
Khirkiyan,India
Siwah,Egypt
Rucphen,Netherlands
Vilachcheri,India
Qiryat Shemona,Israel
Neftekumsk,Russia
Tnine Lgharbia,Morocco
Vigonza,Italy
Peters,United States
Horizon City,United States
Lengerich,Germany
Pallikondai,India
Yakinca,Turkey
Edewecht,Germany
Orbassano,Italy
Asafabad,India
Haar,Germany
Dom Pedro,Brazil
Warragul,Australia
Achi,Colombia
Velugodu,India
Koussane,Mali
Devonport,Australia
Youwarou,Mali
Laupheim,Germany
Dunajska Streda,Slovakia
Thiotte,Haiti
Trotwood,United States
Buyende,Uganda
Koiri Bigha,India
Ensley,United States
Lysander,United States
Copertino,Italy
Mangidy,Madagascar
Kapolei,United States
Monte Alegre,Brazil
Bataguacu,Brazil
Anjarkandi,India
North Platte,United States
Oliveira do Bairro,Portugal
Dalnerechensk,Russia
Nova Milanese,Italy
Frontera,Mexico
Shiling,China
Tembagapura,Indonesia
Tubungan,Philippines
Curumani,Colombia
Kulattuppalaiyam,India
Ain Dfali,Morocco
Nagykoros,Hungary
Ladner,Canada
Mednogorsk,Russia
Khaira Tola,India
Hudson,United States
Harborne,United Kingdom
Xingang,China
Gyegu,China
Zhaoling,China
Rawtenstall,United Kingdom
Hailsham,United Kingdom
Majdel Aanjar,Lebanon
Ambohitrarivo,Madagascar
Mahela,Madagascar
Marovato,Madagascar
Farahalana,Madagascar
Analamisampy,Madagascar
Ambohitoaka,Madagascar
Miantsoarivo,Madagascar
Ankaramy,Madagascar
Ankilizato,Madagascar
Andalatanosy,Madagascar
Kungsbacka,Sweden
Ka-Bungeni,South Africa
Carletonville,South Africa
Dindori,India
Candiac,Canada
Valencia,Ecuador
Despotovac,Serbia
Wichian Buri,Thailand
Novy Jicin,Czechia
Panelas,Brazil
Olivet,France
Stoneham,United States
Fishkill,United States
Douar Azla,Morocco
Ivoti,Brazil
Litomerice,Czechia
Mobetsu,Japan
Lisse,Netherlands
Vandiperiyar,India
Emirdag,Turkey
Lagoa,Portugal
Yaguachi Nuevo,Ecuador
Labuleng,China
Bormujos,Spain
Malinalco,Mexico
Essa,Canada
Latauna,India
Radcliff,United States
Sandviken,Sweden
Manuel B. Gonnet,Argentina
March,United Kingdom
Encantado,Brazil
Minbu,Burma
Frederikshavn,Denmark
Nikaho,Japan
Paradise,Canada
Dabeiba,Colombia
Las Brenas,Argentina
Scherpenheuvel,Belgium
Kamabougou,Mali
Loos,France
Muttupet,India
Minbya,Burma
Mekhe,Senegal
Hopewell,United States
Abu,India
Torcy,France
Klatovy,Czechia
Prairie Village,United States
Nijlen,Belgium
Clifton,United Kingdom
Huaibaijie,China
San Feliu de Guixols,Spain
Vyshhorod,Ukraine
Swinton,United Kingdom
Dover,United States
Ardahan,Turkey
Famailla,Argentina
Stadthagen,Germany
Keene,United States
Bathgate,United Kingdom
Itaocara,Brazil
Biancavilla,Italy
Gubakha,Russia
Pul-e `Alam,Afghanistan
Market Harborough,United Kingdom
Nyakrom,Ghana
Wulongpu,China
Laguna de Duero,Spain
Dialakoroba,Mali
West Springfield,United States
Bhiraha,India
Zdunska Wola,Poland
Deuil-la-Barre,France
Shahriston,Tajikistan
Jequitinhonha,Brazil
Vadakarai Kil Pidagai,India
Kotido,Uganda
Shurugwi,Zimbabwe
New Brighton,United States
Ayos,Cameroon
El Palmar,Spain
Wellington,United Kingdom
Colorado,Brazil
Apolda,Germany
Dorohoi,Romania
Challans,France
Trebisov,Slovakia
Vellalur,India
Losser,Netherlands
Lermontov,Russia
Pointe a Raquettes,Haiti
Hollola,Finland
La Democracia,Guatemala
Garoua Boulai,Cameroon
Kocaali,Turkey
Zeewolde,Netherlands
Ramos,Philippines
Kalat,Pakistan
Luruaco,Colombia
Marcinelle,Belgium
Rivera,Colombia
Mahadebnagar,India
Mendeleyevsk,Russia
Ekeren,Belgium
Watertown,United States
Duncan,United States
Northwich,United Kingdom
Pietrasanta,Italy
Baile Atha Luain,Ireland
Viga,Philippines
Calabasas,United States
Corinth,United States
Guadalupe,Colombia
Bhadas,India
Garden City,United States
Genzano di Roma,Italy
Vale de Cambra,Portugal
Winchester,United States
Golitsyno,Russia
Aracariguama,Brazil
Waltham Abbey,United Kingdom
Malacatancito,Guatemala
Nazca,Peru
Watertown,United States
Patacamaya,Bolivia
Wallenhorst,Germany
Maisons-Laffitte,France
Oteiza,Philippines
Azove,Benin
General Luna,Philippines
Sarandi,Brazil
Ventimiglia,Italy
Vagos,Portugal
Hadyach,Ukraine
Blangmangat,Indonesia
Arcos de Valdevez,Portugal
Coralville,United States
Villanueva de la Canada,Spain
El Calafate,Argentina
Guanajay,Cuba
Nayagaon,India
Tadmait,Algeria
Chitarpur,India
Naolinco de Victoria,Mexico
Dokuchaievsk,Ukraine
Valasske Mezirici,Czechia
Selvazzano Dentro,Italy
Qatana,Syria
Cajabamba,Peru
Xinsi,China
Ahwa,India
Ramona,United States
Erdington,United Kingdom
Auch,France
Nogoya,Argentina
Pawni,India
Christiansburg,United States
Torre del Mar,Spain
Tassin-la-Demi-Lune,France
Bressanone,Italy
Balen,Belgium
Tadotsu,Japan
Kagadi,Uganda
Siqueira Campos,Brazil
Yanshanbu,China
Saint-Dizier,France
Camilo Ponce Enriquez,Ecuador
Zunheboto,India
Pulimathu,India
Manosque,France
Beek en Donk,Netherlands
Nahiyat al Kifl,Iraq
Beshariq,Uzbekistan
Kapfenberg,Austria
Pitogo,Philippines
Pedra,Brazil
Frascati,Italy
Ashland,United States
Sevres,France
Achhnera,India
Ait Bouziyane,Morocco
Lumbatan,Philippines
Gormi,India
Lunbei,Taiwan
Laguna Beach,United States
Bonney Lake,United States
Cartago,Costa Rica
Naraura,India
San Jose Ojetenam,Guatemala
Butig,Philippines
Kungalv,Sweden
Catano,Puerto Rico
Amoucha,Algeria
Ogre,Latvia
Pariyapuram,India
Kavallemmavu,India
Kodarma,India
Kaler,India
Yavuzeli,Turkey
Baravat,Iran
Saint-Lambert,Canada
Kumano,Japan
Linstead,Jamaica
Kanchika,India
Nasrullahganj,India
Morrinhos,Brazil
Vernag,India
San Miguel de Papasquiaro,Mexico
Kavak,Turkey
Scarborough,United States
Ivato,Madagascar
Quartier Militaire,Mauritius
Nefta,Tunisia
Ojinaga,Mexico
Machesney Park,United States
Vayanur,India
Cambara,Brazil
Ashtown,Ireland
Martha Lake,United States
Keta,Ghana
Seva,Ghana
Cartagena,Chile
Burg,Germany
Boura,Mali
Kulkent,Tajikistan
Roselle,United States
Chunakara Vadakku,India
Curchorem,India
Ayagawa,Japan
Vega Baja,Puerto Rico
Ravar,Iran
Kerur,India
Garmdarreh,Iran
Idak,Pakistan
Rosita,Nicaragua
Asaita,Ethiopia
Fangliao,Taiwan
Byala Slatina,Bulgaria
Krnov,Czechia
Volendam,Netherlands
Amalfi,Colombia
Kittanapalli,India
Muradpur,India
Ambriz,Angola
Feira Grande,Brazil
Combs-la-Ville,France
Nakur,India
Buenavista,Colombia
Bulle,Switzerland
Barbate de Franco,Spain
Atkarsk,Russia
Kluczbork,Poland
Jarqo`rg`on,Uzbekistan
Sun Valley,United States
Sidi Ifni,Morocco
Picasent,Spain
Kenilworth,United Kingdom
Goldasht,Iran
Inhapim,Brazil
Dalan,India
Shaomi,China
Gaoshu,Taiwan
Candelaria de La Frontera,El Salvador
Crystal,United States
Patharia,India
Avon,United States
Beixingzhuang,China
Andoany,Madagascar
Horad Smalyavichy,Belarus
Mallasamudram,India
Conchal,Brazil
Tequixquiac,Mexico
Lucala,Angola
Moirang,India
Dip,India
Oytal,Kazakhstan
Kitajima,Japan
Mullingar,Ireland
North Plainfield,United States
Herdecke,Germany
Khaw Zar Chaung Wa,Burma
Alvares Machado,Brazil
Llaillay,Chile
Moncagua,El Salvador
Nanyangcun,China
Lefkada,Greece
Haddada,Morocco
General Viamonte,Argentina
Bagula,India
Wednesfield,United Kingdom
La Trinidad,Nicaragua
Prieto Diaz,Philippines
Gujan-Mestras,France
Guia de Isora,Spain
Pullappalli,India
Okahandja,Namibia
Zaghouan,Tunisia
Zedelgem,Belgium
Royken,Norway
Onondaga,United States
Hialeah Gardens,United States
Olindina,Brazil
Areia,Brazil
Chincholi,India
Fucecchio,Italy
Manimala,India
Corcoran,United States
Morombe,Madagascar
Oltenita,Romania
Manzanares,Colombia
Baraki Barak,Afghanistan
Anthem,United States
Andorra la Vella,Andorra
Tocantinopolis,Brazil
Santa Fe de Antioquia,Colombia
Timmapur,India
Budingen,Germany
Bear,United States
Lajas,Cuba
DeBary,United States
Savanna-la-Mar,Jamaica
Hirpardangal,India
Manki,India
Sipoo,Finland
Penarth,United Kingdom
Fleurus,Belgium
Farsley,United Kingdom
Sliema,Malta
Parabcan,Philippines
Bouzeghaia,Algeria
Millbrae,United States
Warrenton,South Africa
Bad Rappenau,Germany
Yahualica de Gonzalez Gallo,Mexico
Furukawa,Japan
Svishtov,Bulgaria
Albertville,United States
Sardinata,Colombia
Dawmat al Jandal,Saudi Arabia
Santa Ana,Philippines
Cadca,Slovakia
Barreirinha,Brazil
Camacan,Brazil
Gif-sur-Yvette,France
Senador Jose Porfirio,Brazil
Oshwe,Congo (Kinshasa)
Govardhan,India
Meoqui,Mexico
Waynesboro,United States
Los Llanos,Dominican Republic
Boriziny,Madagascar
El Amria,Algeria
Talayolaparambu,India
Lincoln,United States
Kihei,United States
Penwortham,United Kingdom
West Rancho Dominguez,United States
Uenohara,Japan
Belabo,Cameroon
Raman Mandi,India
Eschborn,Germany
Esparraguera,Spain
Pokhuria,India
Letterkenny,Ireland
Sinjar,Iraq
Verkhniy Ufaley,Russia
Mentana,Italy
Biggleswade,United Kingdom
Vengattur,India
Yalvac,Turkey
Potters Bar,United Kingdom
Ust'-Katav,Russia
Kafr Batna,Syria
Metzingen,Germany
Saint-Louis,France
Melila,India
Sanga,Japan
Bobleshwar,India
Greenwood,United States
Meiwa,Japan
Strakonice,Czechia
Katangi,India
Huautla,Mexico
Sarangani,Philippines
Vernon,United States
Sabana de Torres,Colombia
Litvinov,Czechia
Jogipet,India
Summit,United States
Melchor Romero,Argentina
Hulikal,India
Ottobrunn,Germany
Mutata,Colombia
Nadvirna,Ukraine
Ouani,Comoros
Kafr Sa`d,Egypt
Reni,India
Vilcun,Chile
Zabrat,Azerbaijan
Coracao de Maria,Brazil
San Antonio La Paz,Guatemala
San Pablo Jocopilas,Guatemala
Aljaraque,Spain
Lazi,Philippines
East Peoria,United States
Nkowakowa,South Africa
Velizy-Villacoublay,France
Central Falls,United States
Sucre,Colombia
Chavassheri,India
Foleshill,United Kingdom
San Juan Cotzocon,Mexico
Anastacio,Brazil
Mount Pearl Park,Canada
Piddig,Philippines
Yuli,China
Herouville-Saint-Clair,France
Chatayamangalam,India
Fontaine,France
Emiliano Zapata,Mexico
Heide,Germany
Kondazhi,India
Karnobat,Bulgaria
Almoradi,Spain
Biddeford,United States
Cacule,Brazil
Baclayon,Philippines
Ladyzhyn,Ukraine
Villa Park,United States
Buriti Bravo,Brazil
Roselle,United States
Puente Nacional,Mexico
Gan Yavne,Israel
Pullanpallikonam,India
McNair,United States
Molodohvardiisk,Ukraine
Chalmette,United States
Naawan,Philippines
Mihama,Japan
Aymangala,India
Moyo,Uganda
Pirajui,Brazil
Naciria,Algeria
Junction City,United States
Finnkolo,Mali
Spennymoor,United Kingdom
Alwaye,India
Sarea Khas,India
Junnardev,India
Les Pennes-Mirabeau,France
Montville,United States
Sibut,Central African Republic
Sipilou,CÙte d'Ivoire
Fenyuan,Taiwan
Maying,China
Kasamatsucho,Japan
Jebba,Nigeria
Betsizaraina,Madagascar
Las Torres de Cotillas,Spain
Abbeville,France
Rixensart,Belgium
Sanhe,China
Zhengtun,China
Zurbatiyah,Iraq
Kiboga,Uganda
Macas,Ecuador
Bermo,India
Quissama,Brazil
Freire,Chile
Montigny-les-Cormeilles,France
Szczytno,Poland
Taishituncun,China
Bloomingdale,United States
Pavlovsk,Russia
Oyonnax,France
Ivatsevichy,Belarus
Valmiera,Latvia
Gonghe,China
Hartbeespoort,South Africa
Acworth,United States
Kato Polemidia,Cyprus
Mechta Ouled Oulha,Algeria
Lindsay,Canada
Perundurai,India
Abaete,Brazil
Arouca,Portugal
The Crossings,United States
Rumphi,Malawi
Ivrea,Italy
Saint-Lazare,Canada
Arbi'a Tighadwiyn,Morocco
Tapaktuan,Indonesia
Diriomo,Nicaragua
Caglayancerit,Turkey
Yorkville,United States
Sek'ot'a,Ethiopia
Sabuncu,Azerbaijan
Cedro,Brazil
Lyndhurst,United States
Quickborn,Germany
Gurmatkal,India
Carouge,Switzerland
Montilla,Spain
Gilan-e Gharb,Iran
Foley,United States
Kadiria,Algeria
Sambhar,India
Cudahy,United States
Palmer,United States
El Tortuguero,Nicaragua
Marina,United States
Dajianchang,China
Guerou,Mauritania
Taulaha,India
Natagaima,Colombia
Bhawanigarh,India
Ceccano,Italy
Owen Sound,Canada
Bristol,United States
Frauenfeld,Switzerland
Donaueschingen,Germany
Daxin,China
Chinameca,El Salvador
Maracena,Spain
Hayesville,United States
Panniyannur,India
El Doncello,Colombia
Yuli,Taiwan
Gornji Vakuf,Bosnia and Herzegovina
Evesham,United Kingdom
Hillsborough,United States
Lochristi,Belgium
Piuma,Brazil
Bundibugyo,Uganda
Qorako`l Shahri,Uzbekistan
Marion Oaks,United States
West Deptford,United States
Montclair,United States
Pozega,Croatia
Rosiori de Vede,Romania
Magallanes,Philippines
Brockville,Canada
Tiverton,United Kingdom
Braine-le-Comte,Belgium
Laja,Chile
Cayo Mambi,Cuba
Sanso,Mali
Pale,Bosnia and Herzegovina
Bartoszyce,Poland
Monte Aprazivel,Brazil
Valenca do Piaui,Brazil
Had Sahary,Algeria
Cisnadie,Romania
Shoeburyness,United Kingdom
Chankou,China
Yokoshibahikari,Japan
Lordelo do Ouro,Portugal
Acatlan,Mexico
Sapulpa,United States
Palaw,Burma
Waldkirch,Germany
Sidi Allal Tazi,Morocco
Ugong,Philippines
Tiruttangal,India
Evans,United States
Rancho San Diego,United States
Senekane,Lesotho
Edegem,Belgium
Telsiai,Lithuania
Nagla,India
Sant Pere,Andorra
Ankireddikuntapalem,India
Bhatpuri,India
Chausa,India
Eppingen,Germany
Singampunari,India
Itsukaichi,Japan
Athiringal,India
El Hermel,Lebanon
Karacoban,Turkey
Tervuren,Belgium
El Colegio,Colombia
Silvania,Brazil
Souahlia,Algeria
Alangayam,India
Perry,United States
Versmold,Germany
Litherland,United Kingdom
Takahata,Japan
Kheiredine,Algeria
Koziatyn,Ukraine
Bignona,Senegal
Middleton,United States
Huangzhai,China
Yeadon,United Kingdom
Ibia,Brazil
Kundgol,India
Yahualica,Mexico
Sao Filipe,Cabo Verde
Chebba,Tunisia
Metekora,India
Ruston,United States
Aichach,Germany
Murayama,Japan
Sharunah,Egypt
Saint John's,Antigua and Barbuda
Swiebodzice,Poland
Dasnapur,India
Poggiomarino,Italy
Acomb,United Kingdom
Abu Sir Bana,Egypt
Bahia de Caraquez,Ecuador
Ortona,Italy
Tiruverumbur,India
Topola,Serbia
Zirapur,India
Payson,United States
Samtredia,Georgia
Tirat Karmel,Israel
Bo`ka,Uzbekistan
West Puente Valley,United States
Guazacapan,Guatemala
Hillegom,Netherlands
Rioja,Peru
Repelon,Colombia
Soroca,Moldova
Medeiros Neto,Brazil
Adalhat,India
Simaria,India
's-Gravenzande,Netherlands
Surdulica,Serbia
Sandomierz,Poland
Nerja,Spain
Kondalampatti,India
Pattiyurgramam,India
Phularwan,Pakistan
Haderslev,Denmark
Gubbi,India
Shabestar,Iran
Akdagmadeni,Turkey
Kilkenny,Ireland
Bakhri,India
Hillside,United States
Maribojoc,Philippines
Santo Antonio,Brazil
Ibirapitanga,Brazil
Yabu,Japan
Nova Zagora,Bulgaria
Sulmona,Italy
Camp Springs,United States
Guabo,Ecuador
Qarazhal,Kazakhstan
Mbaiki,Central African Republic
Goleniow,Poland
Chestermere,Canada
La Madeleine,France
Mountain Brook,United States
Radevormwald,Germany
Salvaterra de Magos,Portugal
Batad,Philippines
Sokolov,Czechia
Vellithiruthi,India
Paraguari,Paraguay
Ghriss,Algeria
Sarapaka,India
Sant'Arcangelo di Romagna,Italy
Aleksandrow Lodzki,Poland
Quedgeley,United Kingdom
Vayalar,India
Katkol,India
Bayou Cane,United States
Bhanvad,India
Ban Pa Tueng,Thailand
Salcedo,Philippines
Guryevsk,Russia
Alfafar,Spain
Pirmed,India
Pomerode,Brazil
La Porte,United States
Sunny Isles Beach,United States
Reigate,United Kingdom
Clarksville,United States
Pingtan,China
Formby,United Kingdom
Tabarka,Tunisia
Kingsville,Canada
Bourkika,Algeria
Fantino,Dominican Republic
Sahil,Azerbaijan
Bellavista,Peru
Talwandi Sabo,India
Qapqal,China
Salemata,Senegal
Krolevets,Ukraine
Cunha,Brazil
Allison Park,United States
Santa Fe,Philippines
Karlsfeld,Germany
Caojiachuan,China
Arroyito,Paraguay
Namayumba,Uganda
Doutou,Benin
La Cruz,Chile
Madhupur,India
San Agustin,Philippines
Sanford,United States
Palmital,Brazil
Saint-Jean-de-Braye,France
Argos,Greece
Peravurani,India
Pailitas,Colombia
Howli,India
Huejucar,Mexico
Ocatlan,Mexico
Muelle de los Bueyes,Nicaragua
Brunswick,United States
Sao Jose do Rio Preto,Brazil
Ilsede,Germany
Hoogezand,Netherlands
Vilnohirsk,Ukraine
Timbiqui,Colombia
Vereshchagino,Russia
Taixi,Taiwan
Smithfield,United States
Newquay,United Kingdom
Camborne,United Kingdom
Kalchini,India
Estcourt,South Africa
Oxford,United States
Qift,Egypt
Palestrina,Italy
Yorosso,Mali
Oxford,United States
Imbert,Dominican Republic
Parsagarhi,India
Hamidiyeh,Iran
Langley Park,United States
Adampur,India
Chhanera,India
Itaiopolis,Brazil
Chambersburg,United States
Madamba,Philippines
Hastings,United States
Rimavska Sobota,Slovakia
Lower,United States
Northwood,United Kingdom
Honmachi,Japan
San Martin,Argentina
Ceres,Brazil
Aswapuram,India
Khandela,India
Kirovsk,Russia
Karaisali,Turkey
Tiquisio,Colombia
Dongta,China
Soltau,Germany
Mondovi,Italy
Sevlievo,Bulgaria
Sonthofen,Germany
East Ridge,United States
Jizhuang,China
Nevyansk,Russia
Banbishancun,China
Woensdrecht,Netherlands
Jawad,India
Naregal,India
Epernay,France
Corail,Haiti
Silvania,Colombia
Taveta,Kenya
Dioumanzana,Mali
Anini-y,Philippines
Comacchio,Italy
Meixedo,Portugal
Kotelnikovo,Russia
Columbia Heights,United States
Ostrow Mazowiecka,Poland
Tola,Nicaragua
Greystones,Ireland
Uliastay,Mongolia
Villeneuve-sur-Lot,France
Paese,Italy
Winter Gardens,United States
Jugial,India
Haci Zeynalabdin,Azerbaijan
Aoshang,China
Atherton,United Kingdom
Saoner,India
Bukkarayasamudram,India
Ghat,Libya
Ampasimanjeva,Madagascar
Manakambahiny,Madagascar
Ambodimotso Atsimo,Madagascar
Iarintsena,Madagascar
Andranovorivato,Madagascar
Bemanonga,Madagascar
Vohimasina,Madagascar
Andilanatoby,Madagascar
Alakamisy-Ambohimaha,Madagascar
Ambalaroka,Madagascar
Jafaro,Madagascar
Ankiabe-Salohy,Madagascar
Antsakabary,Madagascar
Lebane,Serbia
Huskvarna,Sweden
Kigumba,Uganda
Machagai,Argentina
Unchahra,India
Elsdorf,Germany
Moncada,Spain
Ecoporanga,Brazil
Coalville,United Kingdom
Dras,India
Zundert,Netherlands
Gavimane,Mali
Taminango,Colombia
Bilthoven,Netherlands
Al Bahah,Saudi Arabia
Pitrufquen,Chile
Tashtagol,Russia
Nema,Mauritania
Pinhalzinho,Brazil
Khosrowshahr,Iran
Bad Krozingen,Germany
Aspe,Spain
Ampanotokana,Madagascar
Iracemapolis,Brazil
San Rafael del Yuma,Dominican Republic
Mililani Mauka,United States
Djinet,Algeria
Robbah,Algeria
Kuppam,India
Lorton,United States
Koekelberg,Belgium
Vertentes,Brazil
Chillicothe,United States
Koksijde,Belgium
San Jose,Philippines
Villa de Leyva,Colombia
Dudelange,Luxembourg
Ozark,United States
Serro,Brazil
Chakia,India
Zalun,Burma
Pocharam,India
Diamantino,Brazil
Mundamala,Bangladesh
Ramantali,India
Le Petit-Quevilly,France
Harim,Syria
Ap Phu My,Vietnam
Muhlenberg,United States
Golden Valley,United States
Gardelegen,Germany
Artemida,Greece
Nakagusuku,Japan
Sandbach,United Kingdom
Duarte,United States
Samba Cango,Angola
New Hartford,United States
Chalchihuitan,Mexico
Axapusco,Mexico
Neuilly-Plaisance,France
Gotsucho,Japan
West Carson,United States
Al Fuhays,Jordan
Krathum Baen,Thailand
Itubera,Brazil
Pak Tin Pa,Hong Kong
Shiroishi,Japan
Bungotakada,Japan
San Buenaventura,El Salvador
Sao Miguel do Araguaia,Brazil
Sayada,Algeria
Kachhari,India
Darreh Shahr,Iran
Membakut,Malaysia
Berezovskiy,Russia
Arta,Greece
Beguedo,Burkina Faso
Eislingen,Germany
Sao Francisco de Paula,Brazil
Sainte-Foy-les-Lyon,France
Muzambinho,Brazil
Vanthli,India
Silvassa,India
Manor,United States
Kueneng,Lesotho
Pio XII,Brazil
Povoa de Lanhoso,Portugal
Caranavi,Bolivia
Klamath Falls,United States
Frameries,Belgium
God,Hungary
Casablanca,Chile
Mantes-la-Ville,France
Shinhidaka,Japan
Montigny-les-Metz,France
Maghalleen,Lesotho
Parsippany,United States
Sedalia,United States
Arcueil,France
Shelby,United States
Gunzburg,Germany
Ossett,United Kingdom
Muhldorf,Germany
Millau,France
Nogent-sur-Oise,France
Nogales,Chile
Darien,United States
Renfrew,United Kingdom
Gigaquit,Philippines
Tongzhou,China
Kafr Qasim,Israel
Binnish,Syria
Lino Lakes,United States
Rajauli,India
Mata Grande,Brazil
Lihuzhuang,China
Mbandjok,Cameroon
Montereau-faut-Yonne,France
Lindlar,Germany
Mangrol,India
Otsuki,Japan
Davlekanovo,Russia
Kocarli,Turkey
Los Palmitos,Colombia
Khadyzhensk,Russia
Machico,Portugal
Woodlawn,United States
Bujie,China
Priego de Cordoba,Spain
Kepsut,Turkey
Mangalvedha,India
Yoshioka,Japan
Danwan,India
Puttige,India
Massapequa,United States
Kizhakkemanad,India
Ginosa,Italy
Sheldon,United Kingdom
Mehnatobod,Tajikistan
Merrick,United States
Ginebra,Colombia
De Meern,Netherlands
Ma'muniyeh,Iran
Azambuja,Portugal
Carbondale,United States
Pascagoula,United States
Suwanee,United States
Pallippuram,India
Amtali,Bangladesh
Orobo,Brazil
Glauchau,Germany
Muzhakkunnu,India
Pueblo Juarez,Mexico
Dubnica nad Vahom,Slovakia
Kreuzlingen,Switzerland
Plonsk,Poland
Looc,Philippines
Rio Rico,United States
Falmouth,United Kingdom
Palmas de Monte Alto,Brazil
Silver Firs,United States
Poco Verde,Brazil
Millburn,United States
Santa Lucia Utatlan,Guatemala
Yate,United Kingdom
Morinda,India
Lakeside,United States
Four Square Mile,United States
Polkowice,Poland
Hazebrouck,France
Charo,Mexico
Ad Dabyah,Yemen
Ad Dali`,Yemen
Puruk Cahu,Indonesia
Magdalena,Mexico
Tuneri,India
Had Oulad Issa,Morocco
Ambatomanoina,Madagascar
Hassi Maameche,Algeria
Xanten,Germany
Sidi Amrane,Algeria
Surpur,India
Bhanpura,India
Geertruidenberg,Netherlands
Chatra Gobraura,India
El Callao,Venezuela
Holiday,United States
Kayanza,Burundi
Waghausel,Germany
Maniche,Haiti
Mailavaram,India
Mako,Hungary
Seia,Portugal
Seligenstadt,Germany
Florsheim,Germany
Otopeni,Romania
Geseke,Germany
Oberwingert,Switzerland
Shendurjana,India
Penonome,Panama
Bato,Philippines
Sarai Ranjan,India
Cagwait,Philippines
Puerto Triunfo,Colombia
Banapur,India
Yucca Valley,United States
Zoersel,Belgium
Guipos,Philippines
Chimore,Bolivia
Anamalais,India
Sori,Benin
Shanywathit,Burma
Stadtallendorf,Germany
Kalleribhagam,India
Massarosa,Italy
Vamanapuram,India
Miguelopolis,Brazil
Comalapa,Mexico
New Castle,United States
Zabre,Burkina Faso
Mezdra,Bulgaria
Yaojiazhuangcun,China
Yaojiafen,China
Erval d'Oeste,Brazil
Idukki,India
Tixtla de Guerrero,Mexico
Semikarakorsk,Russia
Vendram,India
Wadenswil,Switzerland
Guimar,Spain
Dax,France
Moulares,Tunisia
Amposta,Spain
Pachino,Italy
Bankoumana,Mali
Caransebes,Romania
Boumia,Morocco
Sao Joao da Madeira,Portugal
Guapiacu,Brazil
Port Alberni,Canada
Harvey,United States
Kozakai-cho,Japan
Pampierstad,South Africa
Selden,United States
Chagallu,India
Sombrerete,Mexico
Springwater,Canada
Eyl,Somalia
American Canyon,United States
Assare,Brazil
Paramirim,Brazil
Qadirganj,India
Port Hueneme,United States
Crowborough,United Kingdom
Kadiapattanam,India
Can-Avid,Philippines
Pampur,India
Al Karak,Jordan
Sirat,Algeria
Montmorency,France
Hurricane,United States
Ocotlan de Morelos,Mexico
Tigbao,Philippines
San Luis Talpa,El Salvador
Chantenay-sur-Loire,France
Senda,India
Kami,Japan
Zantiebougou,Mali
Ibicarai,Brazil
Fleury-les-Aubrais,France
Acheres,France
Bailleston,United Kingdom
Gros Islet,Saint Lucia
Nangavaram,India
Kobilo,Senegal
Himora,Ethiopia
Papanasam,India
Lohuti,Tajikistan
Jaipur Chuhar,India
Anuppur,India
Kanke,India
Sarzana,Italy
Pirai do Sul,Brazil
Lentini,Italy
San Jacinto,Colombia
Raja Pakar,India
Tiruvankod,India
Zossen,Germany
Okuchi-shinohara,Japan
Riachao das Neves,Brazil
Willowbrook,United States
Isla-Cristina,Spain
Kumla,Sweden
Howick,South Africa
St. John,United States
Oulad Embarek,Morocco
Tlaltenango de Sanchez Roman,Mexico
Sao Miguel do Guapore,Brazil
Mercato San Severino,Italy
Herent,Belgium
Hockenheim,Germany
Orzesze,Poland
Jiuru,Taiwan
Bavly,Russia
Pushkar,India
Valinda,United States
Zarnesti,Romania
Ayamonte,Spain
Mashiko,Japan
Notteroy,Norway
Tsetserleg,Mongolia
Novopokrovka,Kyrgyzstan
Sainte-Suzanne,Haiti
Scugog,Canada
Pajara,Spain
Bela Vista,Brazil
Nueva Granada,Colombia
Birmingham,United States
Dickinson,United States
Nerupperichchal,India
Schwetzingen,Germany
Amarpatan,India
Savigliano,Italy
Lakato,Madagascar
Xinzhai,China
South Euclid,United States
Paraguacu,Brazil
Vicente Noble,Dominican Republic
Koprivnice,Czechia
Voiron,France
Ashtarak,Armenia
Adra,India
San Fernando,Philippines
G`azalkent,Uzbekistan
Cuilapan de Guerrero,Mexico
Senaki,Georgia
Chapala,Mexico
Seynod,France
M'Chedallah,Algeria
Rosario de Lerma,Argentina
Laziska Gorne,Poland
Westborough,United States
Bougado,Portugal
Qal'acha,Tajikistan
Ibiruba,Brazil
Torrox,Spain
Marti,Cuba
Alcala la Real,Spain
Green Valley,United States
MacArthur,Philippines
Salcaja,Guatemala
Alliance,United States
Clemmons,United States
Chilca,Peru
Mandapam,India
Pergine Valsugana,Italy
Pakala,India
Waxhaw,United States
San Nicolas,Cuba
Agios Nikolaos,Greece
Del City,United States
Rancheria Payau,Philippines
Santa Teresita,Philippines
Kutna Hora,Czechia
Uxbridge,Canada
Horsforth,United Kingdom
Truro,United Kingdom
Kalpakathukonam,India
Traunstein,Germany
Beni Douala,Algeria
Colle di Val d'Elsa,Italy
Pancas,Brazil
Galeras,Colombia
Ennis,United States
Darlaston,United Kingdom
El Jem,Tunisia
Cabucgayan,Philippines
Naranammalpuram,India
Kontela,Mali
Saint-Michel-sur-Orge,France
Seymour,United States
Corciano,Italy
Gardanne,France
Lindenwold,United States
Sahline,Tunisia
Naqadah,Egypt
Acatic,Mexico
Sermadevi,India
Ladario,Brazil
Selydove,Ukraine
Dean Funes,Argentina
Florida Ridge,United States
Pleasant Prairie,United States
Cardito,Italy
Mari,Brazil
Caombo,Angola
San Martin de las Piramides,Mexico
Villagarzon,Colombia
Ano Syros,Greece
Goroka,Papua New Guinea
Chebli,Algeria
Unity,United States
Bastos,Brazil
Aarau,Switzerland
Bad Harzburg,Germany
Alnavar,India
Whyalla,Australia
Juma Shahri,Uzbekistan
Parelhas,Brazil
Satun,Thailand
Boquira,Brazil
Spremberg,Germany
North Guwahati,India
Muthutala,India
Tanki Leendert,Aruba
Alta Floresta D'Oeste,Brazil
Jawor,Poland
Askale,Turkey
San Bernardo,Colombia
Iguai,Brazil
Aldan,Russia
Rocky River,United States
Rose Hill,United States
Zerbst,Germany
Chesham,United Kingdom
Tukwila,United States
Puerto Natales,Chile
Trezzano sul Naviglio,Italy
Takaba,Kenya
Pandan,Philippines
North Ogden,United States
Kodikuthi,India
Richmond,United Kingdom
Ambohitromby,Madagascar
Bezhetsk,Russia
Darganata,Turkmenistan
Hojambaz,Turkmenistan
Gokdepe,Turkmenistan
Fort St. John,Canada
Madakasira,India
El Paujil,Colombia
Juli,Peru
Kotli,Pakistan
Llorente,Philippines
Loncoche,Chile
Sihu,Taiwan
Beni Mered,Algeria
Ganapavaram,India
Laventille,Trinidad and Tobago
Paramonga,Peru
Rees,Germany
Palatka,Russia
Helena,United States
Qalansuwa,Israel
Riehen,Switzerland
Tong'anyi,China
Paravai,India
Pendurti,India
Bariarpur,India
Five Corners,United States
Bogande,Burkina Faso
Nhamunda,Brazil
Grand Island,United States
Belper,United Kingdom
Thenia,Algeria
Partizanske,Slovakia
Secaucus,United States
Tambau,Brazil
Gauting,Germany
Andippatti,India
Maruturu,India
Egil,Turkey
Icapui,Brazil
Shahbazpur,Bangladesh
Trinidad,Uruguay
Wilmot,Canada
Feira Nova,Brazil
Lom,Bulgaria
Hoogstraten,Belgium
Wildeshausen,Germany
Noamundi,India
Sao Joao do Piaui,Brazil
Grevena,Greece
Urucuca,Brazil
Ghanzi,Botswana
Mount Pleasant,United States
Mountlake Terrace,United States
Chaumont,France
San Bonifacio,Italy
Lioua,Algeria
Taurage,Lithuania
Santa Rosa de Lima,Guatemala
Santa Barbara,Colombia
Srivaikuntam,India
Moorestown,United States
Puchheim,Germany
Jandaia do Sul,Brazil
Cartaya,Spain
Alejandro Korn,Argentina
Stowmarket,United Kingdom
Velsk,Russia
Ashland,United States
Allauch,France
Clevedon,United Kingdom
New Hope,United States
Bayi,China
Swiedbodzin,Poland
Cumaral,Colombia
Pamarru,India
Grajewo,Poland
Shirhatti,India
Naas,Ireland
Annecy-le-Vieux,France
Inopacan,Philippines
Khowai,India
Mohiuddinnagar,India
Perdoes,Brazil
Krasnouralsk,Russia
Vecses,Hungary
Los Vilos,Chile
Osterode,Germany
Singur,India
Kirkintilloch,United Kingdom
Gummudipundi,India
Granite Bay,United States
Nedre Eiker,Norway
Masis,Armenia
Allende,Mexico
Zulpich,Germany
Teteven,Bulgaria
Almaguer,Colombia
Chouafa,Morocco
Palma di Montechiaro,Italy
Igreja Nova,Brazil
Senago,Italy
Fortin de las Flores,Mexico
Mons-en-Baroeul,France
Bilohorodka,Ukraine
Ambinanindrano,Madagascar
East Patchogue,United States
Fukuyoshi,Japan
Otsego,United States
Stange,Norway
Bornem,Belgium
Silva Jardim,Brazil
Hafshejan,Iran
Galugah,Iran
Polygyros,Greece
Zambrow,Poland
Tiruppuvanam,India
Krasnoarmeysk,Russia
Manlleu,Spain
Mi'eso,Ethiopia
Metahara,Ethiopia
Mundgod,India
Darton,United Kingdom
Kasumpti,India
Hammanskraal,South Africa
Stephenville,United States
Ashland,United States
Padmanabhapuram,India
Doaba,Pakistan
Kaman,Turkey
Karlovo,Bulgaria
Pambadi,India
Carlisle,United States
Gallup,United States
Antilla,Cuba
Saint-Genis-Laval,France
Terrier Rouge,Haiti
Bouznika,Morocco
Oum Drou,Algeria
Sriperumbudur,India
Mragowo,Poland
Youganning,China
Yegainnyin,China
Alcudia,Spain
Mit Nama,Egypt
South Lake Tahoe,United States
Carcagente,Spain
Stevenson Ranch,United States
Kelkit,Turkey
Candler-McAfee,United States
Tubbergen,Netherlands
Alagir,Russia
Naryn,Tajikistan
Mesquite,United States
Armidale,Australia
Sao Joao,Brazil
Mukilteo,United States
Aiud,Romania
Nirmali,India
Narippatta,India
Wang Nam Yen,Thailand
Artashat,Armenia
Makulubita,Uganda
Hwange,Zimbabwe
Monroe,United States
Geneva,United States
Puzol,Spain
Casal di Principe,Italy
Saint-Gratien,France
Luna,Philippines
Germersheim,Germany
Kaduturutti,India
Huy,Belgium
Pefki,Greece
Battle Ground,United States
Kaikalur,India
Siilinjarvi,Finland
Mustang,United States
Chagalamarri,India
Cacem,Portugal
Krus na Ligas,Philippines
Elmwood Park,United States
Sevilimedu,India
Royton,United Kingdom
Mansourah,Algeria
Kitcharao,Philippines
Carthage,Tunisia
Belovodskoe,Kyrgyzstan
Mabitac,Philippines
Somers,United States
Beroun,Czechia
Wielun,Poland
Linamon,Philippines
Nowa Ruda,Poland
Agropoli,Italy
Vialonga,Portugal
Almasi,Tajikistan
Gobo,Japan
Oshoba,Tajikistan
Akkus,Turkey
Nang Rong,Thailand
Iruttarakonam,India
Milwaukie,United States
Hunters Creek,United States
Rolante,Brazil
Xinjie,China
Namagiripettai,India
Sulejowek,Poland
Koduvilarpatti,India
Ntcheu,Malawi
Pinarbasi,Turkey
Sanxing,Taiwan
Aguadas,Colombia
Manuel Tames,Cuba
Bhairi,Nepal
Brownhills,United Kingdom
Schramberg,Germany
Montecristo,Colombia
Narkher,India
Urk,Netherlands
Tadikombu,India
Degollado,Mexico
Fierenana,Madagascar
Dupax del Sur,Philippines
Saint-Mande,France
Znamianka,Ukraine
Sasovo,Russia
Sao Sepe,Brazil
Pillaiyarkuppam,India
Waren,Germany
Bobonong,Botswana
Gorgonzola,Italy
Lebanon,United States
Essex,Canada
Mouyondzi,Congo (Brazzaville)
Kosgi,India
Zonhoven,Belgium
Concepcion Huista,Guatemala
Montgomery,United States
Jiangjiadong,China
Kontich,Belgium
Parasi,India
Matsuura,Japan
Snellville,United States
Merefa,Ukraine
Mandelieu-la-Napoule,France
Obock,Djibouti
Rybnoye,Russia
Varennes,Canada
Lucelia,Brazil
Chorwad,India
Ratu,India
Caapora,Brazil
Rio Maior,Portugal
Qia'erbagecun,China
Valle Nacional,Mexico
Nagamangala,India
Borgomanero,Italy
Boca da Mata,Brazil
Rupauli,India
Sondershausen,Germany
Sal'a,Slovakia
Floridia,Italy
Vryburg,South Africa
Shazand,Iran
Lensk,Russia
Belonia,India
Mogan,Spain
Lathi,India
South Whitehall,United States
Belas,Portugal
Varadero,Cuba
Tiburon,Haiti
Carrboro,United States
Sarari,India
Sevenoaks,United Kingdom
Tinja,Tunisia
Volnovakha,Ukraine
Guasipati,Venezuela
San Juan de Vilasar,Spain
Morsang-sur-Orge,France
Dronfield,United Kingdom
Tighedouine,Morocco
Seydi,Turkmenistan
Baldwin,United States
Clarin,Philippines
Khromtau,Kazakhstan
Dukinfield,United Kingdom
Kuttikkattur,India
La Union,Spain
Hallein,Austria
Allschwil,Switzerland
Florencia,Cuba
Morasar,India
Jekabpils,Latvia
Maracacume,Brazil
Hancha,China
Sapone,Burkina Faso
Kanmaki,Japan
Herborn,Germany
Bourg-la-Reine,France
Loyola Heights,Philippines
Kannanendal,India
Willmar,United States
Quirima,Angola
Saurh,India
Yasothon,Thailand
Cortona,Italy
Kagizman,Turkey
Aguinaldo,Philippines
Skegness,United Kingdom
Carlos Casares,Argentina
Bryant,United States
Adigaratti,India
Enkoping,Sweden
Old Jamestown,United States
Shark,Kyrgyzstan
Suaza,Colombia
Hanahan,United States
Adet,Ethiopia
Kokofata,Mali
Princesa Isabel,Brazil
San Juan de Rio Coco,Nicaragua
Nogales,Mexico
Forbach,France
Irukanni,India
Martellago,Italy
Amodei,India
Banki,India
Conceicao de Macabu,Brazil
Molde,Norway
Chocaman,Mexico
Altepexi,Mexico
Tomarza,Turkey
Le Plessis-Trevise,France
Tehata,India
Little Egg Harbor,United States
El Pinar,Uruguay
Hyde Park,United States
San Isidro de Lules,Argentina
Oued el Aneb,Algeria
Itapaci,Brazil
Tizi-n-Bechar,Algeria
Sadao,Thailand
Sao Marcos,Brazil
Seria,Brunei
Mineola,United States
Hays,United States
West St. Paul,United States
Gardner,United States
Xoxocotla,Mexico
Nong Bua Lamphu,Thailand
Furano,Japan
Paiganapalli,India
Phulpur,India
Sondrio,Italy
Injibara,Ethiopia
Orhei,Moldova
Melgaco,Brazil
Xinnongcun,China
Palmeiras,Brazil
Wipperfurth,Germany
Behat,India
Caxambu,Brazil
Paulistana,Brazil
Svetlyy,Russia
Nordlingen,Germany
Laje,Brazil
Villapinzon,Colombia
Horstel,Germany
Palafrugell,Spain
Jangy-Nookat,Kyrgyzstan
San Francisco,El Salvador
Ukmerge,Lithuania
Itapecerica,Brazil
Silverdale,United States
Joaquin V. Gonzalez,Argentina
Itambacuri,Brazil
Veresegyhaz,Hungary
Nubl,Syria
Oro-Medonte,Canada
Jozefow,Poland
Praia da Vitoria,Portugal
Mirador,Brazil
Caterham,United Kingdom
Porto Torres,Italy
Sao Jeronimo,Brazil
Kotovo,Russia
Lealman,United States
Patpara,India
Ariano Irpino,Italy
Tabursuq,Tunisia
East Pennsboro,United States
Traunreut,Germany
Klaukkala,Finland
San Jose de Jachal,Argentina
Gross-Umstadt,Germany
Tornio,Finland
South Holland,United States
Az Zuwaytinah,Libya
Timmarasanayakkanur,India
Bothell West,United States
Loei,Thailand
Woodlesford,United Kingdom
Ait Ben Daoudi,Morocco
Wulfrath,Germany
San Victor Abajo,Dominican Republic
Manjhi,India
Fatehgarh Churian,India
Tanhacu,Brazil
Samba,India
Stratton Saint Margaret,United Kingdom
Ronda,Philippines
Alto-Cuilo,Angola
Cuilo,Angola
Daddi,India
Mangghystau,Kazakhstan
Sulphur,United States
Cranendonck,Netherlands
Sremcica,Serbia
Murphy,United States
Fengjia,China
Dabaozi,China
Luckenwalde,Germany
Sancoale,India
Kudal,India
`Anah,Iraq
Mandza,Comoros
Morafeno,Madagascar
Sitampiky,Madagascar
Ambalavato,Madagascar
Tongobory,Madagascar
Tsarasaotra,Madagascar
Ambohipandrano,Madagascar
Andolofotsy,Madagascar
Soanindrariny,Madagascar
Ankililoaka,Madagascar
Tsiamalao,Madagascar
Fiadanana,Madagascar
Antanambao,Madagascar
Sahamadio,Madagascar
Miorimivalana,Madagascar
Ambohimanambola,Madagascar
Ampasimatera,Madagascar
Karianga,Madagascar
Matanga,Madagascar
La Colonia Tovar,Venezuela
Sidi Lahssen,Algeria
Tufanganj,India
Torqabeh,Iran
Fredonia,Colombia
San Antonio Sacatepequez,Guatemala
Vadakkum,India
Senden,Germany
Yunak,Turkey
Walia,Mali
Cassilandia,Brazil
Laranjeira,Portugal
Barcelona,Philippines
Capela do Alto,Brazil
Agan,China
Saint Austell,United Kingdom
Welench'iti,Ethiopia
Daboh,India
Safsaf,Morocco
Nizampatam,India
El Reten,Colombia
Mossingen,Germany
Suzzara,Italy
Dolton,United States
Alnif,Morocco
Zele,Belgium
Archena,Spain
Anna,United States
Santa Vitoria,Brazil
Baiheqiao,China
Thuan An,Vietnam
Bugalagrande,Colombia
Ozoir-la-Ferriere,France
Ankaraobato,Madagascar
Aybasti,Turkey
Hualqui,Chile
Princeton,United States
Caracarai,Brazil
Mantsala,Finland
Covington,United States
Croix,France
Fort Walton Beach,United States
Carmo do Rio Claro,Brazil
St. Andrews,United States
Brushy Creek,United States
Mont-Royal,Canada
Pacatu,Brazil
Hirekerur,India
Quela,Angola
Purranque,Chile
Hino,Japan
Vicksburg,United States
Givors,France
Imperial,United States
Germantown,United States
San Cataldo,Italy
Vladicin Han,Serbia
Chaudfontaine,Belgium
Cuncolim,India
Ondorhaan,Mongolia
Piedra Blanca,Dominican Republic
Schortens,Germany
Damua,India
Punturin,Philippines
Renens,Switzerland
Dingolfing,Germany
Nambiyur,India
Ostrov,Russia
Cho Phuoc Hai,Vietnam
Alagoa Nova,Brazil
Concepcion Chiquirichapa,Guatemala
Gazi,Greece
Argenta,Italy
San Guillermo,Philippines
Vili,Burkina Faso
Aisho,Japan
Leskovac,Serbia
Guara,Brazil
Hallim,South Korea
Jericho,West Bank
Esperalvillo,Dominican Republic
Vakkam,India
Park Forest,United States
Pudupattanam,India
Lucani,Serbia
Kamamaung,Burma
Bruchkobel,Germany
Upper St. Clair,United States
Eeklo,Belgium
Monte Santo de Minas,Brazil
Pico Truncado,Argentina
Beaumont,Canada
Texistepec,Mexico
Balugan,India
Steinhagen,Germany
Brummen,Netherlands
Arnold,United States
Sant Just Desvern,Spain
Don Bosco,Argentina
Koath,India
Roshal,Russia
Quixere,Brazil
Normanton,United Kingdom
Ambohimanga,Madagascar
Villeneuve-le-Roi,France
Bobrov,Russia
Sint-Katelijne-Waver,Belgium
Palavur,India
Mulanje,Malawi
Murree,Pakistan
Arbutus,United States
Zaliohouan,CÙte d'Ivoire
Springfield,United States
Sotomayor,Colombia
Bordj Bounaama,Algeria
Bambalang,Cameroon
Mudakkal,India
Kara-Suu,Kyrgyzstan
Aurad,India
Hyattsville,United States
Fot,Hungary
Karia Ba Mohamed,Morocco
Luisiana,Philippines
El Carmen de Chucuri,Colombia
Bonga,Ethiopia
Showa,Japan
Saka,Morocco
Oliveira do Hospital,Portugal
Sidi Abdelkader,Morocco
Birkerod,Denmark
Beni Haoua,Algeria
Wallington,United Kingdom
Amdjarass,Chad
Hindang,Philippines
Pogradec,Albania
Moniquira,Colombia
Ovejas,Colombia
Loja,Spain
Mill Creek,United States
Ludlow,United States
Rosedale,United States
Sanhe,China
Vinany,Madagascar
Wettingen,Switzerland
Cercado Abajo,Dominican Republic
Letlhakane,Botswana
Musselburgh,United Kingdom
Harohalli,India
Debark',Ethiopia
Murrysville,United States
Yachiyo,Japan
Buckingham,United States
Paldorak,Tajikistan
East Moline,United States
Lajinha,Brazil
Wittmund,Germany
Rosamond,United States
Coudekerque-Branche,France
Junqueiropolis,Brazil
Norton,United Kingdom
Conselheiro Pena,Brazil
Kolpashevo,Russia
Gaura,India
Castrovillari,Italy
Neufahrn bei Freising,Germany
Karmana,Uzbekistan
Sao Jose da Laje,Brazil
Miches,Dominican Republic
Bhainsdehi,India
Sonagazi,Bangladesh
Devirammanahalli,India
Tupanatinga,Brazil
Mariani,India
Conceicao da Feira,Brazil
Malaba,Uganda
Chelak,Uzbekistan
Banting,Philippines
Ambondro,Madagascar
Werdau,Germany
General Belgrano,Argentina
Stadtlohn,Germany
Alta,India
Louisville,United States
Bad Waldsee,Germany
Ibicoara,Brazil
Maghull,United Kingdom
Peringanad,India
Joinville-le-Pont,France
Cordeiro,Brazil
North Liberty,United States
Jicome,Dominican Republic
Alapli,Turkey
North Bellmore,United States
Sestu,Italy
Hauppauge,United States
Villanueva,Colombia
Leek,United Kingdom
Samaca,Colombia
Algete,Spain
Gavarr,Armenia
Barhampur,India
Pirkkala,Finland
Genc,Turkey
Colfontaine,Belgium
West Hempstead,United States
Palkonda,India
Ul,Portugal
Oliveira de Azemeis,Portugal
Chaves,Brazil
Fate,United States
Yermal,India
Luacano,Angola
Coolbaugh,United States
Illapel,Chile
Valljkkod,India
Ino,Japan
Banganapalle,India
Mino,Japan
Jindrichuv Hradec,Czechia
Supaul,India
Kuknur,India
Midway,United States
Stamford,United Kingdom
Narwar,India
Bandar-e Gaz,Iran
Requena,Spain
Sceaux,France
Mathukumnel,India
Leigh-on-Sea,United Kingdom
Castel San Pietro Terme,Italy
Kempston,United Kingdom
Sonbarsa,India
Penzance,United Kingdom
Tittagudi,India
Anagni,Italy
Monsummano,Italy
Zhangatas,Kazakhstan
Iriona,Honduras
Hexiang,China
Gannavaram,India
Enger,Germany
Kiseljak,Bosnia and Herzegovina
Achampet,India
Mohammadabad,Iran
Boscombe,United Kingdom
Great Linford,United Kingdom
Palestina de los Altos,Guatemala
Beruri,Brazil
Arnaud,Haiti
Limerick,United States
Oliveira dos Brejinhos,Brazil
Hanmayingcun,China
Goodlands,Mauritius
Lebedinovka,Kyrgyzstan
Tolosa,Philippines
Grayslake,United States
Divino,Brazil
Elvas,Portugal
Oktyabrsk,Russia
Wade Hampton,United States
Montrose,United States
Menaka,Mali
Vranov nad Topl'ou,Slovakia
Sao Joao Batista,Brazil
Guaratinga,Brazil
Kolaras,India
Lockport,United States
Luna,Philippines
Campestre,Brazil
Olho d'Agua das Flores,Brazil
Valkeakoski,Finland
Chithara,India
Marquette,United States
Horwich,United Kingdom
Montecatini Terme,Italy
Sao Joao de Pirabas,Brazil
Baroda,India
San Julian,Bolivia
Baie-Comeau,Canada
Halluin,France
Bussolengo,Italy
Soye,Mali
Lingolsheim,France
Schifferstadt,Germany
Zaouiet Sousse,Tunisia
Failsworth,United Kingdom
Recanati,Italy
West Pensacola,United States
Cornaredo,Italy
Northfield,United States
Forest Lake,United States
Altinho,Brazil
Wasquehal,France
Kirkstall,United Kingdom
Tullahoma,United States
Wuustwezel,Belgium
Tirebolu,Turkey
Profesor Salvador Mazza,Argentina
Wachtberg,Germany
Dzialdowo,Poland
Bozoum,Central African Republic
Guadalupe,Costa Rica
Ismayilli,Azerbaijan
Lagoa do Itaenga,Brazil
Muttatodi,India
Meinerzhagen,Germany
Makokou,Gabon
Nidderau,Germany
As,Norway
Banaue,Philippines
Los Llanos de Aridane,Spain
Metouia,Tunisia
Melena del Sur,Cuba
Piazza Armerina,Italy
Vinjamur,India
Lieto,Finland
Saco,United States
El Hammadia,Algeria
Kladovo,Serbia
San Isidro,Costa Rica
Ripley,United Kingdom
South St. Paul,United States
Concarneau,France
Parramos,Guatemala
Lubalo,Angola
Bagou,Benin
Miandrivazo,Madagascar
Sidi Rahal,Morocco
Yanagawamachi-saiwaicho,Japan
Sour,Algeria
Elko,United States
Kamalapuram,India
Santa Teresa,Brazil
Denain,France
Groveland,United States
Arroyo Seco,Argentina
Pueblo Nuevo,Nicaragua
Chachahuantla,Mexico
Pahuatlan de Valle,Mexico
Iisalmi,Finland
Shafter,United States
Marau,Brazil
Bockum,Germany
Isernia,Italy
Parma Heights,United States
Kleppe,Norway
Hardi,India
Huercal-Overa,Spain
Na Klang,Thailand
Pittsburg,United States
Bethany,United States
Tarnaveni,Romania
Pleasantville,United States
Al Qays,Egypt
Tan Phong,Vietnam
Botevgrad,Bulgaria
Fougeres,France
Paraiso,Costa Rica
Celbridge,Ireland
Ghafurov,Tajikistan
Yakkabog`,Uzbekistan
Schwanewede,Germany
Sunbat,Egypt
Banolas,Spain
Arlington,United States
Patuvilayi,India
Tepexi de Rodriguez,Mexico
Somanya,Ghana
Bulnes,Chile
Altoona,United States
Goris,Armenia
Manbengtang,China
Bouguenais,France
Jatara,India
Campia Turzii,Romania
Gjovik,Norway
Kawambwa,Zambia
Savda,India
Riverview,Canada
Kapay,Philippines
Nuenen,Netherlands
Lillehammer,Norway
Kekem,Cameroon
Rosolini,Italy
Toktogul,Kyrgyzstan
Chapulhuacan,Mexico
Buftea,Romania
Palo del Colle,Italy
Romano di Lombardia,Italy
Hashtrud,Iran
Qagan Us,China
Mbala,Zambia
Foya Tangia,Liberia
Sa al Hajar,Egypt
Buy,Russia
Baza,Spain
Coswig,Germany
Dumbarton,United Kingdom
Lugait,Philippines
`Adra,Syria
Chintalapalle,India
Hlohovec,Slovakia
Modling,Austria
Sultanpur,India
Honnali,India
Merrifield,United States
Zest'aponi,Georgia
La Resolana,Mexico
Shoreham-by-Sea,United Kingdom
South Milwaukee,United States
Cha Grande,Brazil
Palma del Rio,Spain
Namioka,Japan
Vakon,Benin
Arsk,Russia
Santa Elena,Argentina
Sunchales,Argentina
Ravelo,Bolivia
Bati,Ethiopia
Le Creusot,France
Gainsborough,United Kingdom
Colleferro,Italy
Carquefou,France
Jefferson,United States
Laboulaye,Argentina
Codlea,Romania
Carmen de Patagones,Argentina
Quemado de Guines,Cuba
Guadalupe Nuevo,Philippines
Piqua,United States
Aomar,Algeria
Maniyamturuttu,India
Torhout,Belgium
Lami,Fiji
Sonkach,India
Bladel,Netherlands
Tamallalt,Morocco
Hythe,United Kingdom
Zd'ar nad Sazavou,Czechia
Lannion,France
Vadamadurai,India
La Paz,Uruguay
Madipakkam,India
Chennimalai,India
Baiao,Portugal
Bala,Turkey
Lower Southampton,United States
Carlos Barbosa,Brazil
Bohumin,Czechia
Cobourg,Canada
Ohara,Japan
Atoyac de Alvarez,Mexico
Colonia General Felipe Angeles,Mexico
Ortakoy,Turkey
Cauto Cristo,Cuba
Trecate,Italy
Nishigo,Japan
Bibai,Japan
Bekalta,Tunisia
Muhammadabad,India
Horten,Norway
Pendembu,Sierra Leone
North Bay Shore,United States
Tielt,Belgium
Khampat,Burma
Shimogamo,Japan
Cranbrook,Canada
Vyskov,Czechia
Nellimarla,India
Pantanaw,Burma
Grottaferrata,Italy
Lubartow,Poland
Libertyville,United States
Adrian,United States
Binondo,Philippines
San Bernardino,Paraguay
Nahorkatiya,India
Khvansar,Iran
Sapang Dalaga,Philippines
South Burlington,United States
Westbrook,United States
La Chapelle-sur-Erdre,France
Capanema,Brazil
Alza,Spain
Peritoro,Brazil
Saint-Pol-sur-Mer,France
Posusje,Bosnia and Herzegovina
Becerril,Colombia
Kremenets,Ukraine
Bhojpur Kadim,India
Plaisance-du-Touch,France
Kurshab,Kyrgyzstan
Longjumeau,France
Dulken,Germany
Recani,Morocco
Khotkovo,Russia
El Gara,Morocco
Golden,United States
Timana,Colombia
Magsaysay,Philippines
Mindouli,Congo (Brazzaville)
Omagh,United Kingdom
Kizhattur,India
Sidney,United States
Atarfe,Spain
Sidi Jaber,Morocco
Kawayan,Philippines
Costas de Cao,Portugal
Caparica,Portugal
Painesville,United States
San Martin,Colombia
Saint-Cyr-l'Ecole,France
Frondenberg,Germany
Hassloch,Germany
Muong Lay,Vietnam
Buckhall,United States
Paraisopolis,Brazil
Puerto Quito,Ecuador
La Celle-Saint-Cloud,France
Keevallur,India
Culpeper,United States
'Ain el Bell,Algeria
Sysert,Russia
Fara,Burkina Faso
Faversham,United Kingdom
Susaki,Japan
Mealhada,Portugal
Lai,Chad
Jarajus,Egypt
Cinfaes,Portugal
Conde,Brazil
Pak Phanang,Thailand
Itatira,Brazil
Baud,India
Aigio,Greece
Sandwich,United States
Nizhniy Lomov,Russia
Chepo,Panama
Koipadi,India
Zhetigen,Kazakhstan
Dolyna,Ukraine
Frankfort,United States
Lambari,Brazil
Kuala Pembuang,Indonesia
Campo Magro,Brazil
Lomita,United States
Phichit,Thailand
Jaboticatubas,Brazil
Pariyaram,India
San Lorenzo,Colombia
Lichtenfels,Germany
Reggane,Algeria
'Ain el Hammam,Algeria
Iztapa,Guatemala
Follonica,Italy
Buritis,Brazil
Korntal-Munchingen,Germany
Donggou,China
Mitry-Mory,France
Ochtrup,Germany
Uetze,Germany
Komarom,Hungary
Puduppalli Kunnam,India
Sukhodilsk,Ukraine
Neustrelitz,Germany
Chokkampatti,India
Meadowbrook,United States
Bruges,France
Beforona,Madagascar
Kolo,Poland
Longbangcun,China
Jaguaruna,Brazil
Barki Saria,India
Ramnagar Farsahi,India
Porto Real,Brazil
Sandhurst,United Kingdom
Samboan,Philippines
Sokal,Ukraine
Makakilo,United States
Alatsinainy-Bakaro,Madagascar
Calella,Spain
Kuttampala,India
Feltre,Italy
Portland,United States
San Pablo Tacachico,El Salvador
Kanaya,Japan
North Amityville,United States
Rosas,Spain
Yangping,China
Giengen an der Brenz,Germany
Cormano,Italy
Hernani,Spain
Rothwell,United Kingdom
Karaiyampudur,India
Froyland,Norway
Hoyland,Norway
Hazlet,United States
Melnik,Czechia
Blankenberge,Belgium
Sartalillo,Costa Rica
Kihihi,Uganda
Flores,Brazil
Grande-Synthe,France
Whitpain,United States
Middle,United States
Deal,United Kingdom
Harpalpur,India
Bratunac,Bosnia and Herzegovina
Lower Allen,United States
Yellowknife,Canada
Makhtal,India
Mundra,India
Tala Yfassene,Algeria
Huanuni,Bolivia
Kashkar-Kyshtak,Kyrgyzstan
Marblehead,United States
Gyomro,Hungary
Trentola,Italy
Dan Gorayo,Somalia
Monroe,United States
Peterlee,United Kingdom
Monte Azul,Brazil
Santa Maria Chilchotla,Mexico
Dharmkot,India
Sarreguemines,France
Benicasim,Spain
Nesoddtangen,Norway
Duderstadt,Germany
Farashband,Iran
Farum,Denmark
Fangasso,Mali
L'Isle-sur-la-Sorgue,France
Baihar,India
Wednesbury,United Kingdom
Xincheng,Taiwan
Santa Rosa,Paraguay
Rawicz,Poland
Katakos,India
Senta,Serbia
Diyadin,Turkey
Telgte,Germany
Santa Rita,Honduras
Khowrzuq,Iran
Las Vigas de Ramirez,Mexico
Chandragiri,India
Gryfino,Poland
East Hemet,United States
Sidi Chiker,Morocco
Bellshill,United Kingdom
Tobe,Japan
Tak,Thailand
Lennox,United States
Abejorral,Colombia
Sao Felipe,Brazil
Tidili Masfiywat,Morocco
San Martin De Porres,Philippines
Birpur,India
Salgado,Brazil
Inirida,Colombia
Candido Mendes,Brazil
Shisui,Japan
Lalin,Spain
Chorozinho,Brazil
Reichenbach/Vogtland,Germany
Shamgarh,India
Nyon,Switzerland
Teculutan,Guatemala
Simiti,Colombia
Concordia,Colombia
Tenjo,Colombia
Minturno,Italy
Gopavaram,India
Devrukh,India
Tettnang,Germany
Kokopo,Papua New Guinea
Howard,United States
Pulicat,India
Rumoi,Japan
Wodonga,Australia
Parkal,India
Westminster,United States
Ely,United Kingdom
Morristown,United States
Ervalia,Brazil
Rovira,Colombia
Vico Equense,Italy
Ban Wiang Phan,Thailand
Chodavaram,India
Lynbrook,United States
Danao,Philippines
Husainpur,India
Mosta,Malta
Aguas Zarcas,Costa Rica
Cugnaux,France
Schopfheim,Germany
Raipura,India
Touna,Mali
Oberkirch,Germany
Bologoye,Russia
Beaune,France
Abano Terme,Italy
Sultanhisar,Turkey
Ogden,United States
Zhangjiazhuang,China
Samthar,India
Sherwood,United States
Asosa,Ethiopia
Coomera,Australia
Belur,India
Parnamirim,Brazil
Xionglin,Taiwan
Pinan,Philippines
Greiz,Germany
Edakkunnam,India
Khilchipur,India
Holzminden,Germany
Solhan,Turkey
Afourar,Morocco
Kortenberg,Belgium
Centerton,United States
Ban Tha Pha,Thailand
Azacualpa,Honduras
Gostyn,Poland
San Francisco,Costa Rica
Sessa Aurunca,Italy
Chandpur,India
Entroncamento,Portugal
Vega de Alatorre,Mexico
Pennagaram,India
Rhenen,Netherlands
Blieskastel,Germany
Tondi,India
Agsu,Azerbaijan
Agstafa,Azerbaijan
Mayluu-Suu,Kyrgyzstan
Stebnyk,Ukraine
Xo`jaobod,Uzbekistan
Rivalta di Torino,Italy
Chaville,France
Pontassieve,Italy
Ryazhsk,Russia
Pompeia,Brazil
Boromo,Burkina Faso
Kavaje,Albania
Palisades Park,United States
Uruburetama,Brazil
Mont-Saint-Aignan,France
Wexford,Ireland
South Frontenac,Canada
Douar Lamrabih,Morocco
Blansko,Czechia
Puerto Viejo,Costa Rica
Guacima,Costa Rica
Reitz,South Africa
Voyenno-Antonovka,Kyrgyzstan
Skive,Denmark
Oulad Fraj,Morocco
Cruz Grande,Mexico
Taibet,Algeria
Ban Klang,Thailand
Talayazham,India
Monte Alegre de Minas,Brazil
Hazel Grove,United Kingdom
Bad Schwartau,Germany
Silver Spring,United States
Abou el Hassan,Algeria
Pargi,India
Motatan,Venezuela
Sivagiri,India
Nelkattumseval,India
Diondiori,Mali
Kurten,Germany
Akora,Pakistan
Medina,Brazil
Frontino,Colombia
Erragondapalem,India
Rio Grande,Dominican Republic
Aurad Shahjahani,India
Koropi,Greece
Ayaviri,Peru
Sesheke,Zambia
Bhitarwar,India
Tahla,Morocco
Regente Feijo,Brazil
Rolla,United States
Kheralu,India
East Massapequa,United States
La Trinidad,Nicaragua
Mattigiri,India
Alampalaiyam,India
Alblasserdam,Netherlands
Dorchester,United Kingdom
Teonthar,India
Karukachal,India
Aquidaba,Brazil
Del Carmen,Philippines
Farakka,India
Turmalina,Brazil
Belmonte,Brazil
Pujehun,Sierra Leone
Leinefelde,Germany
Bela,Pakistan
Vettikkavala,India
Villa Verde,Philippines
Riviere-du-Loup,Canada
Silla,Spain
Huanimaro,Mexico
Halewood,United Kingdom
Senec,Slovakia
Comrat,Moldova
Donauworth,Germany
Pallazzolo sull'Oglio,Italy
Nykobing Falster,Denmark
Barkly West,South Africa
Caravelas,Brazil
Bueng Kan,Thailand
Galvez,Argentina
Nkoteng,Cameroon
Bilasuvar,Azerbaijan
Celorico de Basto,Portugal
Medina del Campo,Spain
Mar''ina Horka,Belarus
Kulpahar,India
Luban,Poland
Montalto Uffugo,Italy
La Canada Flintridge,United States
Satsuma,Japan
Bourne,United States
Nanuet,United States
Villa Hidalgo,Mexico
Sivrihisar,Turkey
Port Angeles,United States
Kwinana,Australia
Denderleeuw,Belgium
Piata,Brazil
Yabayo,CÙte d'Ivoire
Douglas,South Africa
Lonar,India
Mayfield Heights,United States
Waldbrol,Germany
Virarajendrapet,India
Barroso,Brazil
Skanderborg,Denmark
Killingworth,United Kingdom
Mithi,Pakistan
Depalpur,India
Sidhapa,India
Brandys nad Labem-Stara Boleslav,Czechia
Naranjos,Mexico
Esanboy,Tajikistan
Dhorimanna,India
Dillingen,Germany
El Ancer,Algeria
Mahaditra,Madagascar
Temacine,Algeria
Lyman,Ukraine
Llallagua,Bolivia
Bani Murr,Egypt
Schroeder,Brazil
Ban Wat Sala Daeng,Thailand
Mesra,Algeria
Pita,Guinea
Kartikapalli,India
Durbat,Tajikistan
Guding,China
Diguapo,China
Buxton,United Kingdom
Ferentino,Italy
Lohur,Tajikistan
Bulach,Switzerland
Kannod,India
Teopisca,Mexico
Kafr Laha,Syria
Fukagawa,Japan
Makoua,Congo (Brazzaville)
Thebes,Greece
Mutuipe,Brazil
Sao Joaquim do Monte,Brazil
Nachod,Czechia
Bhopatpur,India
Affton,United States
Yumbel,Chile
Tolu Viejo,Colombia
Atescatempa,Guatemala
Port Colborne,Canada
Bubanza,Burundi
Hakui,Japan
Takanabe,Japan
La Esmeralda,Venezuela
Moosburg,Germany
Manhumirim,Brazil
Cabra,Spain
Cittadella,Italy
Tarhzirt,Morocco
Cournon-d'Auvergne,France
Sidi Merouane,Algeria
Ngathainggyaung,Burma
Kissa,Benin
Oderzo,Italy
Kurri Kurri,Australia
Jiangjiehe,China
Dumbravita,Romania
Borna,Germany
Ait Bouchta,Morocco
Nan,Thailand
Calceta,Ecuador
Etzatlan,Mexico
Presidente Getulio,Brazil
Kandakkadava,India
Rio Formoso,Brazil
Goraya,India
Alamo,United States
Tupancireta,Brazil
Piove di Sacco,Italy
Bispham,United Kingdom
Liubotyn,Ukraine
Sangin,Afghanistan
Sitrah,Bahrain
Zemio,Central African Republic
Bamukumbit,Cameroon
Bamumkumbit,Cameroon
Sanjianxiang,China
Hampton,United Kingdom
Shri Mahavirji,India
Tadas,India
Asarganj,India
Rankhandi,India
Bhaluhar,India
Mandi Bamora,India
Bareja,India
Sikka,India
Munak,India
Pirbahora,India
Hudli,India
Mangapet,India
Bazidpur Madhaul,India
Suroth,India
Sujnipur,India
Marjampad,India
Sohana,India
Chimthana,India
Ankalgi,India
Kothanuru,India
Tuminkatti,India
Naranda,India
Sonaimukh,India
Baragoi,Kenya
Kfar Kidde,Lebanon
El Bazouriye,Lebanon
Slobozia,Moldova
Ampasimena,Madagascar
Mandrosohasina,Madagascar
Ambalakirajy,Madagascar
Rantabe,Madagascar
Mandiavato,Madagascar
Ambatosoratra,Madagascar
Antsampandrano,Madagascar
Tsararafa,Madagascar
Analapatsy,Madagascar
Tsarabaria,Madagascar
Soavina Antanety,Madagascar
Bekatra Maromiandra,Madagascar
Tiddim,Burma
Hakha,Burma
Cardenas,Mexico
Kuala Lipis,Malaysia
Bulolo,Papua New Guinea
Gahi Mammar,Pakistan
Alfena,Portugal
Kebemer,Senegal
Tejutepeque,El Salvador
Velimese,Turkey
Mikumi,Tanzania
Muheza,Tanzania
Sultonobod,Uzbekistan
Indwe,South Africa
Naantali,Finland
Ciudad Miguel Aleman,Mexico
'Ain Mabed,Algeria
Comanesti,Romania
Garhshankar,India
Beloyarskiy,Russia
Forest Park,United States
Vasiana,Madagascar
Salsomaggiore Terme,Italy
Dillingen,Germany
Kilimli,Turkey
Evaz,Iran
Antrim,United Kingdom
Troyan,Bulgaria
Schmalkalden,Germany
Sanrh Majhgawan,India
Palashi,India
Coreau,Brazil
Chilly-Mazarin,France
Sidi Taibi,Morocco
San Marcos,Honduras
Kumil,India
Shonai,Japan
West Haven,United States
Shirahama,Japan
Vazante,Brazil
Whitehall,United States
Sand Springs,United States
Shiruru,India
Seaham,United Kingdom
Valderrama,Philippines
Vairag,India
Valiyakumaramangalam,India
Maple Shade,United States
Kadakola,India
Buinsk,Russia
Vianen,Netherlands
Buri,Brazil
Matheu,Argentina
El Ksiba,Morocco
Tibagi,Brazil
Maurepas,France
Itsoseng,South Africa
Hudson,United States
Alpinopolis,Brazil
Bafoulabe,Mali
Altagracia,Nicaragua
Carrieres-sous-Poissy,France
Kampong Thum,Cambodia
West Whiteland,United States
Petrinja,Croatia
Ampefy,Madagascar
Bhasawar,India
Coruche,Portugal
Hatvan,Hungary
Wilnsdorf,Germany
La Crescenta-Montrose,United States
Carira,Brazil
Acquaviva delle Fonti,Italy
Butare,Rwanda
Ypsilanti,United States
Irlam,United Kingdom
Venmani,India
Dharampur,India
Mapai,Mozambique
Mulundo,Philippines
Tarko-Sale,Russia
Koskapur,India
Doany,Madagascar
San Martin de la Vega,Spain
Chatia,India
Andal,India
Siahkal,Iran
Nottuln,Germany
Ulcinj,Montenegro
Claremore,United States
Dhanaula,India
Palliman,India
Burnie,Australia
Merad,Algeria
Bichena,Ethiopia
Chipiona,Spain
Yuancun,China
Lincolnia,United States
Novate Milanese,Italy
Senapparetti,India
Pukhrayan,India
Saint-Augustin-de-Desmaures,Canada
Mokena,United States
Piedade,Portugal
Sparta,United States
Cahors,France
Sakae,Japan
Ban Tha Ton,Thailand
El Arenal,Mexico
Cachoeirinha,Brazil
Zawiyat Razin,Egypt
Hiddenhausen,Germany
Sarstedt,Germany
Apastepeque,El Salvador
Akureyri,Iceland
Plainview,United States
Vevey,Switzerland
Saynshand,Mongolia
Kurovskoye,Russia
Vila Rica,Brazil
Okha,Russia
Nejo,Ethiopia
Tolosa,Spain
Punta Gorda,United States
Oschersleben,Germany
Namegawa,Japan
Holden,United States
Guatuba,Brazil
Loudima Poste,Congo (Brazzaville)
Kisai,Japan
Mayen,Germany
El Paraiso,Honduras
Gil,India
Agoura Hills,United States
Guire,Mali
Zinjibar,Yemen
Andira,Brazil
Kuysinjaq,Iraq
Plattsburgh,United States
Teminabuan,Indonesia
Karlapalem,India
Dagohoy,Philippines
Castilho,Brazil
Bni Frassen,Morocco
Gherla,Romania
Nikolsk,Russia
Bourg-les-Valence,France
Shelbyville,United States
Canelones,Uruguay
Opfikon,Switzerland
Sacile,Italy
El Castillo de La Concepcion,Nicaragua
Ibirama,Brazil
Orasje,Bosnia and Herzegovina
Bressuire,France
Comapa,Mexico
Miamisburg,United States
Quepos,Costa Rica
Bara Malehra,India
Likak,Iran
Boussu,Belgium
Vence,France
Umrapur,India
Oroville,United States
Universal City,United States
Pozanti,Turkey
Calatayud,Spain
Zimatlan de Alvarez,Mexico
Kavieng,Papua New Guinea
Altamont,United States
Lalla Mimouna,Morocco
Tepetlixpa,Mexico
Cartavio,Peru
Humanes de Madrid,Spain
Ratanpur,India
San Miguel,Philippines
Rhede,Germany
Gjirokaster,Albania
Campamento,Honduras
Kuusankoski,Finland
Harvey,United States
Jagatpur,Bangladesh
Rechaiga,Algeria
Gebre Guracha,Ethiopia
Peto,Mexico
Oregon,United States
Sint-Andries,Belgium
Rio Verde de Mato Grosso,Brazil
Masterton,New Zealand
Schenefeld,Germany
Khizrpur,India
Kolavallur,India
Makurazaki,Japan
Huntsville,Canada
Sleaford,United Kingdom
Pradopolis,Brazil
Jambai,India
Chevilly-Larue,France
Ennigerloh,Germany
Atlapexco,Mexico
Garforth,United Kingdom
Dokolo,Uganda
Anghad,India
Mannur,India
Mannur,India
Aramil,Russia
Kochas,India
Kamakhyanagar,India
Hirokawa,Japan
Ban Na San,Thailand
Bartow,United States
Whitemarsh,United States
Remigio,Brazil
Stroud,United States
Sainte-Marthe-sur-le-Lac,Canada
Brigham City,United States
Agryz,Russia
Kannankurichchi,India
Ruhango,Rwanda
Tamri,Morocco
Brezno,Slovakia
Itaparica,Brazil
Rubiataba,Brazil
Nosy Varika,Madagascar
Puttur,India
Araripe,Brazil
Poperinge,Belgium
Stoke Gifford,United Kingdom
Time,Norway
Mosopa,Botswana
Smorumnedre,Denmark
Lackawanna,United States
Palm Valley,United States
Gerlingen,Germany
Massy,Kyrgyzstan
Vulcan,Romania
Grafton,United States
Malabuyoc,Philippines
Cheung Chau,Hong Kong
Albany,United States
Broadview Heights,United States
Pertuis,France
Kattanam,India
Korsholm,Finland
Ghatkesar,India
Puerto Armuelles,Panama
Senador Guiomard,Brazil
Bishunpur,India
Kurikka,Finland
Mirfield,United Kingdom
Greenfield,United States
Mullheim,Germany
Ryuyo,Japan
Jnane Bouih,Morocco
Buckeburg,Germany
Crest Hill,United States
Huangtong,China
San Miguel,Philippines
Nogales,United States
Xingangli,China
Simonesia,Brazil
Prudnik,Poland
Tres Barras,Brazil
Poshkent,Tajikistan
Clifton,United States
Bad Aibling,Germany
Monor,Hungary
Pattamadai,India
Calvillo,Mexico
Os,Norway
Lloydminster,Canada
Itatinga,Brazil
Tavares,United States
Assebroek,Belgium
Thimiri,India
Beldaur,India
Cherakhera,India
Yonabaru,Japan
Imi n'Oulaoun,Morocco
Issaba,Benin
Grobenzell,Germany
Kanekallu,India
Crisopolis,Brazil
Moinesti,Romania
Varkaus,Finland
Lake Zurich,United States
Yosano,Japan
Viadana,Italy
Pecinci,Serbia
Cuite,Brazil
Hongshui,China
Wittlich,Germany
Shinjo,Japan
Saavedra,Argentina
Castelo do Piaui,Brazil
Pichidegua,Chile
Rio Segundo,Argentina
Payimattam,India
Echizen,Japan
Albertville,France
Alga,Kazakhstan
Marsberg,Germany
Llandudno,United Kingdom
Babanusah,Sudan
Lehara,India
Monroe,United States
Houghton Regis,United Kingdom
Lexington,United States
Suarez,Colombia
Colotlan,Mexico
San Salvo,Italy
Taketa,Japan
Jimaguayu,Cuba
Dicholi,India
Mokeri,India
Torgau,Germany
Katpadi,India
Busra ash Sham,Syria
Komlo,Hungary
Kanniyakumari,India
Erlanger,United States
Oros,Brazil
Krasnohrad,Ukraine
East Northport,United States
Sinacaban,Philippines
Mahmudabad Nemuneh,Iran
Bruz,France
Hajnowka,Poland
Guantiankan,China
Udalguri,India
Pastores,Guatemala
Budipuram,India
Callosa de Segura,Spain
Westmount,Canada
Pichor,India
Andaingo Gara,Madagascar
Chiconcuac,Mexico
Buriti dos Lopes,Brazil
Casa de Oro-Mount Helix,United States
Yuanhucun,China
Karuizawa,Japan
Sao Lourenco d'Oeste,Brazil
Kondur,India
Nove Mesto nad Vahom,Slovakia
Villa Elisa,Argentina
Luenoufla,CÙte d'Ivoire
Dayr Abu Hinnis,Egypt
Engelskirchen,Germany
Zachary,United States
Roosevelt,United States
Nzalat Laadam,Morocco
Davyhulme,United Kingdom
Villabate,Italy
Biddulph,United Kingdom
Nilakkottai,India
Urumita,Colombia
Hanumana,India
Rawah,Iraq
Highland,United States
Bir Kasdali,Algeria
Ampere,Brazil
Sartell,United States
Toguchin,Russia
Forest Park,United States
Atasu,Kazakhstan
Otjiwarongo,Namibia
Ramjibanpur,India
Baranain,Spain
Lerdo de Tejada,Mexico
Okhmalynka,Ukraine
Wenden,Germany
Mayahaura,India
Ilijas,Bosnia and Herzegovina
El Coco,Panama
Veroli,Italy
Niiyama,Japan
Bondo,Congo (Kinshasa)
Kutina,Croatia
Sadpur,India
San Juan Zitlaltepec,Mexico
Petrila,Romania
Diinsoor,Somalia
Tapaua,Brazil
Harrison,United States
Ischia,Italy
Russell,Canada
La Eliana,Spain
Turnu Magurele,Romania
Angleton,United States
Xapuri,Brazil
Bad Pyrmont,Germany
Haiger,Germany
Bidkingaon,India
Salmon Creek,United States
Buritirama,Brazil
Lastra a Signa,Italy
Mead Valley,United States
Albolote,Spain
Hidalgotitlan,Mexico
Venadillo,Colombia
Visaginas,Lithuania
Schilde,Belgium
Bequimao,Brazil
Liuliang,China
Les Coteaux,Canada
Jajarm,Iran
Punjai Puliyampatti,India
Arroyito,Argentina
Springboro,United States
Burnham-on-Sea,United Kingdom
Kinston,United States
Ituzaingo,Argentina
Abbots Langley,United Kingdom
Caoayan,Philippines
Ghardimaou,Tunisia
Santa Teresita,Philippines
Extremoz,Brazil
Suchiapa,Mexico
Amorebieta,Spain
Aysha,Ethiopia
Molln,Germany
Atchoupa,Benin
Doujing,China
Nauen,Germany
Gallipoli,Italy
Ansermanuevo,Colombia
Ballyfermot,Ireland
Vallam,India
Morwa,India
Rizal,Philippines
Mogiyon,Tajikistan
Tole Bi,Kazakhstan
Saint-Fons,France
Carai,Brazil
Sulzbach-Rosenberg,Germany
Bradfordville,United States
Thamaga,Botswana
Huseni,India
Pathrajolhania,India
Tirthahalli,India
Guapo,Brazil
Jhalida,India
Trostyanets',Ukraine
Sweetwater,United States
Artik,Armenia
Mihona,India
Marahra,India
Wassenberg,Germany
Liuguang,China
Lisieux,France
Jacare,Brazil
Crespo,Argentina
Bagaces,Costa Rica
Herceg Novi,Montenegro
Artik,Armenia
Hamina,Finland
Rajaudha,India
Boone,United States
Knightdale,United States
Alzey,Germany
Schonefeld,Germany
Eersel,Netherlands
Le Mee-sur-Seine,France
Eupen,Belgium
Candelaria,Cuba
Selestat,France
Ipanema,Brazil
Pauini,Brazil
San Jorge,Argentina
Hoxut,China
Ibigawa,Japan
Goole,United Kingdom
Bedele,Ethiopia
Parsahi Sirsia,India
Kempele,Finland
Arese,Italy
Fukude,Japan
Kalayapuram,India
Amta,India
Alaca,Turkey
Telavi,Georgia
Boerne,United States
Mahinawan,India
Tibba,India
Akanavaritota,India
Los Alcazares,Spain
Asasa,Ethiopia
Castellana Grotte,Italy
Ait Bousarane,Morocco
Garsfontein,South Africa
Solon,China
Wolfratshausen,Germany
Sao Vicente Ferrer,Brazil
Evergreen Park,United States
Sjobo,Sweden
Bad Driburg,Germany
Sangasso,Mali
Hushihacun,China
Los Alamos,Chile
Burghausen,Germany
Vera,Spain
Katangi,India
Cedar Mill,United States
San Juan de Dios,Costa Rica
Mougins,France
Hoveyzeh,Iran
Nilgiri,India
Deneysville,South Africa
Arvin,United States
Capinota,Bolivia
Hechingen,Germany
Jakobstad,Finland
Cugir,Romania
Hawthorne,United States
Orinda,United States
Santiago,Philippines
Saray,Turkey
Homewood,United States
Annaberg-Buchholz,Germany
Jesus Maria,Mexico
Cutlerville,United States
Jagalur,India
Krishnapur,India
Orvieto,Italy
Sondiha,India
Polonuevo,Colombia
Gogogogo,Madagascar
Ramchandrapur,India
Teghra English,India
Setlagode,South Africa
Lynn Haven,United States
Narsapur,India
Cervantes,Philippines
San Bartolome,Spain
Madisonville,United States
Marihatag,Philippines
Al Brouj,Morocco
Warrensburg,United States
Ronchin,France
Eschwege,Germany
Sabaudia,Italy
Salmon Arm,Canada
Cardonal,Mexico
Adel,United Kingdom
Senica,Slovakia
Albania,Colombia
Alton,United Kingdom
Tublay,Philippines
Someren,Netherlands
Santiago Texacuangos,El Salvador
Fokino,Russia
Heusenstamm,Germany
Ban Thap Kwang,Thailand
Fouriesburg,South Africa
Gaeta,Italy
Naples,United States
Kemise,Ethiopia
Liversedge,United Kingdom
Nova Granada,Brazil
Siruma,Philippines
El Arahal,Spain
Karttigappalli,India
La Crau,France
Kolbermoor,Germany
South El Monte,United States
Kirkland,Canada
Dorou,Mali
Samalapuram,India
Salangaippalaiyam,India
Abrisham,Iran
Hermiston,United States
Xihuangcun,China
El Rodeo,Guatemala
Los Bajos,Chile
Frutillar Alto,Chile
Yandrapalle,India
Pahsara,India
Dalanzadgad,Mongolia
Varpalota,Hungary
Kantharalak,Thailand
Pariquera-Acu,Brazil
Kushiro,Japan
Cantagalo,Brazil
Jdour,Morocco
Cabildo,Chile
Alto Araguaia,Brazil
Englewood,United States
Arbaoun,Algeria
Marchena,Spain
Barro,Brazil
Malgrat de Mar,Spain
Kalghatgi,India
Shikrapur,India
Charef,Algeria
Manjathala,India
Les Coteaux,Haiti
Casarano,Italy
Inta,Russia
Middelkerke,Belgium
Kemi,Finland
Heishanzuicun,China
Osa,Russia
Abhayapuri,India
Kakdwip,India
Sherrelwood,United States
Giovinazzo,Italy
Canto do Buriti,Brazil
Fayetteville,United States
Kloten,Switzerland
Kitatajima,Japan
Tajerouine,Tunisia
Godo,Japan
Bad Tolz,Germany
Juquia,Brazil
Rifadpur,India
Pastrana,Philippines
Mukaiengaru,Japan
Paranapanema,Brazil
Heishuikeng,China
Lancing,United Kingdom
Sare-Yamou,Mali
Buruanga,Philippines
Arbatache,Algeria
Kozmodemyansk,Russia
Zverevo,Russia
Saint-Lo,France
Kuttyadi,India
Dudu,Romania
Mahajeran-e Kamar,Iran
Ban Bueng,Thailand
Ban Patong,Thailand
Twinsburg,United States
Oruvadalkotta,India
Moulins,France
North Myrtle Beach,United States
Pushchino,Russia
Jose Cardel,Mexico
Tadian,Philippines
Weil der Stadt,Germany
West Mifflin,United States
Pugo,Philippines
Allanridge,South Africa
Seminole,United States
Tangbian,China
Sorada,India
San Roque,Philippines
Weesp,Netherlands
Bierun,Poland
Cajola,Guatemala
Corner Brook,Canada
Dashtigulho,Tajikistan
Cocoa,United States
Presidente Medici,Brazil
Bholsar,India
Pultusk,Poland
Ban Fang Tuen,Thailand
Rosedale,United States
Saint-Die-des-Vosges,France
Jirkov,Czechia
Peruru,India
Stillwater,United States
Royan,France
Tevaram,India
Kamiichi,Japan
New Glasgow,Canada
Moana,Spain
Palera,India
Panniperumthalai,India
Mancio Lima,Brazil
San Antonio Huista,Guatemala
Assamannur,India
Pohadi,India
El Viso del Alcor,Spain
Tash-Komur,Kyrgyzstan
Santa Fe Springs,United States
Pottanikad,India
Dudinka,Russia
Monte Azul Paulista,Brazil
Virovitica,Croatia
Dorval,Canada
Qandala,Somalia
Marechal Taumaturgo,Brazil
Espiritu,Philippines
Kapangan,Philippines
Gilching,Germany
Trinity,United States
Sirvar,India
Casamassima,Italy
Sukumo,Japan
Ganyesa,South Africa
Douar Ait Sidi Daoud,Morocco
Prunedale,United States
Maumelle,United States
Bouanri,Benin
Bhojpur Jadid,India
Iiyama,Japan
Rovato,Italy
Beaconsfield,Canada
Pitimbu,Brazil
Aberdeen,United States
Sint-Gillis-Waas,Belgium
Mapastepec,Mexico
Peterhead,United Kingdom
Eitorf,Germany
Indargarh,India
Maitland,United States
St. Michael,United States
Kudra,India
Cassano d'Adda,Italy
Valle Vista,United States
Tillaberi,Niger
Babai,India
Balintawak,Philippines
East Dereham,United Kingdom
Cabusao,Philippines
Durango,United States
Tinton Falls,United States
Holtsville,United States
Schwalmtal,Germany
Hermosa Beach,United States
Tonantins,Brazil
Realeza,Brazil
Dracevo,North Macedonia
Opoczno,Poland
Soure,Portugal
Aracoiaba,Brazil
Quartier Morin,Haiti
Sirnia,India
Kamwenge,Uganda
Holalkere,India
Diadi,Philippines
Brookfield,United States
West Chester,United States
Schkeuditz,Germany
Ballitoville,South Africa
Republic,United States
Garot,India
Uwchlan,United States
Kassama,Mali
Moncao,Portugal
Ghosai,India
Magitang,China
Suhbaatar,Mongolia
Pescia,Italy
Pfullingen,Germany
Lumberton,United States
Vigna di Valle,Italy
Atok,Philippines
Khonj,Iran
Amboanana,Madagascar
Wanluan,Taiwan
Eruvatti,India
Cheticheri,India
Kabudarahang,Iran
Tingloy,Philippines
Bandar-e Kong,Iran
Ecclesall,United Kingdom
Ibatiba,Brazil
Kalabahi,Indonesia
Durant,United States
Abomsa,Ethiopia
Zola Predosa,Italy
Tamgrout,Morocco
Texcaltitlan,Mexico
Lumphat,Cambodia
Puerto Morelos,Mexico
Jiabong,Philippines
Alton,United States
Ystrad Mynach,United Kingdom
Rangra,India
Selendi,Turkey
Harrisburg,United States
Kale,Turkey
Devgadh Bariya,India
Jamiltepec,Mexico
Ijevan,Armenia
Attapu,Laos
Aradippou,Cyprus
Sligo,Ireland
Torokszentmiklos,Hungary
West Manchester,United States
Lebbeke,Belgium
Rurrenabaque,Bolivia
La Corredoria,Spain
Binka,India
Khamaria,India
Gomishan,Iran
Lake Forest,United States
Ermita,Philippines
Venceslau Bras,Brazil
Haldensleben,Germany
Ranst,Belgium
Laaouama,Morocco
Melville,United States
Zerong,China
Pattiayal,India
Dumra,India
Pokaran,India
Alcoy,Philippines
Vera,Argentina
Seesen,Germany
Sibila,Mali
Deerfield,United States
Oued el Abtal,Algeria
Sirpur,India
Central Point,United States
Jamsa,Finland
Maghar,India
Gioia Tauro,Italy
Orange,United States
Krasnogorskiy,Uzbekistan
Ghogardiha,India
La Paz,Philippines
Jaicos,Brazil
Schneverdingen,Germany
Meise,Belgium
Chiari,Italy
'Ali Ben Sliman,Morocco
Ambatomirahavavy,Madagascar
Essen,Belgium
Raita,India
Izra`,Syria
Point Pleasant,United States
Dixon,United States
Pauktaw,Burma
Vila Real de Santo Antonio,Portugal
Ferndale,United States
La Union,Peru
Norton,United States
Tiruvadi,India
Cocos,Brazil
Iselin,United States
Papanduva,Brazil
Guaranesia,Brazil
Senguio,Mexico
Pitt Meadows,Canada
Biswanath Chariali,India
Scituate,United States
Reinach,Switzerland
Gerze,Turkey
Fukusaki,Japan
Ad Dir`iyah,Saudi Arabia
Diamante,Argentina
Siralkoppa,India
Mahbes,Morocco
Cinco Ranch,United States
Billinghurst,Argentina
Kodumba,India
Diepenbeek,Belgium
Passagem Franca,Brazil
Iramala,India
Pljevlja,Montenegro
Ampanety,Madagascar
Trzebinia,Poland
Calne,United Kingdom
Winchester,United States
Saugerties,United States
Ainan,Japan
Lakeway,United States
Contenda,Brazil
La Ligua,Chile
Shemonaikha,Kazakhstan
Kufstein,Austria
Chennirkara,India
Mavinpalli,India
Ashkezar,Iran
Shimokizukuri,Japan
Krymsk,Russia
Ban Mon Pin,Thailand
Baden,Switzerland
Martin Coronado,Argentina
Morauna,India
Shahgarh,India
San Teodoro,Philippines
Prichard,United States
La Union,Colombia
Phayao,Thailand
Cerqueira Cesar,Brazil
Lebach,Germany
Cacahoatan,Mexico
Liberal,United States
Montemurlo,Italy
Gobabis,Namibia
Kingsland,United States
Bierun Stary,Poland
Shahpur,India
Harpur,India
Stord,Norway
Nilambur,India
Taka,Japan
Frimley,United Kingdom
Five Forks,United States
Chautapal,India
Anguillara Sabazia,Italy
Lumbayanague,Philippines
Warwick,United States
Paillaco,Chile
Molesey,United Kingdom
Niagara-on-the-Lake,Canada
Bad Reichenhall,Germany
Mumbwa,Zambia
Beltsville,United States
Butia,Brazil
Chopinzinho,Brazil
Pindobacu,Brazil
Tazishan,China
Cheran,Mexico
Aizumisato,Japan
Menzel Abderhaman,Tunisia
Rizal,Philippines
Cirencester,United Kingdom
Karlshamn,Sweden
Perumkulam,India
Ban Bueng Phra,Thailand
Mahisi,India
Simri,India
Nalua,India
Olivehurst,United States
Ixtlahuacan del Rio,Mexico
Sao Jose de Piranhas,Brazil
Sudbury,United States
Sant'Antonio Abate,Italy
Cardedeu,Spain
Cunco,Chile
Phoenixville,United States
Chinna Ganjam,India
Murugampalaiyam,India
Malanday,Philippines
Sommerda,Germany
Sabanitas,Panama
Hopkinton,United States
Zatec,Czechia
Hindoria,India
Tanbaichicho,Japan
Monkseaton,United Kingdom
East Riverdale,United States
Puranpur,India
Dachepalle,India
Svay Pak,Cambodia
Itaosy,Madagascar
Lejiangxiang,China
Sylvania,United States
Vynnyky,Ukraine
Sheridan,United States
Blankenburg,Germany
Quisqueya,Dominican Republic
Dharmsala,India
Marktoberdorf,Germany
Kovur,India
Bukungu,Uganda
Badger,United States
Taquarana,Brazil
Sorgues,France
Tirmitine,Algeria
Villa Ocampo,Argentina
Gautier,United States
Telpaneca,Nicaragua
Haslett,United States
Rahata,India
Bremervorde,Germany
Norwood,United States
Prenzlau,Germany
Utebo,Spain
Sarauli,India
Wervik,Belgium
Morlanwelz-Mariemont,Belgium
Terrell,United States
Villefontaine,France
Cotija de la Paz,Mexico
Caowotan,China
Dadeldhura,Nepal
Station des Essais M.V.A.,Morocco
Santa Ana Jilotzingo,Mexico
Santa Rosa de Calamuchita,Argentina
Spoltore,Italy
Manjha,India
Horseheads,United States
Fond des Blancs,Haiti
El Bolson,Argentina
Akune,Japan
Agua Branca,Brazil
Ashland,United States
Crowley,United States
Quaregnon,Belgium
Burscheid,Germany
Lagoa de Itaenga,Brazil
Zwijndrecht,Belgium
Durpalli,India
Befandriana Atsimo,Madagascar
Ampataka,Madagascar
Anjahabe,Madagascar
Ambalanirana,Madagascar
Ambatomena,Madagascar
Mitsinjo,Madagascar
Belamoty,Madagascar
Vohimasy,Madagascar
Ifanirea,Madagascar
Tanambe,Madagascar
Ambodinonoka,Madagascar
Miarinavaratra,Madagascar
Ambatosia,Madagascar
Mahazoarivo,Madagascar
Manantenina,Madagascar
Bezaha,Madagascar
Ranomena,Madagascar
Nootdorp,Netherlands
Bajo Boquete,Panama
Shovot,Uzbekistan
Brie-Comte-Robert,France
Augusta,United States
Cafelandia,Brazil
Vista Hermosa de Negrete,Mexico
Yahotyn,Ukraine
Pruzhany,Belarus
Haukipudas,Finland
Kouloum,Mali
Sarangpur,India
Druten,Netherlands
Chapada dos Guimaraes,Brazil
Le Puy-en-Velay,France
Birpur,India
Chinchali,India
Kosatarosh,Tajikistan
Springfield,United States
Barao do Grajau,Brazil
Proletarsk,Russia
Narapala,India
Sukhasan,India
Scorze,Italy
Rufino,Argentina
Juvisy-sur-Orge,France
Kaveripatnam,India
Lebanon,United States
Onex,Switzerland
Ferguson,United States
Caconde,Brazil
Boiro,Spain
Redland,United States
Siripur,India
Koliakkod,India
Sarso,India
Seagoville,United States
Acqui Terme,Italy
Windham,United States
Varidhanam,India
Ban Na Yang,Thailand
Colwood,Canada
Southbourne,United Kingdom
Konstantynow Lodzki,Poland
Chichiriviche,Venezuela
Fox Crossing,United States
El Rosal,Colombia
Saint Peter Port,Guernsey
Carei,Romania
Sarsawa,India
Tamman,Pakistan
Makronia,India
Krommenie,Netherlands
Chilkuru,India
San Ignacio Cerro Gordo,Mexico
Ansonia,United States
Krizevci,Croatia
Atacames,Ecuador
Pitseng,Lesotho
El Malah,Algeria
Guru Har Sahai,India
Motomachi,Japan
San Gabriel,Philippines
Aikaranad,India
Cumberland,United States
Neviges,Germany
Casalgrande,Italy
Lakhnadon,India
Weissenburg,Germany
Laatatra,Morocco
Ayvacik,Turkey
Middlesex Centre,Canada
Desavilakku,India
Monserrato,Italy
Barauna,Brazil
Eiheiji,Japan
Knik-Fairview,United States
Nakasi,Fiji
Elamattur,India
Zuidhorn,Netherlands
Ardon,Russia
Ab Pakhsh,Iran
Ellensburg,United States
Ismailpur,India
Onalaska,United States
Kotekara,India
Ranbirsinghpura,India
Tado,Colombia
Lagoa Formosa,Brazil
Fakfak,Indonesia
Sironko,Uganda
Beshkent Shahri,Uzbekistan
Shirin,Uzbekistan
Milton,United States
Mo i Rana,Norway
Mebane,United States
Utazu,Japan
Somandepalle,India
Nayagarh,India
Cullman,United States
Gatada,India
Vitre,France
Bad Segeberg,Germany
Gardhabaer,Iceland
Prestatyn,United Kingdom
Madalag,Philippines
Nanjanad,India
Amares,Portugal
Henichesk,Ukraine
Palestine,United States
Guarei,Brazil
Eastwood,United Kingdom
Hemmingen,Germany
Ezhamkulam,India
Gentilly,France
Sugaon,India
Kasterlee,Belgium
Formoso do Araguaia,Brazil
Jaggampeta,India
Pozzallo,Italy
Hun,Libya
Lagawe,Philippines
Chowchilla,United States
Korsimoro,Burkina Faso
Guisborough,United Kingdom
Signa,Italy
Ap Khanh Hung,Vietnam
Ploemeur,France
Malazgirt,Turkey
Kalmthout,Belgium
Ajacuba,Mexico
Massaguet,Chad
Groesbeek,Netherlands
Altamira,Dominican Republic
Kabbur,India
Virapandi,India
Sidi Yakoub,Morocco
Varapatti,India
Arita,Japan
San Sebastian de Buenavista,Colombia
Lansdale,United States
Aridaia,Greece
Kottakota,India
Duero,Philippines
Conceicao,Brazil
Mont-Saint-Hilaire,Canada
Traiskirchen,Austria
Naaldwijk,Netherlands
Moul El Bergui,Morocco
Malloussa,Morocco
Larne,United Kingdom
Malimono,Philippines
Horizontina,Brazil
Felanitx,Spain
Anzoategui,Colombia
Veternik,Serbia
Winder,United States
Fihaonana,Madagascar
Guachucal,Colombia
White Oak,United States
Kara-Kol,Kyrgyzstan
Oirschot,Netherlands
Varzelandia,Brazil
Zahana,Algeria
Dukli,India
Ben 'Aknoun,Algeria
Nakhl-e Taqi,Iran
Chelmno,Poland
Acri,Italy
Tradate,Italy
Pinole,United States
Barcelos,Brazil
Bad Berleburg,Germany
Cusano Milanino,Italy
La Marque,United States
Qitai,China
Gibsonton,United States
Dzuunharaa,Mongolia
Las Terrenas,Dominican Republic
Edam,Netherlands
Khetia,India
Nunungan,Philippines
Sao Jose da Coroa Grande,Brazil
Somerset East,South Africa
Radeberg,Germany
Camarate,Portugal
Odzak,Bosnia and Herzegovina
Bad Durkheim,Germany
Carlos Spegazzini,Argentina
Villa Nueva,Argentina
Ascencion de Guarayos,Bolivia
Sebaste,Philippines
Caraubas,Brazil
Hochheim am Main,Germany
Sabalpur,India
Velez,Colombia
Purushottampur,India
Cimarron Hills,United States
Winthrop,United States
Talsint,Morocco
Brownwood,United States
St. Marys,United States
Martinsburg,United States
Udumanthala,India
Malacky,Slovakia
Huehuetla,Mexico
Pastos Bons,Brazil
Shimomura,Japan
Abdurahmoni Jomi,Tajikistan
Dusti,Tajikistan
Hazorasp,Uzbekistan
Ware,United Kingdom
Diallassagou,Mali
Xinhua,China
Hala,China
Ibirataia,Brazil
Arilje,Serbia
Bogazliyan,Turkey
Tocaima,Colombia
Meylan,France
Ban Bang Rin,Thailand
Alzenau in Unterfranken,Germany
Taft,Philippines
Weirton,United States
Jwaneng,Botswana
La Nucia,Spain
Terra Santa,Brazil
Kralupy nad Vltavou,Czechia
Itajuipe,Brazil
Owego,United States
Sompeta,India
Corbetta,Italy
Ban Bo Haeo,Thailand
Uetersen,Germany
Heerde,Netherlands
Clive,United States
Antotohazo,Madagascar
Madeley,United Kingdom
Triolet,Mauritius
Camrose,Canada
Kabala,Sierra Leone
Zlotow,Poland
Maranchi,India
Presidente Olegario,Brazil
Donihue,Chile
Laukaa,Finland
Villa Rica,Colombia
San Celoni,Spain
Ayyampettai,India
Birnagar,India
Wisconsin Rapids,United States
Retiro,Chile
Bergeijk,Netherlands
San Juan Ermita,Guatemala
Nanthankulam,India
Kurumbapalaiyam,India
Rutherford,United States
Koporo-Kenie-na,Mali
Kiliia,Ukraine
Altonia,Brazil
Harihans,India
Elizabeth City,United States
Hatfield,United States
Melmuri,India
San Lorenzo de El Escorial,Spain
Los Lagos,Chile
San Rafael La Independencia,Guatemala
Adliswil,Switzerland
Schlieren,Switzerland
Sendamaram,India
Paglat,Philippines
Gunri,India
Guadix,Spain
Gorele,Turkey
Eragny,France
Ozorkow,Poland
Thomasville,United States
Fuente-Alamo de Murcia,Spain
Marshfield,United States
Junin de los Andes,Argentina
Tlalnelhuayocan,Mexico
Kljuc,Bosnia and Herzegovina
Ottawa,United States
Snina,Slovakia
Dhariwal,India
Aroeiras,Brazil
Salamina,Colombia
Hednesford,United Kingdom
Vadakkangara,India
Choghadak,Iran
Djidian,Mali
Midlothian,United States
Peduasi,Ghana
Aburi,Ghana
Abong Mbang,Cameroon
Qo'shko'pir,Uzbekistan
Lupeni,Romania
Tyele,Mali
Hopkins,United States
Tsivory,Madagascar
Balilihan,Philippines
Ashland,United States
Qaryat al Qi`an,Libya
Country Walk,United States
Valle,Ecuador
Nefas Mewch'a,Ethiopia
Perunturuttu,India
Ocean Acres,United States
Anderanboukan,Mali
Areia Branca,Brazil
Majdanpek,Serbia
Steiner Ranch,United States
Middelburg,South Africa
Matteson,United States
Riom,France
Ceglie Messapico,Italy
Zapote,Costa Rica
Alfeld,Germany
Leicester,Sierra Leone
Kinzau-Vuete,Congo (Kinshasa)
Doura,Guinea
Togba,Benin
Afranio,Brazil
Sao Raimundo das Mangabeiras,Brazil
Mansa Konko,"Gambia, The"
Blooming Grove,United States
Sonhauli,India
Altus,United States
Maryland City,United States
Lakhna,India
Almel,India
Rishivandiyam,India
Tarifa,Spain
Lelydorp,Suriname
Schwalmstadt,Germany
Meerssen,Netherlands
Jasidih,India
Broughty Ferry,United Kingdom
Samma,Jordan
Kavalerovo,Russia
Glinde,Germany
Siyazan,Azerbaijan
Renningen,Germany
Soalkuchi,India
Molakalumuru,India
Andrychow,Poland
Selwyn,Canada
Elumalai,India
Cambridge,New Zealand
Alsip,United States
San Julian,El Salvador
Villaquilambre,Spain
Laualagaon,India
Khamir,Yemen
Carnaiba,Brazil
Ras el Ma,Algeria
Kangazha,India
Telwa,India
Adria,Italy
Creve Coeur,United States
Aldama,Mexico
Futog,Serbia
Basatpur,India
Mukkanur,India
Enkhuizen,Netherlands
Kilmangalam,India
Bonanza,Nicaragua
Manikkal,India
Lede,Belgium
Ribeirao Branco,Brazil
Chakur,India
Manakayi,India
Ubaira,Brazil
Sanharo,Brazil
Vellmar,Germany
Bergneustadt,Germany
Ballincollig,Ireland
Londerzeel,Belgium
Seara,Brazil
Pastavy,Belarus
Vanino,Russia
Medjedel,Algeria
Carlos Chagas,Brazil
Volketswil,Switzerland
Tillsonburg,Canada
Onga,Japan
Mullach Ide,Ireland
Stannington,United Kingdom
Reriutaba,Brazil
Nea Erythraia,Greece
Nelidovo,Russia
Ajnala,India
Corinto,Nicaragua
Qutan,China
Sao Gabriel,Brazil
Saylac,Somalia
Toshloq,Uzbekistan
Leposaviq,Kosovo
Miyatoko,Japan
San Miguel,Philippines
Timoktene,Algeria
Kalugumalai,India
Antombana,Madagascar
Majhua,India
Valavanur,India
Round Lake,United States
Al Jawf,Libya
Huercal de Almeria,Spain
Sebikhotane,Senegal
Jalakandapuram,India
San Mauro Torinese,Italy
Skara,Sweden
Hem,France
Shika,Japan
Illertissen,Germany
Rhynern,Germany
Arcata,United States
Mohana,India
Liuma,China
Bensenville,United States
Liancourt,Haiti
Narangba,Australia
Kasongan,Indonesia
Kronberg,Germany
Bougtob,Algeria
Tomaszow Lubelski,Poland
Miracema do Tocantins,Brazil
Paluan,Philippines
San Sebastian Salitrillo,El Salvador
Erumakkuzhi,India
Zhosaly,Kazakhstan
Pizarro,Colombia
Bhadaur,India
Ocean Springs,United States
Ebbw Vale,United Kingdom
Coronado,United States
Hoppegarten,Germany
Hessisch Oldendorf,Germany
Boom,Belgium
Mingjiujie,China
Leteri,India
Morros,Brazil
Miracatu,Brazil
Zakiyah,Syria
Lessines,Belgium
Matipo,Brazil
Kumbhraj,India
Santa Brigida,Spain
Mennzel Bou Zelfa,Tunisia
Wheatfield,United States
Mellacheruvu,India
Shaogang,China
Ban Mae Kha Tai,Thailand
Ban Mae Hia Nai,Thailand
Orhaneli,Turkey
Tarrega,Spain
Konz,Germany
Kothia,India
Ait Majdane,Morocco
Preakness,United States
Morro da Fumaca,Brazil
Lahnstein,Germany
Kulu,India
Colina,Brazil
San Diego,Colombia
Stabroek,Belgium
Santander,Philippines
Ba,Fiji
Rohar,India
Sokolow Podlaski,Poland
Goffstown,United States
Thalwil,Switzerland
Asuncion Nochixtlan,Mexico
Lodhwe,India
Foxborough,United States
Tessenderlo,Belgium
Guanzhai,China
Kharabali,Russia
Santa Cruz Zenzontepec,Mexico
Bilar,Philippines
Franklin Farm,United States
Galhinna,Sri Lanka
Tadikonda,India
Madre de Deus,Brazil
Anicuns,Brazil
Tatsuno,Japan
Palaiyampatti,India
Barentu,Eritrea
Appley Bridge,United Kingdom
Hassleholm,Sweden
Buikwe,Uganda
Moissy-Cramayel,France
Rawmarsh,United Kingdom
Ghedi,Italy
Kirovgrad,Russia
Potirendaba,Brazil
Vechelde,Germany
Ammon,United States
Rhaude,Germany
Bitkine,Chad
Seabrook,United States
Misato,Japan
Panama City Beach,United States
Kalynivka,Ukraine
Oxon Hill,United States
Chubek,Tajikistan
Busovaca,Bosnia and Herzegovina
Glenvar Heights,United States
Gelligaer,United Kingdom
Staines-upon-Thames,United Kingdom
Unquillo,Argentina
Zagarolo,Italy
Pinas,Ecuador
Fatima,Brazil
Crimmitschau,Germany
Castaic,United States
Sirvel,India
Sharon,United States
Fushe-Kruje,Albania
Kherameh,Iran
Ajaigarh,India
Tinoc,Philippines
Giszowiec,Poland
Nederland,United States
Tirmalgiri,India
Qasr-e Shirin,Iran
Chernogolovka,Russia
Zephyrhills,United States
Bedlington,United Kingdom
Sacavem,Portugal
Alcantara,Brazil
El Astillero,Spain
Cognac,France
Hostomel,Ukraine
Taft,Iran
Castel Maggiore,Italy
Catak,Turkey
Kotancheri,India
Kunitomi,Japan
North Decatur,United States
Greene,United States
Pio IX,Brazil
Kannapuram,India
Osku,Iran
Nara,Mali
Lagoa da Canoa,Brazil
Sarikaya,Turkey
Centralia,United States
Od,India
Kariyapatti,India
Mill Hill,United Kingdom
Matelandia,Brazil
Fort Carson,United States
Shimokodanaka,Japan
Ngolonianasso,Mali
Narlica,Turkey
Coalcoman de Vasquez Pallares Uno,Mexico
Coalcoman de Vazquez Pallares,Mexico
Lodeynoye Pole,Russia
Newburyport,United States
Haaltert,Belgium
Newton,United States
Achocalla,Bolivia
Kassaro,Mali
Jucuapa,El Salvador
Hellemmes-Lille,France
Fairwood,United States
Zhangshicun,China
Baena,Spain
Choi Hung,Hong Kong
Astrea,Colombia
Dumjor,India
Baliangao,Philippines
Ponedera,Colombia
Staveley,United Kingdom
Khotyn,Ukraine
Mukkudal,India
Dover,United States
Sudley,United States
Montrouis,Haiti
Castelfidardo,Italy
Loreto,Paraguay
San Vicente Pacaya,Guatemala
Fatick,Senegal
Devadanappatti,India
Basse Santa Su,"Gambia, The"
Unhel,India
Hardinxveld-Giessendam,Netherlands
Belo Campo,Brazil
Arroyo Grande,United States
Pomaz,Hungary
El Alia,Tunisia
Tordera,Spain
Tilothu,India
San Blas Atempa,Mexico
Worth am Rhein,Germany
Vlotho,Germany
Quitandinha,Brazil
Kumarapuram,India
Szamotuly,Poland
Santa Marinella,Italy
Langen,Germany
Srikhanda,India
Tallmadge,United States
Inhapi,Brazil
East Goshen,United States
Aragarcas,Brazil
Tinajeros,Philippines
Longjia,China
Oconomowoc,United States
Rio Maria,Brazil
Bhawanipur,India
Itapororoca,Brazil
Pornic,France
Sanpaicun,China
Bracciano,Italy
Albert Lea,United States
Walcourt,Belgium
Straseni,Moldova
Cesario Lange,Brazil
North Aurora,United States
Bellwood,United States
Cuautitlan,Mexico
Clonmel,Ireland
Qatlupur,India
Mumford,Ghana
Ronkonkoma,United States
Agarpur,India
Filomeno Mata,Mexico
Baependi,Brazil
Santiago Ixcuintla,Mexico
New River,United States
Sao Benedito do Rio Preto,Brazil
Chateauneuf-les-Martigues,France
Olten,Switzerland
Noci,Italy
Chhoti Sadri,India
Novyy Oskol,Russia
Brook Park,United States
Krasyliv,Ukraine
Porto Real do Colegio,Brazil
Campo de la Cruz,Colombia
Stekene,Belgium
San Rafael Pie de la Cuesta,Guatemala
Cagdianao,Philippines
Ferguson,United States
Saladas,Argentina
Ammapettai,India
Louviers,France
Almondbury,United Kingdom
Nari Bhadaun,India
Buenavista,Colombia
Cortes,Philippines
Sendarappatti,India
Mineros,Bolivia
Bonneuil-sur-Marne,France
Mirante do Paranapanema,Brazil
Capoeiras,Brazil
Daryabad,India
Caldas de Montbuy,Spain
Pembroke,United States
Xintian,China
Picui,Brazil
Anandpur,India
Novopavlovka,Kyrgyzstan
Rizal,Philippines
Szigethalom,Hungary
Cran-Gevrier,France
Berea,United States
Memuro-minami,Japan
Sandare,Mali
South Fayette,United States
Shaoyu,China
Nuuk,Greenland
Skydra,Greece
Bayshore Gardens,United States
Karuppur,India
Pathum Thani,Thailand
Tha Bo,Thailand
Melzo,Italy
San Jose Tenango,Mexico
Plymouth,United States
Talata-Volonondry,Madagascar
Riachao do Dantas,Brazil
Pully,Switzerland
Faches-Thumesnil,France
Cherial,India
Pontalina,Brazil
Morretes,Brazil
Gerd Faramarz Shahediyeh,Iran
Abrandabad-e Shahediyeh,Iran
Kitagata,Japan
Nossombougou,Mali
Nehbandan,Iran
Mangualde,Portugal
Fairmont,United States
Belem de Sao Francisco,Brazil
Niles,United States
Hadleigh,United Kingdom
Do'stlik Shahri,Uzbekistan
South Orange Village,United States
Sint-Genesius-Rode,Belgium
Chennevieres-sur-Marne,France
Ommen,Netherlands
Volochysk,Ukraine
Colonia,United States
Rutigliano,Italy
Aveiro,Brazil
Bischheim,France
Taung,South Africa
Lake Ronkonkoma,United States
Sakoueba,Mali
Lenoir,United States
Navraftor,Tajikistan
East St. Louis,United States
Fomboni,Comoros
Santa Fe,Philippines
Paraibano,Brazil
Rampur,India
Syosset,United States
Mannara,India
Kristiansund,Norway
Hampton,United States
Rosendael,France
Bni Bouayach,Morocco
Parchim,Germany
Karcag,Hungary
Kasba Maker,India
Jussara,Brazil
Paraibuna,Brazil
Lake Shore,United States
Yupiltepeque,Guatemala
Siloe,Lesotho
Shenandoah,United States
Sahel,Morocco
Luz,Brazil
Ban Mai,Thailand
Monte Cristo,Argentina
Regensdorf,Switzerland
Fanipal',Belarus
Yoichi,Japan
San Carlos Park,United States
Ansfelden,Austria
Mulanur,India
Shuangluan,China
Asakapalle,India
Mathurapur,India
Somerset,United States
Shaw,United Kingdom
Pisz,Poland
Johnstown,United States
Puttlingen,Germany
Narayankher,India
Plast,Russia
Sycamore,United States
Monforte de Lemos,Spain
Trenton,United States
Sivandipuram,India
Santa Iria da Azoia,Portugal
Bonen,Germany
Carrigaline,Ireland
Had Zraqtane,Morocco
Comodoro,Brazil
Kanp,India
Harnosand,Sweden
Calera de Tango,Chile
Priozersk,Russia
Fulwood,United Kingdom
Franklin Park,United States
Antanambao,Madagascar
Malaga,Colombia
Thala,Tunisia
Eski-Nookat,Kyrgyzstan
Mount Washington,United States
Kottukal,India
Surovikino,Russia
Julio de Castilhos,Brazil
Manga,Brazil
Budrio,Italy
Concord,United States
Galaat el Andeless,Tunisia
Dolynska,Ukraine
Mahiari,India
Sveta Nedjelja,Croatia
Baixa Grande,Brazil
Bronte,Italy
Semdinli,Turkey
Pijijiapan,Mexico
Zielonka,Poland
Bani Hasan ash Shuruq,Egypt
Taqah,Oman
Shorewood,United States
Nazare Paulista,Brazil
Farias Brito,Brazil
Bettioua,Algeria
Taku,Japan
Gameleira,Brazil
Sipacate,Guatemala
Stillorgan,Ireland
Tirunageswaram,India
Sahna,India
Gaocun,China
Filadelfia,Paraguay
Colonial Heights,United States
Sikhio,Thailand
Nigran,Spain
North Babylon,United States
Serrita,Brazil
Blindio,Mali
Bogotol,Russia
Amaraji,Brazil
Kudatini,India
Dagana,Senegal
Budhni,India
Kishi,Japan
Shaying,China
Buchen in Odenwald,Germany
Konskie,Poland
Santiago de Maria,El Salvador
Bet She'an,Israel
Schrobenhausen,Germany
Woodmere,United States
Ranquitte,Haiti
Kiangara,Madagascar
Concord,United States
Griffith,Australia
Bideford,United Kingdom
Udaipura,India
Gorham,United States
Pelham,Canada
Lora del Rio,Spain
Manchester,United States
Bedesa,Ethiopia
Sarvestan,Iran
`Anbarabad,Iran
Spanish Lake,United States
Rikuzen-Takata,Japan
Oyama,Japan
Laurel,United States
Solonopole,Brazil
Dapi,Taiwan
Washington,United States
Quibaxi,Angola
Taufkirchen,Germany
Aldo Bonzi,Argentina
Mohiuddinnagar,India
Warminster,United Kingdom
North Druid Hills,United States
Gossau,Switzerland
Vredendal,South Africa
Bluffdale,United States
Kadan,Czechia
Tummalapenta,India
Bhadrapur,Nepal
Meishan,Taiwan
Redhill,United Kingdom
Laives,Italy
Amsterdam,United States
Kottapalle,India
Asane,Norway
Petawawa,Canada
Heusweiler,Germany
Zinvie,Benin
Xochiatipan de Castillo,Mexico
Qishe,China
El Achir,Algeria
Heckmondwike,United Kingdom
Lavasan,Iran
Nyandoma,Russia
Inga,Brazil
San Antonio del Golfo,Venezuela
Steubenville,United States
Riacho das Almas,Brazil
Trujillo,Colombia
Franconia,United States
Citluk,Bosnia and Herzegovina
Piatykhatky,Ukraine
Palos Hills,United States
Frankenberg,Germany
Minamishibetsucho,Japan
Pinecrest,United States
Pinabacdao,Philippines
Yoshimi,Japan
Palanga,Lithuania
Una,Brazil
Southeast,United States
Gangwuzhen,China
Tominian,Mali
Menasha,United States
Svilengrad,Bulgaria
Beerse,Belgium
San Pedro,Colombia
Sigmaringen,Germany
Sangre Grande,Trinidad and Tobago
Dumri,India
Jora Khurd,India
Colonial Park,United States
Bagnols-sur-Ceze,France
Ouankoro,Mali
Cirie,Italy
Itacare,Brazil
Pottanur,India
Feyzabad,Iran
Terra Roxa d'Oeste,Brazil
Barhampur,India
White Settlement,United States
Ambiula,Angola
Raisari,India
Kreminna,Ukraine
Coronda,Argentina
Poulton le Fylde,United Kingdom
Nea Makri,Greece
Rampur,India
Yaiza,Spain
Convencion,Colombia
Guardamar del Segura,Spain
Gandarbal,India
Polohy,Ukraine
Bazhou,China
Manikpur,India
Paharpur,India
Bourbonnais,United States
Campos Belos,Brazil
Mure,Japan
Wallingford Center,United States
Varjota,Brazil
Binh Minh,Vietnam
Sevierville,United States
Maoussa,Algeria
Pavullo nel Frignano,Italy
San Vito dei Normanni,Italy
Canby,United States
Borgo San Lorenzo,Italy
Concepcion de Ataco,El Salvador
Berkhampstead,United Kingdom
Cofradia,Honduras
Kikube,Uganda
Belterra,Brazil
Manilva,Spain
McAlester,United States
Thorne,United Kingdom
Siloam Springs,United States
Bry-sur-Marne,France
Yershov,Russia
Dolny Kubin,Slovakia
Tora,India
Chapelle,Haiti
Antonina,Brazil
Ait Tamlil,Morocco
Featherstone,United Kingdom
Burlington,United States
General Juan Madariaga,Argentina
Heguri,Japan
Brenham,United States
Calenzano,Italy
Dobrush,Belarus
Barikot,Nepal
Agua Azul do Norte,Brazil
Kopa,India
Grossenhain,Germany
Cesson-Sevigne,France
Neftegorsk,Russia
Johnstown,United States
Hendaye,France
Arajpur,India
Wandsworth,United Kingdom
Dumont,United States
Mayorga,Philippines
Soisy-sous-Montmorency,France
Ricaurte,Colombia
Kety,Poland
Pedra Preta,Brazil
Manyas,Turkey
Sao Tiago de Custoias,Portugal
Luganville,Vanuatu
Tottiyam,India
Bidestan,Iran
Kotta Kalidindi,India
Phelan,United States
Slyudyanka,Russia
Stuart,United States
Sanderao,India
Tlacoachistlahuaca,Mexico
Ambala,India
Louny,Czechia
San Vicente,Colombia
Badkulla,India
Libjo,Philippines
Myslenice,Poland
Bhambia Bhai,India
Middelharnis,Netherlands
Annakunnu,India
Pataskala,United States
Vilavur,India
Buadiposo-Buntong,Philippines
Taperoa,Brazil
Timri,India
Chodziez,Poland
Ismaning,Germany
Cohoes,United States
Halstenbek,Germany
Sunbury,United Kingdom
Carmelo,Uruguay
Abangaritos,Costa Rica
Mwanza,Malawi
North Massapequa,United States
Freilassing,Germany
Bou Izakarn,Morocco
Gainesville,United States
Cristinapolis,Brazil
San Pedro,Colombia
Targu Neamt,Romania
Porto Novo,Cabo Verde
Concord,United States
Schwechat,Austria
Destelbergen,Belgium
Gidi,India
Valenza,Italy
Piossasco,Italy
Matigou,China
Hranice,Czechia
Koratagere,India
Lakshmaneswaram,India
General Las Heras,Argentina
Bobingen,Germany
Ulao,India
Ecully,France
Banbalah,Tunisia
Itabera,Brazil
Fundao,Brazil
Beverley,United Kingdom
Jasien,Poland
New Castle,United States
Campina Verde,Brazil
Toyono,Japan
Marsciano,Italy
Marcos,Philippines
Rwamagana,Rwanda
Patiriyat,India
Scarsdale,United States
Biro,Benin
Sakri,India
Qal`ah-ye Zal,Afghanistan
General Deheza,Argentina
Al Hamalah,Bahrain
Ad Diraz,Bahrain
Doruma,Congo (Kinshasa)
Mickleover,United Kingdom
Gondar,India
Tankara,India
Ghogaon,India
Mahraurh,India
Tall Qasab,Iraq
Dbaiye,Lebanon
Antsampanimahazo,Madagascar
Antanambe,Madagascar
Manampatrana,Madagascar
Alakamisy,Madagascar
Maroteza,Madagascar
Bemahatazana-Belobaka,Madagascar
Vohilengo,Madagascar
Amboahangibe,Madagascar
Mahazoma,Madagascar
Ambongo,Madagascar
Alatsinainy Ialamarina,Madagascar
Analaiva,Madagascar
Maroaloka,Madagascar
Belobaka,Madagascar
Ankofa,Madagascar
Matsakabanja,Madagascar
Ambovombe Afovoany,Madagascar
Tsianisiha,Madagascar
Beantake,Madagascar
Behenjy,Madagascar
Tranoroa,Madagascar
Athar,India
Giroc,Romania
Farmington,United States
Kamienna Gora,Poland
Amvrosiivka,Ukraine
Batie,Burkina Faso
Munguia,Spain
Kolonodale,Indonesia
Lamrasla,Morocco
Serra Preta,Brazil
Whitestown,United States
Tyagadurgam,India
Aci Sant'Antonio,Italy
Bombon,Philippines
Stony Plain,Canada
Pinehurst,United States
San Alejo,El Salvador
Oak Bay,Canada
Hijuelas,Chile
San Cristobal Cucho,Guatemala
Ariccia,Italy
Le Pontet,France
Nizhnyaya Tura,Russia
Torredembarra,Spain
Lagoa do Carro,Brazil
Kosvik,Norway
Cuquio,Mexico
Towamencin,United States
Sivagiri,India
Sukhsena,India
Rampur Tilak,India
Rajmahal,India
Terenure,Ireland
Aanekoski,Finland
Szazhalombatta,Hungary
Carvin,France
Dizicheh,Iran
Konakli,Turkey
Antenor Navarro,Brazil
Melegnano,Italy
Cudahy,United States
Wantagh,United States
North Grenville,Canada
Sapeacu,Brazil
Santo Anastacio,Brazil
Chaita,India
Kegalle,Sri Lanka
Fecamp,France
Payyannur,India
Souba,Mali
Kivsharivka,Ukraine
Jadcherla,India
Stanford,United States
Torit,South Sudan
Doylestown,United States
Ranzan,Japan
Bodegraven,Netherlands
Almeria,Philippines
Ben Daoud,Algeria
Heinola,Finland
Erumapalaiyam,India
Koula,Mali
Bucay,Philippines
Barvala,India
Haren,Netherlands
Mukondapalli,India
Flora,Philippines
Loyalist,Canada
Stilfontein,South Africa
Yeddumailaram,India
Anoka,United States
Floirac,France
Colne,United Kingdom
Miyauchi,Japan
Falkoping,Sweden
Sanary-sur-Mer,France
Delran,United States
Agliana,Italy
Kuchinda,India
Los Lunas,United States
Saint-Egreve,France
Quipapa,Brazil
Pontarlier,France
Tres de Mayo,Paraguay
Mount Holly,United States
Manthani,India
Cortes,Philippines
Texistepeque,El Salvador
Lqoliaa,Morocco
Luneville,France
Palmi,Italy
Gitagum,Philippines
Olho d'Agua das Cunhas,Brazil
Kafr al Ma',Jordan
Ashtabula,United States
Portsmouth,United States
El Reno,United States
Coltauco,Chile
Kapsabet,Kenya
Paks,Hungary
Shirosato,Japan
Conyers,United States
Union de San Antonio,Mexico
Roulia,Pakistan
Deux-Montagnes,Canada
Ituacu,Brazil
Sangenjo,Spain
Narni,Italy
Pelaya,Colombia
Parole,United States
Mabehiri,CÙte d'Ivoire
Khokha,India
Wadowice,Poland
Sidi Redouane,Morocco
Manambaro,Madagascar
Saatli,Azerbaijan
Nyborg,Denmark
Sorochinsk,Russia
Kostrzyn nad Odra,Poland
Nao-Me-Toque,Brazil
Filadelfia,Brazil
Nguigmi,Niger
Zapotlan del Rey,Mexico
Sint-Oedenrode,Netherlands
Silvani,India
Pudunagaram,India
Murambi,Rwanda
Bafanji,Cameroon
Sanghera,India
Veldurti,India
Puquio,Peru
Cal,Turkey
Mount Eliza,Australia
Murray,United States
Yuanquan,China
Kukmor,Russia
Ptuj,Slovenia
Ban Tha Kham,Thailand
Guapiara,Brazil
Gaoniang,China
Hybla Valley,United States
Santa Cruz Naranjo,Guatemala
Vilattikulam,India
Cary,United States
El Bordj,Algeria
Oroszlany,Hungary
Ramsbottom,United Kingdom
Tolentino,Italy
Zuhres,Ukraine
Patar,Tajikistan
Vordingborg,Denmark
Segue,Mali
Pimentel,Dominican Republic
Chortiatis,Greece
Marturu,India
Pachmir,India
Marwa,India
San Kamphaeng,Thailand
Hidrolandia,Brazil
Ourem,Brazil
Loay,Philippines
Balta,Ukraine
Vissannapeta,India
Aci Castello,Italy
Shirali,India
Ambohitralanana,Madagascar
Keszthely,Hungary
Porto Grande,Brazil
Edessa,Greece
Zaouia Ait Ishak,Morocco
Brignoles,France
Aguas Formosas,Brazil
Sidi Kada,Algeria
Sing Buri,Thailand
Savignano sul Rubicone,Italy
Marabut,Philippines
Itapiuna,Brazil
Kristinehamn,Sweden
Jiadong,Taiwan
Harper,Liberia
San Bartolo Tutotepec,Mexico
Anacortes,United States
Ribera,Italy
Baymak,Russia
Pelahiivka,Ukraine
Policoro,Italy
Timbedgha,Mauritania
Naousa,Greece
Goshaingaon,India
Parede,Portugal
Bredene,Belgium
Weilerswist,Germany
Salaspils,Latvia
Leczna,Poland
Glossop,United Kingdom
Arcore,Italy
Yakacik,Turkey
Villa Corona,Mexico
Blythe,United States
Hope Mills,United States
Mengjiacun,China
Lumbreras,Spain
Las Heras,Argentina
Sao Luis Gonzaga do Maranhao,Brazil
Carate Brianza,Italy
Blaj,Romania
Bay City,United States
Guayama,Puerto Rico
Tiffin,United States
Itanhem,Brazil
Mazapil,Mexico
Pariharpur,India
Muttenz,Switzerland
Oberasbach,Germany
Southbridge,United States
Steinbach,Canada
Salgar,Colombia
Seyah Cheshmeh,Iran
Santa Fe,Philippines
Fontaine-l'Eveque,Belgium
Gazantarak,Tajikistan
Dhansaria,India
Feilding,New Zealand
Vobkent Shahri,Uzbekistan
Herenfa,Algeria
Bagahi,India
Villa Rica,United States
Alice,United States
Vennandur,India
San Rafael,Philippines
Jovellar,Philippines
Ostroda,Poland
Jucurutu,Brazil
Ponmana,India
Shichigahama,Japan
Aminpur,India
Portchester,United Kingdom
San Rafael del Norte,Nicaragua
Mankara,India
Berlin,El Salvador
Arakkapadi,India
Cordenons,Italy
Mooirivier,South Africa
Anda,Philippines
Monthey,Switzerland
Khasab,Oman
Dhamaun,India
Dastgerd,Iran
Willimantic,United States
Varvarin,Serbia
Nidda,Germany
Lancut,Poland
Vise,Belgium
Somma Lombardo,Italy
Tall `Aran,Syria
Ash Shaykhan,Iraq
Logansport,United States
Agua Blanca,Guatemala
Klaeng,Thailand
Werdohl,Germany
Cairu,Brazil
Or `Aqiva,Israel
Clemson,United States
Penn,United States
Kreuzau,Germany
North Valley Stream,United States
Mahis,Jordan
Ostermundigen,Switzerland
Arco,Italy
Dergaon,India
Eslov,Sweden
Pokrov,Russia
Hlybokaye,Belarus
Kuttalam,India
Horodok,Ukraine
North Canton,United States
Manzanares,Spain
Trossingen,Germany
Chitipa,Malawi
Koping,Sweden
Godfrey,United States
Toba,Japan
Portsmouth,United States
Saint-Colomban,Canada
Dianopolis,Brazil
Freudenberg,Germany
Stowbtsy,Belarus
Qal'at Mgouna,Morocco
Vysokaya Gora,Russia
Dniprorudne,Ukraine
Reni,Ukraine
Troy,United States
Kodiyeri,India
Nikshahr,Iran
Liulin,China
Laukaha,India
Sapucaia,Brazil
Erjie,China
Susner,India
Estancia Pozo Colorado,Paraguay
Herzele,Belgium
West Columbia,United States
Forst (Lausitz),Germany
Calverton,United States
Ban Mae Ngon Khilek,Thailand
Pirapemas,Brazil
East Lampeter,United States
Manno,Japan
Domodossola,Italy
Rockland,United States
Broken Hill,Australia
Balaguer,Spain
Garches,France
Dialafara,Mali
Major Isidoro,Brazil
Numbrecht,Germany
Zaltan,Libya
Ashton,New Zealand
Ngora,Uganda
Kharhial,India
Digne-les-Bains,France
Mallapalli,India
Holly Springs,United States
Miramichi,Canada
Saint-Maximin-la-Sainte-Baume,France
Kiangan,Philippines
Vettavalam,India
Miaojiaping,China
Kalyanpur Bamaiya,India
Kaspiysk,Russia
Vrede,South Africa
Gainesville,United States
Ban Houayxay,Laos
Oulmes,Morocco
Starodub,Russia
Glassmanor,United States
Damme,Germany
Florina,Greece
Maripad,India
Harwich,United Kingdom
Palanan,Philippines
Bad Worishofen,Germany
Dourbali,Chad
Natchitoches,United States
Panorama,Greece
Tillmans Corner,United States
Bechem,Ghana
Dugo Selo,Croatia
Dumri,India
Mairi,Brazil
Webster,United States
South Ockendon,United Kingdom
Moreton,United Kingdom
Levin,New Zealand
Kitahiroshima,Japan
Norcross,United States
Beni Fouda,Algeria
Duffel,Belgium
Minquan,China
Bexbach,Germany
Biliran,Philippines
El Omaria,Algeria
Jaguaripe,Brazil
Whittlesey,United Kingdom
Vandalur,India
Yumurtalik,Turkey
Tohoue,Benin
Pianoro,Italy
Monzon,Spain
Fern Down,United Kingdom
Tabara Arriba,Dominican Republic
Fornaka,Algeria
Pirapora do Bom Jesus,Brazil
Daimiel,Spain
Kappiyara,India
Fanandrana,Madagascar
Lemont,United States
Arsanjan,Iran
Valluvandad,India
Vettikattiri,India
San Jose,Philippines
Sao Miguel do Tapuio,Brazil
Abare,Brazil
Dingjiagouxiang,China
Bad Sackingen,Germany
Cerrillos,Argentina
Carire,Brazil
Pupri,India
Manullahpatti,India
Tabernes de Valldigna,Spain
Stegen,Switzerland
Oborniki,Poland
Ban Mae Ka Hua Thung,Thailand
Zhukovka,Russia
La Primavera,Colombia
Rugeley,United Kingdom
Pinili,Philippines
Gostynin,Poland
Kalach,Russia
Kotsyubyns'ke,Ukraine
Lobogo,Benin
Longjia,China
Yayas de Viajama,Dominican Republic
Naklo nad Notecia,Poland
Karacasu,Turkey
Colbun,Chile
Sao Francisco de Assis,Brazil
Vittal,India
Benito Juarez,Mexico
Ambolomadinika,Madagascar
Sokolka,Poland
Belakoba,India
Port Washington,United States
Iskilip,Turkey
Totoro,Colombia
Omallur,India
Sam Phran,Thailand
Calhoun,United States
Buford,United States
Zhongguyue,China
Restrepo,Colombia
Barrhead,United Kingdom
Veliko Gradiste,Serbia
Capua,Italy
Chedaopo,China
Diepholz,Germany
Bel Air,Mauritius
Lousa,Portugal
Siderno Marina,Italy
Pirayu,Paraguay
Raghunathpur,India
Bakouma,Central African Republic
Herve,Belgium
Boqueirao,Brazil
Sigus,Algeria
Amacuzac,Mexico
Suvorov,Russia
Goodlettsville,United States
Arauco,Chile
Yondo,Colombia
Otrokovice,Czechia
Ubaitaba,Brazil
Raghunathpur,India
Neder-Over-Heembeek,Belgium
Para,CÙte d'Ivoire
Pollensa,Spain
Marcon,Italy
Palau,Mexico
Cham,Germany
Lattes,France
Chamalieres,France
Holzwickede,Germany
Mula,Spain
Manganj,India
Putte,Belgium
Zamora,Ecuador
Limay,France
Santos Reyes Nopala,Mexico
Inkollu,India
Eldama Ravine,Kenya
Aja,Egypt
Saint Andrews,United Kingdom
Chakkuvarakal,India
Hernando,United States
Babenhausen,Germany
San Jorge,Philippines
Quanzhang,China
Muhradah,Syria
Garching bei Munchen,Germany
Bryn Mawr-Skyway,United States
Peruvanthanam,India
Rayappanpatti,India
Lebanon,United States
Krishnapuram,India
Agua Branca,Brazil
Compostela,Mexico
Avion,France
Cerca Carvajal,Haiti
Colchester,United States
Sagrada Familia,Chile
Catarman,Philippines
Alcochete,Portugal
Roznava,Slovakia
Terra Boa,Brazil
Bad Munstereifel,Germany
Piritiba,Brazil
Ban Thum,Thailand
Sirari,Tanzania
Barhampur,India
New Philadelphia,United States
South Ogden,United States
Auerbach,Germany
Kambla,India
Douar Oulad Mbarek,Morocco
Kisoro,Uganda
Shinfield,United Kingdom
Bistaria,India
Arroio Grande,Brazil
Barbastro,Spain
Khutaha,India
Arhavi,Turkey
Bni Tajjit,Morocco
Palaiyam,India
Piera,Spain
Mawkanin,Burma
Son en Breugel,Netherlands
Cameli,Turkey
Glencoe,South Africa
Punnayur,India
Morarano-Gara,Madagascar
Aliyabad,India
Waalre,Netherlands
Dabas,Hungary
Morganton,United States
Mandirituba,Brazil
Gadani,Pakistan
Fairview,United States
Koriapatti,India
Lake St. Louis,United States
Eastlake,United States
Etacheri,India
Sona,Italy
Yeniseysk,Russia
Al `Asharah,Syria
Scarborough,Trinidad and Tobago
Graham,United States
Mitake,Japan
Vayalpad,India
Camano,United States
Shangjing,China
Shanglingcun,China
Esperanza,Philippines
Harinakunda,Bangladesh
Duijiang,China
Esquimalt,Canada
Polignano a Mare,Italy
Rio Bananal,Brazil
Bonnyrigg,United Kingdom
Turuvekere,India
Shirva,India
Mistrato,Colombia
Attimarappatti,India
Bekes,Hungary
Guidan Roumdji,Niger
Boljoon,Philippines
Villorba,Italy
Matagob,Philippines
Takoma Park,United States
Manin,Syria
Gunjur,"Gambia, The"
McKeesport,United States
Krasnystaw,Poland
Malacacheta,Brazil
Wahiawa,United States
Streetsboro,United States
Ivanovka,Kyrgyzstan
Rocca di Papa,Italy
Strzelce Opolskie,Poland
Spanish Springs,United States
Bad Munder am Deister,Germany
Sulaco,Honduras
Ebino,Japan
Elankur,India
Libertad,Philippines
Piratini,Brazil
Moloacan,Mexico
Tenango de Doria,Mexico
Mendes,Brazil
San Antonio de Ibarra,Ecuador
Eksambe,India
Baxt,Uzbekistan
Cafelandia,Brazil
Buguda,India
Wymondham,United Kingdom
Yutz,France
Kudavasal,India
Melissa,United States
Puerto Guzman,Colombia
Kirksville,United States
Puerto Rico,Argentina
Ilam,Nepal
St. Matthews,United States
Bourne,United Kingdom
Jacksonville,United States
Biyahmu,Egypt
Ciudad Hidalgo,Mexico
Karukh,Afghanistan
Augustinopolis,Brazil
Zhoujia,China
Bhucho Mandi,India
Ambatolahy,Madagascar
Villa Sarmiento,Argentina
Croata,Brazil
Pajapan,Mexico
Kushk,Afghanistan
Urucuia,Brazil
Shin-Kamigoto,Japan
Budva,Montenegro
Bad Wildungen,Germany
Dharampuri,India
Tepatlaxco,Mexico
Osny,France
Umirim,Brazil
Corbelia,Brazil
Vallieres,Haiti
Anantavur,India
Saluzzo,Italy
Pocinhos,Brazil
Idylwood,United States
Gretna,United States
Gescher,Germany
Cafarnaum,Brazil
Bitburg,Germany
Cortland,United States
Talitay,Philippines
Vladimirci,Serbia
Cruz do Espirito Santo,Brazil
Vovchansk,Ukraine
Guanagazapa,Guatemala
Gautampura,India
Karkamb,India
Marche-en-Famenne,Belgium
Kiyama,Japan
Falea,Mali
Mandvi,India
Sibutao,Philippines
Puurs,Belgium
Tasquillo,Mexico
South San Jose Hills,United States
Woodhouse,United Kingdom
Albino,Italy
Karachev,Russia
Burke Centre,United States
Pecanha,Brazil
Abdullahnagar,India
Royston,United Kingdom
Sobinka,Russia
Rio Pomba,Brazil
Nedugula,India
Lakhnaur,India
Selma,United States
Puerto Aysen,Chile
Patan,India
Rozdilna,Ukraine
Brielle,Netherlands
Nova Era,Brazil
Conceicao do Mato Dentro,Brazil
Nisang,India
Heber,United States
Auburndale,United States
Reota,India
Forio,Italy
Lubang,Philippines
Montemor-o-Novo,Portugal
Kingstowne,United States
Shelbyville,United States
Mehran,Iran
Kahoku,Japan
Derhachi,Ukraine
Balma,France
Seoni Chhapara,India
Totutla,Mexico
Pinewood,United States
Poyo,Spain
Pescantina,Italy
Anosiarivo,Madagascar
Guaranda,Colombia
Santa Lucia Milpas Altas,Guatemala
Nahazari,India
Kolokonde,Benin
Camocim de Sao Felix,Brazil
Loboc,Philippines
Bahon,Haiti
Wilton,United States
Viradouro,Brazil
Powder Springs,United States
Wayne,United States
San Isidro,Nicaragua
Jouy-le-Moutier,France
Dar Chaifat,Morocco
Calayan,Philippines
South Hadley,United States
Karahia,India
Isola Capo Rizzuto,Italy
Richmond Hill,United States
Oak Grove,United States
Viljandi,Estonia
Buckingham,Canada
Ummannur,India
Namminikara,India
Jhagarua,India
Beinasco,Italy
Fraserpet,India
Borda da Mata,Brazil
Zaslawye,Belarus
Stockach,Germany
Rio Claro,Brazil
Odaipatti,India
Douetire,Mali
Holmdel,United States
Martahalli,India
Miedzyrzecz,Poland
Jomboy Shahri,Uzbekistan
Sinzig,Germany
South Venice,United States
Bhagabanpur,India
Curti,India
Kawa,Burma
Ziracuaretiro,Mexico
Pyskowice,Poland
Sao Domingos do Prata,Brazil
Abelardo Luz,Brazil
Minster,United Kingdom
Remagen,Germany
Banni,India
Aurora,United States
Plunge,Lithuania
Mareth,Tunisia
Central Saanich,Canada
Solrod Strand,Denmark
Villanueva del Pardillo,Spain
El Dorado,United States
Kurugodu,India
Santa Maria di Sala,Italy
Wangaratta,Australia
Pecel,Hungary
Vargem Alta,Brazil
Louth,United Kingdom
Gunjapalle,India
Rancho Mirage,United States
Osuna,Spain
Ban Song,Thailand
Paoua,Central African Republic
Schwarzenbek,Germany
Ignacio de la Llave,Mexico
Scott,United States
Lalibela,Ethiopia
Cluses,France
Mujikharf,Tajikistan
Kelsterbach,Germany
Sanwer,India
Barhan,India
Ayacucho,Argentina
Marmande,France
Oued el Kheir,Algeria
Royse City,United States
West Lampeter,United States
Betio,Kiribati
New Castle,United States
Firestone,United States
Coalinga,United States
Carcarana,Argentina
Sestri Levante,Italy
Sainte-Catherine,Canada
Kembhavi,India
Ibrahimpatan,India
Laguna Woods,United States
Kadogawa,Japan
Kamudi,India
Tonj,South Sudan
Valenzano,Italy
Bad Langensalza,Germany
Gothini,India
Mollasani,Iran
Pannaipuram,India
Yerrapalem,India
Ellamanda,India
Boissy-Saint-Leger,France
Sedeh Lanjan,Iran
Padre Paraiso,Brazil
Bethpage,United States
Jenison,United States
Mori,Japan
Riva del Garda,Italy
Horn-Bad Meinberg,Germany
New Amsterdam,Guyana
Mau Dhaneshpur,India
Betroka,Madagascar
Mudukulattur,India
Matam,Senegal
Tagana-an,Philippines
Dijiasuoxiang,China
Ain Zaouia,Algeria
Uryzhar,Kazakhstan
Muniz Freire,Brazil
El Kouif,Algeria
Miharu,Japan
Suesca,Colombia
Pital,Costa Rica
Betulia,Colombia
Tak Bai,Thailand
Villiers,South Africa
Chadchan,India
Pohadi,India
As Suqaylibiyah,Syria
Otacilio Costa,Brazil
Canovellas,Spain
Mecayapan,Mexico
Cajamarca,Colombia
Tiogollo,Colombia
Sierpc,Poland
Maranello,Italy
Murraysville,United States
Charipara,India
Mundo Novo,Brazil
La Garriga,Spain
Almolonga,Guatemala
Bon Air,United States
Namayingo,Uganda
Kanrangana,Mali
Ambares-et-Lagrave,France
Saram,India
Ban Pong,Thailand
Chorhat,India
Eutin,Germany
Krupanj,Serbia
Fortim,Brazil
Port Hope,Canada
Keota,India
Jawkatia,India
Porciuncula,Brazil
Pont-a-Celles,Belgium
Oerlinghausen,Germany
Kouka,Burkina Faso
Santo Antonio do Amparo,Brazil
Talwandi Bhai,India
Brand,Germany
Toledo,Colombia
Cameron Park,United States
Clayton,United States
Garwolin,Poland
Stafford,United States
Zebala,Mali
Baie de Henne,Haiti
Malta,United States
Amesbury,United States
Thornton,United Kingdom
Kukraun,India
Dadhar,Pakistan
Yur'yev-Pol'skiy,Russia
Stone,United Kingdom
Norrtalje,Sweden
Colon,Costa Rica
Selby,United Kingdom
Mulki,India
Abdulino,Russia
Arinos,Brazil
Senges,Brazil
Kulasegaram,India
Moroni,Comoros
Nipomo,United States
Bailen,Spain
Montanha,Brazil
Shongzhy,Kazakhstan
Dehti,India
Staphorst,Netherlands
Heilbad Heiligenstadt,Germany
Maigh Nuad,Ireland
Oskarshamn,Sweden
Rattaphum,Thailand
Capistrano,Brazil
Marktredwitz,Germany
Illizi,Algeria
Venturosa,Brazil
Heanor,United Kingdom
Friern Barnet,United Kingdom
Milton,United Kingdom
Khanpur,India
Benavente,Spain
Chiva,Spain
Cubellas,Spain
Dharmapuri,India
Cinnaminson,United States
Fort Thomas,United States
Lake Butler,United States
Mariakerke,Belgium
Baturbari,India
Mettuppalaiyam,India
Nadikude,India
Nadugadda,India
Gunzenhausen,Germany
Bawgalegyi,Burma
Kaukauna,United States
Danville,United States
Inverness,Canada
Jaguaretama,Brazil
Kangaba,Mali
Ejutla de Crespo,Mexico
Voskresensk,Russia
Swansea,United States
Cipo,Brazil
Pavumba,India
Milla'ab,Morocco
Resplendor,Brazil
Littau,Switzerland
Souaflia,Algeria
Minakami,Japan
Annonay,France
Lima Duarte,Brazil
Monselice,Italy
Castelfiorentino,Italy
Bakeshiyingcun,China
Masamagrell,Spain
Korsun-Shevchenkivskyi,Ukraine
Martigny,Switzerland
Pisaflores,Mexico
Dallas,United States
Bareggio,Italy
Charleston,United States
Terzigno,Italy
Carnaubal,Brazil
Adelphi,United States
Itacarambi,Brazil
Bendorf,Germany
Schwalbach,Germany
Port-a-Piment,Haiti
Kretinga,Lithuania
Konstantinovsk,Russia
Simin Shahr,Iran
Raiyam,India
Chouafaa,Morocco
Easton,United States
Mohacs,Hungary
Shahritus,Tajikistan
Carmo,Brazil
Akassato,Benin
Lerida,Colombia
Banabuiu,Brazil
Bramhall,United Kingdom
Anori,Brazil
Badantola,India
Araruna,Brazil
Mont-Organise,Haiti
Dormentes,Brazil
Calera,United States
Sudipen,Philippines
Cherakara,India
Trstenik,Serbia
Cacimba de Dentro,Brazil
Padugupadu,India
Glenn Heights,United States
Neerpelt,Belgium
Dolores,Uruguay
Cahokia Heights,United States
Al Harah,Syria
Nederweert,Netherlands
Alcantara,Philippines
Shek Tong Tsui,Hong Kong
Villa Isabela,Dominican Republic
Viera West,United States
Zandvoort,Netherlands
Guoxing,Taiwan
Sume,Brazil
Conceicao do Almeida,Brazil
Iati,Brazil
Traiguen,Chile
Calnali,Mexico
Massaranduba,Brazil
Rojales,Spain
Upper Grand Lagoon,United States
Pocao de Pedras,Brazil
Tizi Rached,Algeria
Sinnai,Italy
Peka,Lesotho
Itirapina,Brazil
Berga,Spain
Bellingham,United States
Kayaralam,India
Tanque Novo,Brazil
Upper Saucon,United States
Konstancin-Jeziorna,Poland
Cassia,Brazil
Hinsdale,United States
Tejucuoca,Brazil
Castilleja de la Cuesta,Spain
Tlahuelilpan,Mexico
Pasaquina,El Salvador
McKinleyville,United States
Bom Sucesso,Brazil
Perdizes,Brazil
Sake,Congo (Kinshasa)
Mayuge,Uganda
Joaquim Gomes,Brazil
Settiyarpatti,India
Monsenhor Tabosa,Brazil
Hatfield,United Kingdom
Majitha,India
Sawankhalok,Thailand
Oi,Japan
Grumo Nevano,Italy
Ginsheim-Gustavsburg,Germany
Ayinikkad,India
San Felipe,Mexico
Avenel,United States
Tricase,Italy
Grenchen,Switzerland
Sada,Spain
Tifton,United States
Berezhany,Ukraine
Clitheroe,United Kingdom
Hampton Bays,United States
Panchgram,India
Saguday,Philippines
Ipaba,Brazil
Figline Valdarno,Italy
Frederikssund,Denmark
Regeneracao,Brazil
Zelenogradsk,Russia
Banovici,Bosnia and Herzegovina
Correntes,Brazil
Giria,India
Sa`adat Shahr,Iran
Peso da Regua,Portugal
Hunfeld,Germany
Sidi Zouine,Morocco
Laurel,United States
Firminy,France
Addison,United States
Marsabit,Kenya
West Richland,United States
Wixom,United States
Ksar Sghir,Morocco
Ejea de los Caballeros,Spain
Wadi Halfa',Sudan
Ilaka Atsinanana,Madagascar
Novo Aripuana,Brazil
West Hempfield,United States
Wang Tau Hom,Hong Kong
Ban Phe,Thailand
Bellaire,United States
Peruwelz,Belgium
Barrington,United States
Distraccion,Colombia
Upper Gwynedd,United States
Damous,Algeria
Woodcrest,United States
San Bernardino,Guatemala
Denville,United States
Kutiyana,India
Manaquiri,Brazil
Lyepyel,Belarus
Shoufeng,Taiwan
Bulbula,Azerbaijan
Nova Pazova,Serbia
Yizhu,Taiwan
Ginir,Ethiopia
Dilasag,Philippines
Ojus,United States
Xintangcun,China
Pottassheri,India
Taxtako`pir,Uzbekistan
Canon City,United States
Mosbrough,United Kingdom
L'Isle-d'Abeau,France
Santa Magdalena,Philippines
Braunau am Inn,Austria
Kolaccheri,India
Kelheim,Germany
Melfi,Italy
Mata Roma,Brazil
San Esteban,Chile
Tadigadapa,India
Montornes del Valles,Spain
Chandia,India
Toluprpatti,India
Lac,Albania
Elias Fausto,Brazil
Usmanpur,India
Sunland Park,United States
Peragamanna,India
Sarotar,India
Condeixa-a-Nova,Portugal
Wadgassen,Germany
Gudipallipadu,India
Ferndale,United States
Pendleton,United States
Al Bayahu,Egypt
Sibinal,Guatemala
San Rafael Cedros,El Salvador
Puchov,Slovakia
Xiulin,Taiwan
Svalyava,Ukraine
Mannukara,India
Ayikudi,India
Challapalle,India
Crixas,Brazil
Guadarrama,Spain
Mavalli,India
Chuarrancho,Guatemala
New Port Richey,United States
Paulino Neves,Brazil
Norwalk,United States
Condeuba,Brazil
Baildon,United Kingdom
Ramnagar,India
Saint-Basile-le-Grand,Canada
Itarantim,Brazil
Kafr Zayta,Syria
Kibungan,Philippines
Porteiras,Brazil
Pieksamaki,Finland
Fairview Park,United States
Caqueza,Colombia
Maesteg,United Kingdom
Taskopru,Turkey
Ilhota,Brazil
Cheraro,Ethiopia
Velddrif,South Africa
Bermeo,Spain
Sallanches,France
Dombovar,Hungary
Pernamitta,India
Bredbury,United Kingdom
Carlentini,Italy
Safety Harbor,United States
Aberdeen,United States
Albal,Spain
Kitanakagusuku,Japan
Grojec,Poland
Benesov,Czechia
Gennep,Netherlands
Ribeiropolis,Brazil
Guernica y Luno,Spain
San Miguelito,Nicaragua
Navalmoral de la Mata,Spain
Oswego,United States
Gachancipa,Colombia
Huntington,United States
Kunzell,Germany
Sinsina,Mali
Barreira,Brazil
Tsararivotra,Madagascar
Bristol,United States
Stockelsdorf,Germany
Groves,United States
Sao Simao,Brazil
Sao Simao,Brazil
Rubeho,Tanzania
Piranga,Brazil
Xinying,China
Heysham,United Kingdom
Nayakanhatti,India
Hinode,Japan
Carius,Brazil
Karratha,Australia
Macatuba,Brazil
Sitamau,India
Abington,United States
Juazeirinho,Brazil
Avitanallur,India
Penamiller,Mexico
Hollins,United States
Brasnorte,Brazil
Qajortebu,China
Jayal,India
Matauna,India
Ad Dulu`iyah,Iraq
Baaqline,Lebanon
Marosangy,Madagascar
Tolongoina,Madagascar
Etrotroka,Madagascar
Ilakatra,Madagascar
Ambila,Madagascar
Marofoty,Madagascar
Ambohitrolomahitsy,Madagascar
Lazarivo,Madagascar
Milanoa,Madagascar
Isoanala,Madagascar
Amboanjo,Madagascar
Befotaka,Madagascar
Tsarahonenana,Madagascar
Antanimora Atsinanana,Madagascar
Ankarongana,Madagascar
Ambondromisotra,Madagascar
Ambohitsimanova,Madagascar
Anosivelo,Madagascar
Manombo Atsimo,Madagascar
Sahamadio,Madagascar
Anosibe-Ifanja,Madagascar
Beahitse,Madagascar
Antsahavaribe,Madagascar
Ambohipihaonana,Madagascar
Mandritsara,Madagascar
Ambolidibe Atsinanana,Madagascar
Sadabe,Madagascar
Dzitbalche,Mexico
Tyrnyauz,Russia
Chapeltique,El Salvador
Ghonchi,Tajikistan
Yangirabot,Uzbekistan
Yangi Mirishkor,Uzbekistan
Santo Antonio do Leverger,Brazil
Hindarx,Azerbaijan
Alauli,India
Peraia,Greece
Naula,India
Santo Tomas de Janico,Dominican Republic
Kakraul,India
Tomas Oppus,Philippines
Itajobi,Brazil
Flowing Wells,United States
Ambalavayal,India
Ban Rawai,Thailand
Analanampotsy,Madagascar
Massapequa Park,United States
Bruckmuhl,Germany
Springfield,United States
Shankar Saraiya,India
Kawai,Japan
Wittenberge,Germany
Laconia,United States
Sikandra,India
Lodwar,Kenya
Burstadt,Germany
Brunico,Italy
Bayt Ummar,West Bank
Beckley,United States
Fortuna,Brazil
Ulubey,Turkey
Verkhnodniprovsk,Ukraine
Arai,Japan
Retiro,Colombia
Srikurmam,India
San Juan Lalana,Mexico
Andranofasika,Madagascar
Zarumilla,Peru
L'Ancienne-Lorette,Canada
Ibitita,Brazil
Koroth,India
Skadovsk,Ukraine
Ramachandrapuran,India
Wath upon Dearne,United Kingdom
Ughara,India
Ahmetli,Turkey
Serafina Corea,Brazil
Yanggezhuang,China
Meltonakkal,India
Bishunpura,India
Teocelo,Mexico
Ricany,Czechia
Santana do Cariri,Brazil
Cercola,Italy
Bou Hanifia el Hamamat,Algeria
Dirba,India
Arroio do Meio,Brazil
Kombai,India
Puerto Caimito,Panama
Rio Linda,United States
Liuchuan,China
Mers el Kebir,Algeria
Octeville,France
Balmazujvaros,Hungary
Perupalem,India
Cottingham,United Kingdom
Hohenems,Austria
Pozoblanco,Spain
Montceau-les-Mines,France
Acoyapa,Nicaragua
Weehawken,United States
Washougal,United States
Garagoa,Colombia
Viroflay,France
San Jose de Chiquitos,Bolivia
Lons-le-Saunier,France
Namyslow,Poland
Truckee,United States
Les Clayes-sous-Bois,France
Chavara Gramam,India
Aranyaprathet,Thailand
Saint Ives,United Kingdom
Boki-Were,Mali
Wondelgem,Belgium
Kottapeta,India
Ashwaubenon,United States
Tibau do Sul,Brazil
Liuguoju,China
Long'e,China
Aubange,Belgium
Dalain Hob,China
Tekanpur,India
Kronach,Germany
Millbrook,United States
Manassas Park,United States
Huruta,Ethiopia
Middletown,United States
Baikatpur,India
Malancha,India
Shingucho-shingu,Japan
Carovigno,Italy
Manor,United States
Stockerau,Austria
Glace Bay,Canada
Sanski Most,Bosnia and Herzegovina
Tobre,Benin
Ait Yaazem,Morocco
Alcantara,Philippines
Rio Bueno,Chile
Penzberg,Germany
Ginatilan,Philippines
Carlopolis,Brazil
Zinapecuaro,Mexico
Mari`,Syria
Masse,Benin
Naranattenvanpatti,India
Nidgundi,India
Sidi Daoud,Algeria
High Blantyre,United Kingdom
Pallikapuzha,India
Ramayampet,India
Dehaqan,Iran
Douar Lamjaara,Morocco
Dazhangzicun,China
Dazhangzi,China
Dhulkot,India
Tubaran,Philippines
Aklanpa,Benin
Fetromby,Madagascar
Plavsk,Russia
Khed,India
Bou Fekrane,Morocco
Nova Petropolis,Brazil
Santa Teresa,Nicaragua
Morteros,Argentina
Ngara,Tanzania
Sao Joao dos Poleiros,Brazil
Soumagne,Belgium
Virapandi,India
Ettaiyapuram,India
Majra,India
Miqiao,China
Amarante,Brazil
Bad Lippspringe,Germany
Windlesham,United Kingdom
Geddes,United States
Azaourisse,Benin
Chambellan,Haiti
Laferriere,Haiti
Pikalevo,Russia
New Milford,United States
Gomec,Turkey
Ziar nad Hronom,Slovakia
Ighram,Algeria
Long Beach,United States
La Quiaca,Argentina
Agaram,India
Boa Vista do Tupim,Brazil
Milledgeville,United States
Bedigoazon,CÙte d'Ivoire
Finnentrop,Germany
Lamas,Peru
Canutama,Brazil
Colesberg,South Africa
Hosakote,India
Saran,France
Live Oak,United States
Wyckoff,United States
Nerang,Australia
Japaratuba,Brazil
Nerviano,Italy
Bambara-Maounde,Mali
Damascus,United States
El Segundo,United States
Bakhmach,Ukraine
Kamenz,Germany
Jask,Iran
Alfajayucan,Mexico
Ban Tha Mai I,Thailand
Latifpur,Bangladesh
Sayarpuram,India
Korem,Ethiopia
Rampur Jalalpur,India
Rubano,Italy
Linnei,Taiwan
Lerum,Sweden
Pulimel,India
Madanpur,India
Sao Pedro do Sul,Portugal
Pran Buri,Thailand
Braunstone,United Kingdom
Fiorano Modenese,Italy
Whakatane,New Zealand
Haslingden,United Kingdom
Azeffoun,Algeria
Meiti,India
Boden,Sweden
North Hykeham,United Kingdom
Shahkot,India
Bhawanipur,India
Ain Feka,Algeria
Auburn,United States
Xixinzhuangzhen,China
Vallegrande,Bolivia
Lillerod,Denmark
Acharipallam,India
Tsuiki,Japan
Upper Chichester,United States
Hrubieszow,Poland
Konigstein im Taunus,Germany
Brixham,United Kingdom
Trzcianka,Poland
Aberdeen,United States
Vechur,India
Defiance,United States
Zirara,Morocco
Haslemere,United Kingdom
Achaljamu,India
Orastie,Romania
Hannibal,United States
Yabuki,Japan
Salinas de Hidalgo,Mexico
Gemert,Netherlands
Bhainsoda,India
Makinsk,Kazakhstan
Belle Glade,United States
Asten,Netherlands
Dongjiangshui,China
Kadikkad,India
Mount Dora,United States
Iglino,Russia
Vazhani,India
Bedford,United States
Baronissi,Italy
Minamichita,Japan
Daireaux,Argentina
Kodikulam,India
Mount Vernon,United States
Pinarayi,India
Cerea,Italy
Astara,Azerbaijan
Keetmanshoop,Namibia
Rijen,Netherlands
Busolwe,Uganda
Druzhba,Uzbekistan
Sinuni,Iraq
Beinan,Taiwan
Kaliro,Uganda
Marion,United States
Brackenheim,Germany
Puliyankunnu,India
Bassum,Germany
Marib,Yemen
Mocha,Yemen
Famy,Philippines
Sierre,Switzerland
Roxana,Costa Rica
Kamavarapukota,India
Moraga,United States
San Roque,Colombia
Ashmyany,Belarus
San Francisco,Guatemala
Tromsdalen,Norway
Sao Paulo do Potengi,Brazil
Blanquefort,France
Fazakerley,United Kingdom
Vero Beach,United States
Batuco,Chile
Orta Nova,Italy
Tsundupalle,India
Pionki,Poland
Lgov,Russia
Solothurn,Switzerland
Eggenstein-Leopoldshafen,Germany
Vila Bela da Santissima Trindade,Brazil
Latsia,Cyprus
Buntok,Indonesia
Donna,United States
Connahs Quay,United Kingdom
Posoltega,Nicaragua
Svetlogorsk,Russia
'Ain Abessa,Algeria
Taylor,United States
Saint-Cyr-sur-Loire,France
Masif Sarsink,Iraq
Savastepe,Turkey
Dhobauli,India
Bauria,India
Puerto Carreno,Colombia
Attappampatti,India
Estelle,United States
Egirdir,Turkey
Cestas,France
Young,Uruguay
Newmarket,United Kingdom
Schofield Barracks,United States
El Pinon,Colombia
Nandigaon,India
Bovisio Masciago,Italy
Novomichurinsk,Russia
Djouab,Algeria
San Miguel de Salcedo,Ecuador
Swift Current,Canada
Campo do Brito,Brazil
Kadod,India
Nuevo San Juan Parangaricutiro,Mexico
Shahba,Syria
Thandla,India
Kushima,Japan
Santa Lucia,Uruguay
Agua Clara,Brazil
Vimodrone,Italy
Chinampa de Gorostiza,Mexico
Slany,Czechia
Diksmuide,Belgium
Arakkal,India
Bytow,Poland
Wildwood,United States
Yerbas Buenas,Chile
Preganziol,Italy
Plumstead,United Kingdom
Livinjipuram,India
Pampa,United States
Le Pre-Saint-Gervais,France
Sobrado de Paiva,Portugal
Katav-Ivanovsk,Russia
Dera,Ethiopia
Tengampudur,India
Bek'oji,Ethiopia
Reinheim,Germany
Villeneuve-Loubet,France
Takhatgarh,India
Fullerton,United States
Sendurai,India
Sedan,France
Roche-a-Bateau,Haiti
Hirna,Ethiopia
Cloverly,United States
Lake Mary,United States
Katsuura,Japan
Ponte de Sor,Portugal
Baicoi,Romania
Thale,Germany
Chalala,India
Bridgeview,United States
Holzkirchen,Germany
Iluppur,India
Konodimini,Mali
Fuying,China
Fuyingzicun,China
Vari,Greece
Dour,Belgium
Kodumudi,India
Wurzen,Germany
Elliniko,Greece
Glanerbrug,Netherlands
Klippansbruk,Sweden
Krasnohorivka,Ukraine
Zafra,Spain
Cabeceiras de Basto,Portugal
Pisticci,Italy
Hovelhof,Germany
Waterville,United States
Asadabad,Afghanistan
Saalfelden am Steinernen Meer,Austria
Devizes,United Kingdom
Ibitiara,Brazil
Kattiyeri,India
Balighattam,India
Gikongoro,Rwanda
Costessey,United Kingdom
Porto Acre,Brazil
Churriana de la Vega,Spain
Vammala,Finland
Centerville,United States
Gonegandla,India
Ketama,Morocco
Aston,United States
Pazhayannur,India
Bull Run,United States
Seeheim-Jugenheim,Germany
Piriyapatna,India
Guerande,France
Jilotepec,Mexico
Slavonski Brod,Croatia
Jalpa de Mendez,Mexico
Rotselaar,Belgium
Wellington,United Kingdom
Erumad,India
Nassjo,Sweden
Chestnuthill,United States
Sao Vicente Ferrer,Brazil
Havi Bhauar,India
Vincennes,United States
La Cruz,Colombia
Ostashkov,Russia
Deoria,India
Ocho Rios,Jamaica
Eloy,United States
Muscle Shoals,United States
Chateaurenard,France
Kundal,India
Campagna,Italy
Heidenau,Germany
Sao Caetano de Odivelas,Brazil
Zequ,China
Poing,Germany
La Algaba,Spain
Banstead,United Kingdom
Kumage,Japan
Murehwa,Zimbabwe
Riemst,Belgium
Fillmore,United States
Youngsville,United States
Podalakur,India
Przasnysz,Poland
Douar Bni Ansar,Morocco
Red Wing,United States
Federacion,Argentina
Leopoldshohe,Germany
Kinel'-Cherkassy,Russia
Kruibeke,Belgium
Orsay,France
Kakkalapalle,India
Madrid,Philippines
Whickham,United Kingdom
Grangemouth,United Kingdom
Arani,India
Berber,Sudan
Zvecan,Kosovo
Sidi Ettiji,Morocco
Tawargeri,India
Bogatynia,Poland
Aracagi,Brazil
Ban Na Sai,Thailand
Arenys de Mar,Spain
Khirhar,India
Berea,United States
Chaparral,United States
Keynsham,United Kingdom
Pleszew,Poland
Barangka,Philippines
Itapiranga,Brazil
Shiraoi,Japan
Harborcreek,United States
Myrtle Grove,United States
Ittiva,India
Xiaolongtan,China
Salitre,Brazil
Loxstedt,Germany
Denby Dale,United Kingdom
Regenstauf,Germany
Glen Allen,United States
Beaver Dam,United States
Mullanwala,India
Tadaoka-higashi,Japan
Anisoc,Equatorial Guinea
Tantega,Benin
Tiahounkossi,Benin
San Isidro,Costa Rica
Medicina,Italy
Cleckheaton,United Kingdom
Epitacio Huerta,Mexico
East Greenbush,United States
Pratteln,Switzerland
Micoud,Saint Lucia
Brod,Bosnia and Herzegovina
Marly-le-Roi,France
El Escorial,Spain
Itororo,Brazil
Valu lui Traian,Romania
Piquet Carneiro,Brazil
Bariarpur,India
Banovce nad Bebravou,Slovakia
Ad Dis,Yemen
Thompson,United States
Escoublac,France
Mariestad,Sweden
Verdun,France
Fairburn,United States
Saint-Jean-de-la-Ruelle,France
Bargur,India
Porec,Croatia
Shek Wai Kok,Hong Kong
Khaniadhana,India
Ceadir-Lunga,Moldova
Noordwijkerhout,Netherlands
Farmingville,United States
Clearlake,United States
Ibipeba,Brazil
Mangueirinha,Brazil
Lomas de Sargentillo,Ecuador
Tecolotlan,Mexico
Kozelsk,Russia
Getulio Vargas,Brazil
Dilijan,Armenia
The Mumbles,United Kingdom
Kaatsheuvel,Netherlands
Macetown,New Zealand
Burbaliq,Uzbekistan
Turinsk,Russia
Anamoros,El Salvador
Hilltown,United States
La Vista,United States
San Juan Bautista,Paraguay
Warsaw,United States
Sa Kaeo,Thailand
Soumpi,Mali
Les Herbiers,France
Bijni,India
Eenhana,Namibia
Palmetto Estates,United States
Xinyuan,China
Puerto El Triunfo,El Salvador
Buritama,Brazil
Cidreira,Brazil
N'Goussa,Algeria
Kirchhain,Germany
Lask,Poland
Ham Lake,United States
Ilkhchi,Iran
Ilkhechi,Iran
La Sierpe,Cuba
Mohan Eghu,India
Ippy,Central African Republic
Brentford,United Kingdom
San Giovanni Valdarno,Italy
Pembroke,Canada
Heumen,Netherlands
Barkot,India
Pirque,Chile
Lille,Belgium
Raunheim,Germany
Miyazu,Japan
Paragaticherla,India
Tongluo,Taiwan
Lakhipur,India
Bhai Rupa,India
Placido de Castro,Brazil
Cabaceiras do Paraguacu,Brazil
Ina,Benin
Guaymate,Dominican Republic
Itaquitinga,Brazil
Anazzou,Morocco
Domchanch,India
Indiaroba,Brazil
Coaraci,Brazil
Santa Maria das Barreiras,Brazil
San Gabriel,Mexico
Menomonie,United States
Honefoss,Norway
Middelfart,Denmark
Tichi,Algeria
Bostonia,United States
Straelen,Germany
Marupe,Latvia
Cattolica,Italy
Sujina,Tajikistan
Wentang,China
Kade,Ghana
Odumase,Ghana
Hueytown,United States
Bni Rzine,Morocco
Bogucice,Poland
Ada,United States
Parali,India
Mangrauni,India
Batan,Costa Rica
Segbwema,Sierra Leone
Ledeberg,Belgium
Liangyi,China
Glenmont,United States
Ban Cho Ho,Thailand
Albemarle,United States
Westchester,United States
Rentachintala,India
Thi Tran Ngai Giao,Vietnam
Mapiri,Bolivia
Fort Hunt,United States
San Estanislao,Colombia
Wardenburg,Germany
Pedregulho,Brazil
Kirchlengern,Germany
Gussago,Italy
Puerto Pilon,Panama
Grovetown,United States
Torre Maggiore,Italy
Sunagawa,Japan
Tahlequah,United States
Pamiers,France
Tlacolula de Matamoros,Mexico
Pocking,Germany
Hot Springs Village,United States
Burbage,United Kingdom
Eppelborn,Germany
Cassano al Ionio,Italy
Ciudad Guadalupe Victoria,Mexico
Haji Shah,Pakistan
Langrucun,China
Radford,United States
Sant'Elpidio a Mare,Italy
Morton,United States
Middletown,United States
Sidi Lamine,Morocco
Qarqin,Afghanistan
Qusar,Azerbaijan
Cowley,United Kingdom
Pilappulli,India
Chinde,Mozambique
Al Ghat,Saudi Arabia
Dingyuan,China
Mudakkiraye,India
Amba Icharua,India
Alpignano,Italy
Fleron,Belgium
Shintomi,Japan
Slubice,Poland
Stallings,United States
Luperon,Dominican Republic
Adelfia,Italy
Payson,United States
Jinjicun,China
Jinji,China
Tafresh,Iran
Zapotlan de Juarez,Mexico
La Paz,Philippines
Hebburn,United Kingdom
Ait Youssef Ou Ali,Morocco
Sudak,Ukraine
Kerman,United States
Milanowek,Poland
Moreau,United States
Humble,United States
Chorbogh,Tajikistan
Grimari,Central African Republic
Bobangui,Central African Republic
Kalundborg,Denmark
Rasivarai Tottam,India
Reggello,Italy
Erwitte,Germany
Hanover,United States
Espartinas,Spain
Ervadi,India
Antanambao Mahatsara,Madagascar
Braniewo,Poland
Red Hill,United States
Rajbalhai,India
Sabotsy,Madagascar
Havelock,United States
Maltby,United Kingdom
Ban Lam Narai,Thailand
Forssa,Finland
Enfield Lock,United Kingdom
Barbacoas,Venezuela
Mifune,Japan
Dighaun,India
Ujre,India
Madison,United States
Nytva,Russia
Ban Nong Han,Thailand
Palayat,India
Dahibhat Madhopur,India
Kilwinning,United Kingdom
Loma Plata,Paraguay
Chopadandi,India
White Oak,United States
Mohanur,India
Mannur,India
Oulad Amrane,Morocco
San Casciano in Val di Pesa,Italy
Tuineje,Spain
Nanbu,Japan
Tohoku,Japan
Onega,Russia
Mercedes,United States
Batalha,Brazil
Anori,Colombia
Sakardih,India
Encruzilhada,Brazil
Rakitovo,Bulgaria
Uhersky Brod,Czechia
Nakanoto,Japan
Katosi,Uganda
Pianco,Brazil
Charqueada,Brazil
Ciney,Belgium
Cayetano Germosen,Dominican Republic
Ubrique,Spain
Edmundston,Canada
Kunzelsau,Germany
Hannut,Belgium
Gurh,India
Greenville,Liberia
Lufeng,China
Rajnagar,India
Pupiales,Colombia
Lemay,United States
Rawa Mazowiecka,Poland
Carlet,Spain
Belen,Nicaragua
Vedelago,Italy
Neopolis,Brazil
Boshruyeh,Iran
Gasparillo,Trinidad and Tobago
Three Lakes,United States
San Miguel,Philippines
Peer,Belgium
Adjahome,Benin
Jasper,United States
Batangafo,Central African Republic
Burgdorf,Switzerland
Pelhrimov,Czechia
Marienberg,Germany
Oyten,Germany
Krasnoslobodsk,Russia
Country Club Hills,United States
Ukiah,United States
Curacautin,Chile
Nilaiyur,India
Ambohimanambola,Madagascar
Mauguio,France
Povorino,Russia
Franklin,United States
Lugu,Taiwan
Cajari,Brazil
Tagalft,Morocco
Las Cabezas de San Juan,Spain
Islam Qal`ah,Afghanistan
Portachuelo,Bolivia
Crawfordsville,United States
Baro,India
Wiefelstede,Germany
Westbury,United Kingdom
Pudu,India
South Middleton,United States
Ghouazi,Morocco
Raikal,India
Belem,Brazil
Tabant,Morocco
Mastchoh,Tajikistan
Tufanbeyli,Turkey
Ntungamo,Uganda
Dyer,United States
Port Orchard,United States
Bosobolo,Congo (Kinshasa)
Santa Margarida,Brazil
Toro,Colombia
Hatti,India
Mahesh Khunt,India
Passa Quatro,Brazil
Freienbach,Switzerland
Brownsville,United States
Kesath,India
Faxinal,Brazil
Gokavaram,India
Grossostheim,Germany
Buffalo,United States
Nova Resende,Brazil
Bou Hadjar,Algeria
Khargapur,India
Libiaz,Poland
Karema,Tanzania
Khirpai,India
Linbian,Taiwan
Mastic Beach,United States
Westport,United States
Puan,Argentina
Zhongzai,China
Oued Jdida,Morocco
Taohongpozhen,China
Malnate,Italy
Caridade,Brazil
Bad Essen,Germany
Panukulan,Philippines
Petersberg,Germany
Aki,Japan
Angara-Debou,Benin
Vienna,United States
Piru,Indonesia
Zitorada,Serbia
Kingsborough,South Africa
North Arlington,United States
East Longmeadow,United States
Hampton,United States
Barra de Santo Antonio,Brazil
Phirangipuram,India
Erba,Italy
Lake Wales,United States
San Juan,Philippines
Sebt Ait Saghiouchen,Morocco
Bagnacavallo,Italy
Juchique de Ferrer,Mexico
Arteche,Philippines
Fujioka,Japan
Northbridge,United States
Apostolove,Ukraine
Jussara,Brazil
Usgao,India
Nunna,India
Mahalandi,India
Chettinayakkanpatti,India
Bilohirsk,Ukraine
Jambalo,Colombia
Sulzbach,Germany
Cosautlan,Mexico
Nova Olimpia,Brazil
General Arenales,Argentina
Barnia,India
Rolleston,New Zealand
Bykhaw,Belarus
River Falls,United States
Chickasha,United States
Central,Brazil
Chinacota,Colombia
Wemmel,Belgium
Galivedu,India
Kakching,India
Ban Thung Tam Sao,Thailand
Schmelz,Germany
Huong Canh,Vietnam
Stone Ridge,United States
Kargil,India
Vadugappatti,India
Lady Lake,United States
Villa San Jose,Argentina
La Falda,Argentina
Ouled Chebel,Algeria
Sahatavy,Madagascar
Mattoon,United States
Baipingshan,China
Bouarouss,Morocco
Sunnyside,United States
Sananduva,Brazil
Shuzenji,Japan
Landerneau,France
Boskoop,Netherlands
Bree,Belgium
Yoshinogari,Japan
Elsen,Germany
Shpola,Ukraine
Benetuser,Spain
Bad Bentheim,Germany
Kierspe,Germany
Bargteheide,Germany
Santomera,Spain
Bandar Murcaayo,Somalia
Guelendeng,Chad
Tukums,Latvia
Wallisellen,Switzerland
Altena,Germany
Ac-cahrij,Morocco
Yuvileine,Ukraine
Brakel,Germany
Ahfir,Morocco
Ban Wang Nok Aen,Thailand
Xianxi,Taiwan
Changji,China
Khunti Dhanaili,India
Saraland,United States
Hude,Germany
Moroto,Uganda
Lyantonde,Uganda
Leini,Italy
Birstall,United Kingdom
Noniya,India
Umbertide,Italy
Shuili,Taiwan
Tremedal,Brazil
Kodala,India
Merchtem,Belgium
Inza,Russia
Arachchalur,India
Sohtha,India
Malhipur,India
Al Mahwit,Yemen
Bacuri,Brazil
Acarape,Brazil
Saltash,United Kingdom
Barharwa Kalan,India
Sao Francisco do Guapore,Brazil
Birsinghpur,India
Halver,Germany
Noria de Angeles,Mexico
Dungannon,United Kingdom
Pearl River,United States
Colle Salvetti,Italy
Yorkton,Canada
Raposos,Brazil
Kabo,Central African Republic
Omalur,India
Zumarraga,Philippines
Utinga,Brazil
Domoni,Comoros
Ocean Pointe,United States
Kassorola,Mali
Berriche,Algeria
Ripon,United Kingdom
Nawnghkio,Burma
Hoganas,Sweden
Queensbury,United Kingdom
Madukkur,India
San Dionisio,Nicaragua
Sabana de La Mar,Dominican Republic
Nobsa,Colombia
Martinsicuro,Italy
Simaria,India
Zvenyhorodka,Ukraine
Al Lataminah,Syria
Stahnsdorf,Germany
San Antonio Oeste,Argentina
Mountain Home,United States
Momil,Colombia
Acahay,Paraguay
Yotoco,Colombia
Brus,Serbia
Taishacho-kizukikita,Japan
Ladson,United States
Tiverton,United States
Jagdispur,India
Milford,United States
Taio,Brazil
Kasumi,Japan
Fairview Heights,United States
Bellevue,United States
Ispica,Italy
Asni,Morocco
Antsahanoro,Madagascar
Goundam,Mali
Radzionkow Nowy,Poland
Naama,Algeria
Ambalabe,Madagascar
Llanquihue,Chile
Kings Park,United States
Montalvo,Ecuador
Benjamin Aceval,Paraguay
Eghezee,Belgium
Bikou,China
Wendelstein,Germany
Alcaniz,Spain
Forks,United States
Jalalpur,India
Az Zaydiyah,Yemen
Dickson,United States
Carhue,Argentina
Ransiki,Indonesia
Progreso,Uruguay
Hewitt,United States
Manamelkudi,India
Targu Secuiesc,Romania
Poplar Bluff,United States
Burrillville,United States
Balasamudram,India
Cheran,India
Beni Zouli,Morocco
San Sebastian Tutla,Mexico
Longchang,China
Khirbat Ghazalah,Syria
Stepney,United Kingdom
Mukhtarpur Salkani,India
Kota,India
Fiano Romano,Italy
Massakory,Chad
Bethlehem,South Africa
Garou,Benin
Tadikalapudi,India
San Martino Buon Albergo,Italy
Nizhnyaya Salda,Russia
Cangandala,Angola
Welby,United States
Sikeston,United States
Jicin,Czechia
Griffith,United States
La Grange,United States
Restrepo,Colombia
Freiberg am Neckar,Germany
Sainte-Luce-sur-Loire,France
Mindelheim,Germany
Bois-d'Arcy,France
El Penol,Colombia
Giaveno,Italy
Oteapan,Mexico
Palma Campania,Italy
Yunshan,China
Oyamazaki,Japan
Turgutalp,Turkey
Neratovice,Czechia
Cotorra,Colombia
Ikast,Denmark
Kabugao,Philippines
Vitthalapuram,India
Petrovsk-Zabaykal'skiy,Russia
Readington,United States
Westwood,United States
Guben,Germany
Ait Faska,Morocco
Al Hibah,Egypt
Basford,United Kingdom
Alsfeld,Germany
eMuziwezinto,South Africa
Singhwara,India
West Norriton,United States
Altinopolis,Brazil
Santa Anita,Mexico
Eilenburg,Germany
Porumamilla,India
Silute,Lithuania
Do`stobod,Uzbekistan
Vodil,Uzbekistan
Handlova,Slovakia
Xiangjiaba,China
Gokarna,India
San Pedro de Lloc,Peru
Taree,Australia
Khutauna,India
Llantwit Fardre,United Kingdom
Saraikela,India
Izamal,Mexico
Brzesko,Poland
Bandora,India
Kozienice,Poland
Osmaneli,Turkey
Aguas de Lindoia,Brazil
Rosu,Romania
Bileh Savar,Iran
Kanhauli Manohar,India
Preetz,Germany
Tocantins,Brazil
Sulphur Springs,United States
Attur,India
Ampahimanga,Madagascar
Alegria,Philippines
Itahri,India
Aruvapalam,India
Castellaneta,Italy
Harenkarspel,Netherlands
Bruggen,Germany
Chotala,India
Shimanovsk,Russia
Grosse Pointe Woods,United States
Aguadulce,Spain
Riversdale,South Africa
Ganeshpur,India
Segoubougou,Mali
Monte Carmelo,Venezuela
Chorfa,Algeria
As Sukhnah,Syria
Ivanava,Belarus
Huarmey,Peru
Maardu,Estonia
Four Corners,United States
Banora Point,Australia
Kotoura,Japan
Moulay Bousselham,Morocco
Bingawan,Philippines
Kirsanov,Russia
Ranong,Thailand
Erlensee,Germany
Grossenkneten,Germany
Wendlingen am Neckar,Germany
Baharu,India
Knemis Dades,Morocco
Kamyzyak,Russia
Pujili,Ecuador
Ramnagar,India
Roznov pod Radhostem,Czechia
Caldera,Chile
Pielisjarvi,Finland
Agiripalle,India
Al Awjam,Saudi Arabia
Ban Kao,Thailand
Markranstadt,Germany
Castenaso,Italy
Rygge,Norway
Svatove,Ukraine
Kittur,India
Venustiano Carranza,Mexico
Voss,Norway
Tyldesley,United Kingdom
Caravaggio,Italy
Springfield,Canada
Sylvan Lake,Canada
Mafune,Mali
Trindade,Sao Tome and Principe
Parma,United States
Upala,Costa Rica
Port-de-Bouc,France
Santa Cruz Mulua,Guatemala
Lithia Springs,United States
Punta Umbria,Spain
East Barnet,United Kingdom
Grandville,United States
Cerro Azul,Brazil
Jaypul,India
Los Muermos,Chile
Hermitage,United States
Bishop Auckland,United Kingdom
Noale,Italy
Quarteira,Portugal
Upton,United Kingdom
Bang Phae,Thailand
'Ain Babouche,Algeria
Yeni Suraxani,Azerbaijan
Jakkampalaiyam,India
Schluchtern,Germany
Chennur,India
Center Point,United States
Segou,Benin
Fort Drum,United States
Janakkala,Finland
Rustampur,India
Bumpe,Sierra Leone
Simcoe,Canada
Math Lohiyar,India
Kamayakkavundanpatti,India
Ustron,Poland
Golhisar,Turkey
Douglas,United States
Subachoque,Colombia
Ripon,United States
Sultanabad,India
Kujwa,South Korea
Parrita,Costa Rica
Abiy Adi,Ethiopia
Ambarakaraka,Madagascar
Gubin,Poland
Bals,Romania
Jalalabad,India
Aghbal,Morocco
Medjana,Algeria
Verneuil-sur-Seine,France
Chaona,China
Cherukunnu,India
Bahce,Turkey
Azalea Park,United States
Duxbury,United States
Gardendale,United States
Khusropur,India
Tarqui,Colombia
Svitavy,Czechia
El Ach,Algeria
Diabigue,Mali
Pilkha,India
Bakarpur Ogairah,India
Nonantola,Italy
Bovolone,Italy
Frogn,Norway
Canudos,Brazil
Kajur,India
Easthampton,United States
Surappalli,India
Nowogard,Poland
Panajachel,Guatemala
Hibbing,United States
North Fayette,United States
Chinggil,China
Montbrison,France
Birhana,India
Exeter,United States
Jacupiranga,Brazil
Opa-locka,United States
Glasgow,United States
Ubata,Brazil
Hazro,Turkey
Anantapalle,India
Nyahanga,Tanzania
Johnstone,United Kingdom
Chai Prakan,Thailand
Aurahi,India
Aquitania,Colombia
Hajdunanas,Hungary
Ottur,India
Horodok,Ukraine
Viskovo,Croatia
Fatipura,India
Ottakkadai,India
Gavrilov-Yam,Russia
Rumilly,France
Banigbe,Benin
Gaillac,France
Novoukrainka,Ukraine
Vaureal,France
Kolluru,India
Ramewadi,India
Owase,Japan
Wohlen,Switzerland
Santiago Tulantepec,Mexico
Mecheraa Asfa,Algeria
Shahpur,India
Olecko,Poland
Hugo,United States
Federal,Argentina
Dalachi,China
Domont,France
Kalanjur,India
Tankal,Philippines
Dyersburg,United States
Bhiloda,India
Quiindy,Paraguay
Yaojia,China
Fussen,Germany
Lere,Mali
Mennecy,France
Makhu,India
East Highland Park,United States
Fartura,Brazil
Ain Taoujdat,Morocco
Vontimitta,India
Safo,Mali
Sultonobod,Tajikistan
Tachiarai,Japan
Badshahpur,India
Baleyara,Niger
Sulechow,Poland
Mount Pleasant,United States
Serarou,Benin
Mikkabi,Japan
Gatesville,United States
Cenovi,Dominican Republic
Strathroy,Canada
Ayyampalaiyam,India
Darien,Colombia
Southern Pines,United States
Middle Smithfield,United States
Saint-Leu-la-Foret,France
Sivapuram,India
Berezan,Ukraine
Telfs,Austria
Mayilur,India
Al Hazm,Yemen
Artesia,United States
Niceville,United States
Saint-Amand-les-Eaux,France
Scordia,Italy
Agudo,Brazil
Ranohira,Madagascar
Tourlaville,France
Penugonda,India
Qarabulaq,Kazakhstan
Senkaya,Turkey
North Strabane,United States
Worcester Park,United Kingdom
Kayanna,India
Mahavelona,Madagascar
Samarate,Italy
St. Simons,United States
Ciudad de Huitzuco,Mexico
Floral Park,United States
Lynden,United States
Cajueiro,Brazil
Az Zintan,Libya
Dublin,United States
Zeulenroda,Germany
Hayden,United States
Wolf Trap,United States
Qazyan,Azerbaijan
South Houston,United States
Rahon,India
Marahom,India
Girua,Brazil
Hayange,France
Locarno,Switzerland
Ascheberg,Germany
Aue,Germany
Ya`bad,West Bank
Myrza-Ake,Kyrgyzstan
Marbach am Neckar,Germany
Bracebridge,Canada
Santa Ana,Honduras
Satiro Dias,Brazil
Menzelinsk,Russia
Urucara,Brazil
Breisach am Rhein,Germany
Rani Shakarpura,India
South River,United States
Sapatgram,India
Utnur,India
Kumaranallur,India
Highland Village,United States
Pewaukee,United States
Sughrain,India
Sidi Azzouz,Morocco
El Rosario,Mexico
Asarcik,Turkey
Summerside,Canada
Longji,China
Asara,India
Dandu Mailaram,India
Al Mazar ash Shamali,Jordan
Tsiningia,Madagascar
Antindra,Madagascar
Andapafito,Madagascar
Vohilengo,Madagascar
Manompana,Madagascar
Bevonotra,Madagascar
Betanty,Madagascar
Mandrosonoro,Madagascar
Ankazondandy,Madagascar
Androrangavola,Madagascar
Fiadanana,Madagascar
Alarobia,Madagascar
Inanantonana,Madagascar
Ambalatany,Madagascar
Andemaka,Madagascar
Vohiposa,Madagascar
Anjangoveratra,Madagascar
Leanja,Madagascar
Fenoarivo,Madagascar
Fenoarivo,Madagascar
Bekitro,Madagascar
Ambohibe,Madagascar
Tangainony,Madagascar
Antsenavolo,Madagascar
Analila,Madagascar
Mangabe,Madagascar
Baltit,Pakistan
Tullinge,Sweden
Kafia Kingi,South Sudan
San Ignacio,El Salvador
Manafwa,Uganda
Buwama,Uganda
Sardoba,Uzbekistan
Ishtixon Shahri,Uzbekistan
Mong Duong,Vietnam
Bethulie,South Africa
Troutdale,United States
Watrap,India
Lower Salford,United States
La Grange,United States
Marco Island,United States
Chilgazi,Tajikistan
Zemrane,Morocco
Iziaslav,Ukraine
Walldorf,Germany
Neriyamangalam,India
Dengka,China
Dianga,China
Bay Village,United States
Usharal,Kazakhstan
Caidat Sidi Boubker El Haj,Morocco
Seven Oaks,United States
Canmore,Canada
East Finchley,United Kingdom
Caerphilly,United Kingdom
Lewes,United Kingdom
Nanattuparai,India
San Cesareo,Italy
Ambohimalaza,Madagascar
Guioyo,Mali
Illingen,Germany
Santa Catarina Juquila,Mexico
Vallirana,Spain
Raiganj Bazar,India
Hammam al `Alil,Iraq
Tasil,Syria
Bathurst,Canada
Vicente Guerrero,Mexico
Balneario do Rincao,Brazil
Jawalgeri,India
Kizhur,India
Kudali,India
Cruz Machado,Brazil
Ouamri,Algeria
Antadinga,Madagascar
Michelstadt,Germany
Este,Italy
The Dalles,United States
Yurihama,Japan
Chittayankottai,India
Neykkarappatti,India
Mwingi,Kenya
Nyasvizh,Belarus
Chertsey,United Kingdom
Grain Valley,United States
Sukth,Albania
Valavakattumula,India
Obra,India
Mohanpur,India
Amarwara,India
Capitan Sarmiento,Argentina
Ambohidrapeto,Madagascar
Bahutal,India
Warren,United States
Landen,Belgium
Kyabe,Chad
Susehri,Turkey
Gentbrugge,Belgium
Simmerath,Germany
Patapatnam,India
Poronaysk,Russia
Gourrama,Morocco
Longwood,United States
Tagazhi,India
Ishidoriyacho-eso,Japan
Zhytkavichy,Belarus
Motru,Romania
Ras el Oued,Morocco
Mandiakui,Mali
Al Bahnasa,Egypt
South Hayling,United Kingdom
Starobilsk,Ukraine
Washington,United States
Ilanskiy,Russia
Valeggio sul Mincio,Italy
Tarquinia,Italy
Suchteln,Germany
Despujols,Philippines
Alotau,Papua New Guinea
Ormeau,Australia
Hongsi,China
Androy,Madagascar
Brahmadesam,India
Alabat,Philippines
Campanha,Brazil
Manatanna,India
Warrington,United States
Codru,Moldova
Gargzdai,Lithuania
Sertanopolis,Brazil
Xiaqiaotou,China
Bailesti,Romania
Noisiel,France
Penicuik,United Kingdom
Saint-Julien-en-Genevois,France
Bom Jesus,Brazil
Apora,Brazil
Windham,United States
Cumaru,Brazil
Rasnov,Romania
Comarapa,Bolivia
Indianola,United States
Weener,Germany
Sin-le-Noble,France
Alhandra,Brazil
Seymour,United States
Karambakkudi,India
Lakamane,Mali
Petite-Synthe,France
Adwick le Street,United Kingdom
Quixelo,Brazil
Americus,United States
Red Oak,United States
Piacabucu,Brazil
Sayalkudi,India
Suchindram,India
Vlagtwedde,Netherlands
Paso de Carrasco,Uruguay
Victor,United States
Hayes,United Kingdom
San Giovanni in Fiore,Italy
Seltso,Russia
Kursumlija,Serbia
Jbabra,Morocco
Calbuco,Chile
Marmeleiro,Brazil
Schaesberg,Netherlands
Chubbuck,United States
Heggadadevankote,India
Aladag,Turkey
Bastogne,Belgium
Rendon,United States
Zunil,Guatemala
Humacao,Puerto Rico
Frederick,United States
Sint-Kruis,Belgium
Eilendorf,Germany
Greater Napanee,Canada
Cerejeiras,Brazil
Luzhou,China
San Julian,Mexico
Plaza Huincul,Argentina
Vijayapuri North,India
Turffontein,South Africa
Quezon,Philippines
Gheorgheni,Romania
Seaford,United States
Addlestone,United Kingdom
Vellikulangara,India
Dighirpar,India
Lam Luk Ka,Thailand
Antrim,United States
Concorezzo,Italy
Serta,Portugal
Parkway,United States
Mahires,Tunisia
Fairhaven,United States
Brusciano,Italy
Esquipulas,Nicaragua
Davutlar,Turkey
Beek,Netherlands
Live Oak,United States
Kishundaspur,India
Dayton,United States
Palmer Ranch,United States
Udayagiri,India
Tapejara,Brazil
Bar,Montenegro
Garrel,Germany
Coos Bay,United States
Elkton,United States
Alvaraes,Brazil
Villalbilla,Spain
Drensteinfurt,Germany
Finsterwalde,Germany
Codroipo,Italy
Gryfice,Poland
Budakeszi,Hungary
Konigslutter am Elm,Germany
Wadern,Germany
Raychikhinsk,Russia
Rahden,Germany
Nidiyanga,India
Zevenbergen,Netherlands
Le Pecq,France
Oyodo,Japan
Tupi Paulista,Brazil
Baghlia,Algeria
Hammam M'Bails,Algeria
Valabhipur,India
Toma,Burkina Faso
Fremont,United States
Sahambala,Madagascar
Dembeni,Mayotte
Lonigo,Italy
Xiaozhengzhuang,China
Pawai,India
La Lucila,Argentina
Bonito,Brazil
Jatauba,Brazil
Gandevi,India
Osowa,Poland
Brofodoume,CÙte d'Ivoire
Chhapra Bahas,India
Dassari,Benin
Odaiyakulam,India
Lewiston,United States
Bruck an der Mur,Austria
Vatomandry,Madagascar
Ban Dung,Thailand
Hadjadj,Algeria
Mandialaza,Madagascar
Miguelturra,Spain
Feke,Turkey
Rypin,Poland
Hennebont,France
Morriston,United Kingdom
Miedzyrzec Podlaski,Poland
Dhusar Tikapatti,India
Srimushnam,India
Clarksburg,United States
Fruitville,United States
Ostrov,Czechia
Kodikkulam,India
Kadamakudi,India
Harlingen,Netherlands
Ban Samo Khae,Thailand
Santa Rosa,Argentina
Tapiramuta,Brazil
Tlaltetela,Mexico
Middleburg Heights,United States
Lake Country,Canada
Colonia Leopoldina,Brazil
Ropczyce,Poland
Grottammare,Italy
Tanakpur,India
Saviano,Italy
Grimes,United States
Kallur,India
Kumano,Japan
Kabayan,Philippines
Mamadysh,Russia
Ash Shaddadah,Syria
Batalha,Portugal
Cunit,Spain
Serinyol,Turkey
Haftkel,Iran
Cadoneghe,Italy
Lentate sul Seveso,Italy
Cholai,India
Altay,Mongolia
Ixhuatlan del Sureste,Mexico
Adrasmon,Tajikistan
Maliana,Timor-Leste
Tarancon,Spain
Brooklyn Park,United States
Diang,Cameroon
Langenau,Germany
Puluvappatti,India
Dhani Sukhan,India
Salonta,Romania
Bennane,Tunisia
Thibodaux,United States
Centre de Flacq,Mauritius
Belaur,India
Kunithala,India
Westbury,United States
Dhumnagar,India
Fontainebleau,France
Fatehpur,India
Vardannapet,India
Oarai,Japan
Krapkowice,Poland
Palagiano,Italy
Gulf Shores,United States
Shahpura,India
Palagonia,Italy
Altopascio,Italy
Weston,United States
Kandla Port,India
Chethakal,India
Mahudha,India
San Bartolome Jocotenango,Guatemala
Macedo de Cavaleiros,Portugal
Lubbenau/Spreewald,Germany
Elbeuf,France
Yorito,Honduras
Jamestown,United States
Newberry,United States
Lara,Australia
Ouadhia,Algeria
Ramada,Portugal
Ebersbach an der Fils,Germany
Laurentides,Canada
Vatutine,Ukraine
Goubellat,Tunisia
Esme,Turkey
Overland,United States
Novo Airao,Brazil
Gonohe,Japan
Hartford,United States
Kannampalaiyam,India
Bayramic,Turkey
Pijino del Carmen,Colombia
Taucha,Germany
Mansingha,India
Al Mu`abbadah,Syria
Akambadam,India
Sulat,Philippines
Zhutian,Taiwan
Wattignies,France
Kalanadu,India
Rupbas,India
Wailuku,United States
Kasimkota,India
San Antonio Palopo,Guatemala
Vieux Fort,Saint Lucia
Neustadt in Holstein,Germany
Diafarabe,Mali
Rutland,United States
Ipora,Brazil
Sonapur,India
Herisau,Switzerland
Ardestan,Iran
Quimavango,Angola
General Pinedo,Argentina
Schwarzenberg,Germany
Rakovnik,Czechia
Titel,Serbia
Itatim,Brazil
Sered',Slovakia
Santa Juliana,Brazil
Mirangaba,Brazil
Kondrovo,Russia
Hanover,Canada
Meco,Spain
Hille,Germany
Trisshileri,India
Usuda,Japan
Lindas,Norway
Chelsea,United States
Ribnitz-Damgarten,Germany
Correia Pinto,Brazil
Guasca,Colombia
Puduppatti,India
Minamiminowa,Japan
Corbera de Llobregat,Spain
Lymington,United Kingdom
Carugate,Italy
Orizona,Brazil
La Montanita,Colombia
Dubacherla,India
Longmeadow,United States
Campina da Lagoa,Brazil
Dieburg,Germany
Vail,United States
Zulte,Belgium
Bad Neustadt,Germany
Tarur,India
San Jacinto Amilpas,Mexico
Patton,United States
Maruim,Brazil
Knaresborough,United Kingdom
Langenberg,Germany
Eravattur,India
Fort Mohave,United States
Bharanikavu Tekku,India
Le Vesinet,France
Coelemu,Chile
Sahar,India
Steffisburg,Switzerland
Castillo,Dominican Republic
Stara L'ubovna,Slovakia
Dunaivtsi,Ukraine
Morges,Switzerland
Whitewater,United States
Pochampalli,India
Mwinilunga,Zambia
Galvan,Dominican Republic
North Whitehall,United States
Conwy,United Kingdom
Beko,India
Kimwanyi,Uganda
Taima,Japan
Saint-Pierre-des-Corps,France
Hilvarenbeek,Netherlands
Oulad Alioua,Morocco
Niepolomice,Poland
Coulommiers,France
Newton,United States
Beaucaire,France
Fos-sur-Mer,France
Northborough,United States
Mellila,Morocco
Si Satchanalai,Thailand
Turkaguda,India
Damdama,India
Bucimas,Albania
Beernem,Belgium
Noto,Japan
Aabenraa,Denmark
Xixucun,China
Carterton,United Kingdom
Todi,Italy
Azzano Decimo,Italy
Ifanadiana,Madagascar
Prospect Heights,United States
San Miguel,Philippines
Nova Brasilandia d'Oeste,Brazil
Baeza,Spain
Binningen,Switzerland
Yakumo,Japan
Tiran,Iran
Copparo,Italy
Dhanot,Pakistan
Springdale,United States
Montivilliers,France
Melonguane,Indonesia
Renai,Taiwan
Hillcrest Heights,United States
Orimattila,Finland
Sumbark,Czechia
Hedongcun,China
Ihaddadene,Morocco
Namala Guimbala,Mali
Bayt Saham,Syria
Bububu,Tanzania
Buckley,United Kingdom
Francheville,France
Ponders End,United Kingdom
Ince-in-Makerfield,United Kingdom
Tsukumiura,Japan
Colorado do Oeste,Brazil
Wenwu,China
Opelousas,United States
Valmontone,Italy
Driouch,Morocco
Bhit Bhagwanpur,India
Kajha,India
Dhemaji,India
Luce,France
Murud,India
Soavina,Madagascar
La Cruz,Mexico
Zhukovo,Russia
Arkivan,Azerbaijan
Tarhzout n'Ait Yazza,Morocco
Marivorahona,Madagascar
Ochiai,Japan
Bellmore,United States
Zarah Sharan,Afghanistan
Palmview,United States
Ban Tha Pho,Thailand
Mvurwi,Zimbabwe
Bengonbeyene,Equatorial Guinea
Balkonda,India
Kukes,Albania
Nioro du Rip,Senegal
Chenlu,China
Baile an Bhiataigh,Ireland
Donacarney,Ireland
Yazu,Japan
Campulung Moldovenesc,Romania
Scottsboro,United States
Porthcawl,United Kingdom
Capilla de Guadalupe,Mexico
Leso,Philippines
Mitchell,United States
Molinella,Italy
Jiaojiazhuang,China
Summerfield,United States
Toui,Benin
Manujan,Iran
North Reading,United States
Rajapur,India
Manjil,Iran
Toyoyama,Japan
Boudjima,Algeria
Ermua,Spain
Guinguineo,Senegal
Palmitos,Brazil
Hofgeismar,Germany
Dammaj,Yemen
Cumru,United States
Leopoldsburg,Belgium
Langenthal,Switzerland
Loma de Cabrera,Dominican Republic
Serpa,Portugal
Puttalam,India
Ashikita,Japan
Mayoyao,Philippines
Trelaze,France
Cheramkod,India
Solapuram,India
Pallappatti,India
Porto San Giorgio,Italy
Tobetsu,Japan
Chom Thong,Thailand
Dragasani,Romania
Kara-Kulja,Kyrgyzstan
Mays Chapel,United States
Tatahuicapan,Mexico
Oswestry,United Kingdom
Jurawanpur Karari,India
Olmue,Chile
La Roda,Spain
Dewangarh,India
Mangqu,China
Molnlycke,Sweden
Narendrapatnam,India
Kolakaluru,India
Zastron,South Africa
Antarvedi,India
Templin,Germany
Chembagaramanpudur,India
Calumpang,Philippines
Bilpura,India
Bexleyheath,United Kingdom
Chislehurst,United Kingdom
Porto Empedocle,Italy
Bilopillya,Ukraine
Julita,Philippines
Ponsacco,Italy
Boppard,Germany
Mouiat Ouennsa,Algeria
Sayville,United States
Sundarpur,India
Crusinallo,Italy
Dalanping,China
Epe,Germany
Shizukuishi,Japan
Chengala,India
Bhagta,India
Bhagwangola,India
Galliate,Italy
Khombole,Senegal
Newport Pagnell,United Kingdom
Hartselle,United States
Pozos,Costa Rica
Nakhon Nayok,Thailand
Baynala,India
Karaga,Ghana
Maullin,Chile
Akdepe,Turkmenistan
Najasa,Cuba
Zevio,Italy
Marsaskala,Malta
Muhammadabad,India
Sao Pedro do Sul,Brazil
Sebt Bni Smith,Morocco
Cosio,Mexico
Ban Pang Mu,Thailand
Kadaiyam,India
Belo,India
Xinyi,Taiwan
Pequannock,United States
Kompalle,India
Bi'r al `Abd,Egypt
Chamgardan,Iran
Seekonk,United States
Ernagudem,India
Cochoapa el Grande,Mexico
Toul,France
Chos Malal,Argentina
Ipua,Brazil
Mount Clemens,United States
Vendome,France
Lahoysk,Belarus
Santa Cruz de la Palma,Spain
Kasagi,Japan
Skhour Rehamna,Morocco
San Miguel Duenas,Guatemala
Tung Tau Tsuen,Hong Kong
Miyota,Japan
West Lealman,United States
Canapi,Brazil
Swinton,United Kingdom
Berea,United States
Frei Paulo,Brazil
Cat,Turkey
Shively,United States
El Chal,Guatemala
Zhirnovsk,Russia
Amberieu-en-Bugey,France
Edakkazhiyur,India
Machang,China
Jasol,India
Sabbah,Morocco
Puerto Pimentel,Peru
West Ham,United Kingdom
Einsiedeln,Switzerland
Chittur,India
Saligrama,India
Agrate Brianza,Italy
Santa Cecilia,Brazil
Mollerusa,Spain
Ponnamaravati,India
Eppelheim,Germany
Qaryat Suluq,Libya
Mezokovesd,Hungary
Palhalan,India
Shimanto,Japan
My Luong,Vietnam
Nailsea,United Kingdom
Codogno,Italy
Schiffweiler,Germany
Souagui,Algeria
Kukkundur,India
Sanatikri,India
Rakhiv,Ukraine
Frankfort,United States
Kumaralingam,India
Bissegem,Belgium
Bituruna,Brazil
Anar,Iran
Tidjikja,Mauritania
Jackson,United States
Yesilhisar,Turkey
Kyazanga,Uganda
Tanque Verde,United States
Greeneville,United States
Barra Velha,Brazil
Nannestad,Norway
Wanda,Argentina
Itariri,Brazil
Barod,India
Igapora,Brazil
Lwengo,Uganda
Tarascon,France
Gloria,Brazil
Bredasdorp,South Africa
Aleg,Mauritania
El Palmar,Venezuela
Yulee,United States
Edinet,Moldova
Matlock,United Kingdom
Mainburg,Germany
Bokoro,Chad
Rakvere,Estonia
Kucevo,Serbia
Diapaga,Burkina Faso
Certaldo,Italy
Ebn Ziad,Algeria
Lake Stickney,United States
Carthage,United States
Podporozhye,Russia
Lezhe,Albania
Nymburk,Czechia
Palanisettipatti,India
Sayo,Japan
Andover,United States
Sirali,India
Kinna,Sweden
Escaldes-Engordany,Andorra
Meghauna,India
Morteza Gerd,Iran
Zhuolan,Taiwan
Teodoro Schmidt,Chile
Saffron Walden,United Kingdom
Leixlip,Ireland
Kifosso,Mali
Yankton,United States
Durlesti,Moldova
Buston,Tajikistan
Taromske,Ukraine
Pipra Latif,India
Kanan,Japan
Batavia,United States
Nobres,Brazil
Longwy,France
Wittenheim,France
Patilar,India
Daigo,Japan
Pudtol,Philippines
Traverse City,United States
Bemidji,United States
'Ayn Bni Mathar,Morocco
Kurawar,India
Buda,United States
Banqiao,China
Hessle,United Kingdom
Kalyvia Thorikou,Greece
Asthanwan,India
Casalpusterlengo,Italy
Kyaunggon,Burma
Greenwood Village,United States
Vemuladivi,India
Mauranwan,India
Montijo,Spain
Dejen,Ethiopia
Ain el Hadid,Algeria
Linguere,Senegal
Ternat,Belgium
Todmorden,United Kingdom
Boksitogorsk,Russia
Tizi-n-Tleta,Algeria
Overpelt,Belgium
Funyan Bira,Ethiopia
Pichhor,India
Maskanah,Syria
Lajkovac,Serbia
Nkouraba,Mali
Isorana,Madagascar
Ambaguio,Philippines
Moreni,Romania
Skalica,Slovakia
Ban Nong Kathao,Thailand
Alpine,United States
Mezotur,Hungary
Hiep Hoa,Vietnam
Sabana Grande de Palenque,Dominican Republic
Sarai Jattan,India
Amboavory,Madagascar
Homosassa Springs,United States
Baiceng,China
Kyzyl-Suu,Kyrgyzstan
Sagala,Mali
Ban Duea,Thailand
Udala,India
Panorama,Brazil
Solec Kujawski,Poland
Rive-de-Gier,France
Turhapatti,India
Differdange,Luxembourg
Podstepki,Russia
Phulaut,India
Bilgi,India
Pianezza,Italy
Rosario Oeste,Brazil
Stapleford,United Kingdom
Soliera,Italy
Robinson,United States
Mitrapur,India
Bad Bramstedt,Germany
Weybridge,United Kingdom
Chilamatturu,India
Madera,Mexico
Ferndale,United States
Bimgal,India
Walnut Park,United States
Kestel,Turkey
Ventaquemada,Colombia
Taperoa,Brazil
Kambaduru,India
Broxburn,United Kingdom
Romit,Tajikistan
Al Hammam,Morocco
Arumbavur,India
Clausthal-Zellerfeld,Germany
Cipanas,Indonesia
Uthai Thani,Thailand
Aldine,United States
Robbinsville,United States
Jiblah,Yemen
Clinton,United States
Estrela de Alagoas,Brazil
Dilarpur,India
Nedumudi,India
Concepcion,Peru
Jamalpur,India
Ala-Buka,Kyrgyzstan
Dacheng,Taiwan
Loimaa,Finland
Nuth,Netherlands
Manohisoa,Madagascar
Sandhausen,Germany
Saint-Rambert,France
Odanavattam,India
Vipparla,India
Machelen,Belgium
Blomberg,Germany
Neston,United Kingdom
Efkarpia,Greece
Bugganipalle,India
Khao Yoi,Thailand
Eggertsville,United States
Spittal an der Drau,Austria
Tari,Papua New Guinea
Tururu,Brazil
Biscarrosse,France
Agios Ioannis Rentis,Greece
Clark,United States
Nancagua,Chile
Csongrad,Hungary
Canarana I,Brazil
Sorrento,Italy
Kerouane,Guinea
Dison,Belgium
Messias,Brazil
Zabbar,Malta
Chokkanathapuram,India
Potenza Picena,Italy
Guipavas,France
Andrakata,Madagascar
Weigelstown,United States
Sidcup,United Kingdom
Siladon,India
Sodag,India
Lal Khatanga,India
Khijri,India
Nova Olinda,Brazil
Malhada,Brazil
Haddon,United States
Canyon,United States
Patos,Albania
Dentsville,United States
Landazuri,Colombia
Ilovaisk,Ukraine
Villa del Rosario,Argentina
Besana in Brianza,Italy
Midar,Morocco
Santaquin,United States
Jamao al Norte,Dominican Republic
Paraiso,Dominican Republic
Fraga,Spain
Ewa Beach,United States
Seacombe,United Kingdom
Santa Maria Petapa,Mexico
Santa Ursula,Spain
Kurdamir,Azerbaijan
Odenthal,Germany
Magdiwang,Philippines
Fortuna,Costa Rica
Awlouz,Morocco
Butiama,Tanzania
Ambongamarina,Madagascar
Ban Khek Noi,Thailand
Princeton Meadows,United States
Jelcz-Laskowice,Poland
Samsikapuram,India
La Palma,United States
Raspur Patasia,India
Shchuchyn,Belarus
Gopalnagar,India
Strzegom,Poland
Minneola,United States
Ayutla de los Libres,Mexico
Ylivieska,Finland
Skipton,United Kingdom
Bouc-Bel-Air,France
Belchertown,United States
San Policarpo,Philippines
Coto de Caza,United States
Cruzilia,Brazil
Putaendo,Chile
San Jeronimo,Colombia
Silvi Paese,Italy
Victoria,Philippines
Kot Bhai,India
Mortara,Italy
Thoen,Thailand
Talainayar Agraharam,India
Lopare,Bosnia and Herzegovina
Urandi,Brazil
Kocakoy,Turkey
Frattaminore,Italy
Rajgadh,Nepal
Genappe,Belgium
Ratekau,Germany
Eden,United States
Novoanninskiy,Russia
Sava,Italy
Viseu de Sus,Romania
San Luis del Palmar,Argentina
Anao-aon,Philippines
Kumaramputtur,India
Bambous,Mauritius
Amatitan,Mexico
Uvalde,United States
Villaviciosa,Spain
Alta,Norway
Bunnik,Netherlands
Eldorado,Brazil
Dvur Kralove nad Labem,Czechia
Perivale,United Kingdom
Castro Daire,Portugal
New Haven,United States
Biatorbagy,Hungary
Semra,India
Kanegasaki,Japan
Bar,Ukraine
Gomboussougou,Burkina Faso
Daisen,Japan
Monroe,United States
Chhajli,India
Winkler,Canada
Israin Kalan,India
Chaltyr,Russia
Bradley,United States
Basarh,India
Jupi,Brazil
Gehrden,Germany
Maddikera,India
Amanganj,India
Undi,India
Villa Paranacito,Argentina
Bandar-e Khamir,Iran
Inhuma,Brazil
Kizel,Russia
Mantua,United States
Fort Leonard Wood,United States
Wombwell,United Kingdom
Phrae,Thailand
Sao Joao Evangelista,Brazil
Pihra,India
Atalaia do Norte,Brazil
Stanley,United Kingdom
Bankheri,India
Maydolong,Philippines
Ober-Ramstadt,Germany
Bennington,United States
Veys,Iran
Itajiba,Brazil
Mottola,Italy
Schriesheim,Germany
Bhanumukkala,India
Guerouma,Algeria
Vesoul,France
Kezmarok,Slovakia
Broxbourne,United Kingdom
Dudhgaon,India
Uirauna,Brazil
Andicun,China
Elandakuttai,India
Coolidge,United States
Nagasu,Japan
Guamare,Brazil
Vennesla,Norway
Medrissa,Algeria
Belari,India
Erongaricuaro,Mexico
Shal,Iran
Lagoa da Confusao,Brazil
Maryborough,Australia
Yenice,Turkey
White,United States
Akhty,Russia
Saint-Charles-Borromee,Canada
Niederkruchten,Germany
Tekkampatti,India
Matar,India
Chilcuautla,Mexico
Lyss,Switzerland
Sidi Ghiles,Algeria
Ulladulla,Australia
Sippola,Finland
Shedbal,India
Atyra,Paraguay
Kalikapur,India
Galanta,Slovakia
Motiong,Philippines
Pereiro,Brazil
Chemini,Algeria
Boumahra Ahmed,Algeria
Peddaboddepalle,India
Sahpur,India
Franklin Park,United States
Raynham,United States
Santafe,Spain
Yasnogorsk,Russia
Ruza,Russia
Udayendram,India
Es Sebt,Algeria
Beldanga,India
Mering,Germany
Castanet-Tolosan,France
Dawlish,United Kingdom
San Rafael Arriba,Costa Rica
Brookside,United States
Sarikamis,Turkey
Mangawan,India
Ratan,India
Tortum,Turkey
Rio Grande City,United States
Peralta,Dominican Republic
Shimohata,Japan
Pureparo de Echaiz,Mexico
Project Six,Philippines
Nonkon,Mali
Hendersonville,United States
Tenafly,United States
Penacova,Portugal
Phillipsburg,United States
Ovruch,Ukraine
Yasnyy,Russia
Civita Castellana,Italy
Volpiano,Italy
Cuevas del Almanzora,Spain
Castellarano,Italy
Kinross,South Africa
Dengshangcun,China
Bruntal,Czechia
Mexborough,United Kingdom
Pichucalco,Mexico
Libagon,Philippines
Anosy Avaratra,Madagascar
Discovery Bay,United States
Marui,India
Asbury Park,United States
Senlis,France
Kriel,South Africa
Beterou,Benin
Itanhandu,Brazil
Evans,United States
Metkovic,Croatia
Pimpalgaon Raja,India
Mulakaledu,India
Mashpee,United States
Cowansville,Canada
Conchas,Brazil
Rochedale,Australia
Carsibasi,Turkey
La Solana,Spain
Avrille,France
Northview,United States
Billapadu,India
Sainte-Anne-des-Plaines,Canada
Morlaix,France
Avsallar,Turkey
Arnedo,Spain
Tamesis,Colombia
Charam,Iran
Chervonopartyzansk,Ukraine
Burbach,Germany
Vieiro,Spain
Bidston,United Kingdom
Novouzensk,Russia
Whitman,United States
Capurso,Italy
Bunkeflostrand,Sweden
Shangtianba,China
Musapur,India
Saint-Brice-sous-Foret,France
Kanding,Taiwan
Swampscott,United States
Azpeitia,Spain
Humayingcun,China
Sumidouro,Brazil
Aravakkurichchi,India
Souk Et-Tleta des Oulad Hamdane,Morocco
Ljungby,Sweden
Harper Woods,United States
La Apartada,Colombia
Barrocas,Brazil
Salesopolis,Brazil
Galaz,Morocco
Huasca de Ocampo,Mexico
Pyapali,India
Kumiyama,Japan
Hallstahammar,Sweden
Gagarin Shahri,Uzbekistan
Zubin Potok,Kosovo
Upper Southampton,United States
Chellaston,United Kingdom
Ahram,Iran
Chinsali,Zambia
Dorfen,Germany
Mahaly,Madagascar
Seshambe,Tajikistan
Gombe,Uganda
Imerimandroso,Madagascar
Golmarmara,Turkey
Uchiko,Japan
Bangassi-Nangou,Mali
Isny im Allgau,Germany
Melouza,Algeria
Jangid,India
Amersham,United Kingdom
Tondangi,India
Bellavista,Chile
Hebli,India
San Vito al Tagliamento,Italy
Nakanojomachi,Japan
Dougouni,Mali
Tasucu,Turkey
Schwyz,Switzerland
Xiangyuncun,China
Belokurikha,Russia
Adjud,Romania
Cessnock,Australia
Wakuya,Japan
Lake Wylie,United States
Norridge,United States
Fray Luis A. Beltran,Argentina
Tanhuato de Guerrero,Mexico
Montagu,South Africa
Petlawad,India
Borodino,Russia
Espumoso,Brazil
Itaporanga,Brazil
Yaguaraparo,Venezuela
Ramonville-Saint-Agne,France
Verwood,United Kingdom
Seven Pagodas,India
Salua,India
Gayeri,Burkina Faso
Pa,Burkina Faso
Redruth,United Kingdom
Cumbum,India
Waremme,Belgium
Rio San Juan,Dominican Republic
Puliyur,India
Hathiaundha,India
Moura,Portugal
Sobreda,Portugal
Dixon,United States
Kauhava,Finland
Douar El Arbaa Bou Quorra,Morocco
Skvyra,Ukraine
Lakhaura,India
Gaspe,Canada
Palmers Green,United Kingdom
Totteridge,United Kingdom
Gurramkonda,India
Nazare,Portugal
Meruoca,Brazil
Mateszalka,Hungary
Lebanon,United States
Podebrady,Czechia
Blaydon,United Kingdom
Winkfield,United Kingdom
Chittarikal,India
San Pedro Tapanatepec,Mexico
Front Royal,United States
Kawaminami,Japan
Vincent,United States
Florencia,Costa Rica
New Brighton,United Kingdom
Poco Fundo,Brazil
Argun,Russia
Biritinga,Brazil
Mallapuram,India
Huyuk,Turkey
Telua,India
Vicovu de Sus,Romania
Alice,South Africa
Glasgow,United States
Canet de Mar,Spain
Belmont,United States
America Dourada,Brazil
Castiglione del Lago,Italy
Kontiolahti,Finland
Horsham,Australia
Kawasaki,Japan
Vasterhaninge,Sweden
Grodzisk Wielkopolski,Poland
Johnson City,United States
Mineral Wells,United States
Gangapur,India
Majiagoucha,China
Ambohimierambe-Andranofito,Madagascar
Bella Vista,Argentina
Baiersbronn,Germany
Laxou,France
Sansepolcro,Italy
Lovua,Angola
Bayserke,Kazakhstan
Warni,India
Srivardhan,India
Kutchan,Japan
Ban Na Kham,Thailand
Jaguapita,Brazil
Tagounite,Morocco
Zacualpan,Mexico
Mazagran,Algeria
Ashby de la Zouch,United Kingdom
Xihuangni,China
Ceska Trebova,Czechia
Astravyets,Belarus
Vize,Turkey
Illzach,France
Ain Mediouna,Morocco
Rumst,Belgium
Koduman,India
Tamaki,Japan
Cuarte de Huerva,Spain
Radviliskis,Lithuania
Sakabansi,Benin
Mirai,Brazil
Maesawa,Japan
Bhoj,India
Itki Thakurgaon,India
Khaira,India
Chautham,India
Doumanaba,Mali
Gondomar,Spain
Brake,Germany
Bilaua,India
Kulunda,Russia
Fritzlar,Germany
Newtown,United States
Silvino Lobos,Philippines
Vandalia,United States
Markgroningen,Germany
Nopala de Villagran,Mexico
Witzenhausen,Germany
Kenmore,United States
Wulflingen,Switzerland
Huitzilan,Mexico
Usingen,Germany
Galatone,Italy
Torello,Spain
Ban Ton Thong Chai,Thailand
Grenzach-Wyhlen,Germany
Babhani Bholwa,India
Al Madamud,Egypt
Tagoloan,Philippines
Highland Springs,United States
Bhatranha,India
Neustadt bei Coburg,Germany
Changamkari,India
Putaparti,India
Cernavoda,Romania
Rossville,United States
Capotille,Haiti
Kidal,Mali
Sooke,Canada
Tabhka Khas,India
Berkley,United States
Bad Wurzach,Germany
Hasanpur,India
Jadia,India
Phongsali,Laos
Beech Grove,United States
La Fleche,France
Bina,India
Laurinburg,United States
Bonheiden,Belgium
Issoire,France
Makapanstad,South Africa
West Park,United States
Saint-Avertin,France
Kohir,India
Natividade do Carangola,Brazil
Hatton,Sri Lanka
Campodarsego,Italy
Hasanganj,India
Clevelandia,Brazil
Mqam at Tolba,Morocco
Ipaucu,Brazil
Grefrath,Germany
Buttelborn,Germany
Chateau-Thierry,France
Mani,Burkina Faso
Peddapalle,India
Devendranagar,India
Depew,United States
Northenden,United Kingdom
Ut Bulag,China
Ogijares,Spain
Olonne-sur-Mer,France
Degtyarsk,Russia
Sabou,Burkina Faso
Bangor,United Kingdom
Washington,United States
Alvinopolis,Brazil
Adilcevaz,Turkey
Pedara,Italy
Andondabe,Madagascar
Tatarikan,Philippines
Gantt,United States
Echuca,Australia
Kanungu,Uganda
Adams,United States
Bolivia,Cuba
Suhut,Turkey
Durham,United States
Le Bourget,France
Patnanungan,Philippines
Rizal,Philippines
New Paltz,United States
Rajni,India
Ekma,India
Kawagoe,Japan
Los Osos,United States
Perchtoldsdorf,Austria
Amlash,Iran
Port Royal,United States
Pontinia,Italy
La Magdalena Tlaltelulco,Mexico
Tonawanda,United States
Murray Bridge,Australia
Tubod,Philippines
Uckfield,United Kingdom
Revur,India
Guadalupe Victoria,Mexico
Talladega,United States
Kamitonda,Japan
Ochanthururtha,India
Chepica,Chile
El Arenal,Mexico
Contamana,Peru
Tone,Japan
Le Hochet,Mauritius
Capela,Brazil
Satyamangala,India
Filiasi,Romania
Mastic,United States
Langerwehe,Germany
Udiyavara,India
Bissendorf,Germany
Ban Ho Mae Salong,Thailand
Ferreiros,Brazil
Monroe,United States
Roanoke Rapids,United States
Swallownest,United Kingdom
Keralassheri,India
Kutavettur,India
Brasilandia,Brazil
Klimavichy,Belarus
Puerto Salgar,Colombia
Kuusamo,Finland
Islampur,India
Bangui,Philippines
Ban Mae Sun Luang,Thailand
Boa Esperanca do Sul,Brazil
Netherton,United Kingdom
Aruvikkara,India
White Center,United States
Kaintragarh,India
Landsberg,Germany
Konarka,India
Shamsa,India
Hudiksvall,Sweden
Westervoort,Netherlands
Busko-Zdroj,Poland
Andorinha,Brazil
Camp Pendleton South,United States
Cassano delle Murge,Italy
Gloversville,United States
Struga,North Macedonia
Dionisio Cerqueira,Brazil
Dembecha,Ethiopia
Naduvattam,India
Saidpur,India
Schiffdorf,Germany
Alpedrete,Spain
Roquebrune-sur-Argens,France
Kasli,Russia
Macomb,United States
Wallan,Australia
Hudson,United States
Mossendjo,Congo (Brazzaville)
Barajor,India
Pavannur,India
Pacific Grove,United States
Carrieres-sur-Seine,France
Ben Taieb,Morocco
Verdal,Norway
Acala,Mexico
Fayroz Koh,Afghanistan
Taywarah,Afghanistan
Baraki,Afghanistan
Spitak,Armenia
Villa Ojo de Agua,Argentina
Baisari,Bangladesh
Jamaica,Cuba
Guayos,Cuba
Tillor Khurd,India
Chettikulam,India
Muttamtura,India
Mundia,India
Damalcheruvu,India
Miri,India
Cortalim,India
Majhgawan,India
Hombal,India
Bellatti,India
Singhanwala,India
Hullahalli,India
Sathamba,India
Valattur,India
Turori,India
Shafinagar,India
Khandhar,India
Galatge,India
Vasa,India
Bartalah,Iraq
Amirli,Iraq
Quthing,Lesotho
Manambondro,Madagascar
Milenaka,Madagascar
Soalala,Madagascar
Ambodiriana,Madagascar
Befasy,Madagascar
Kopoky,Madagascar
Ramainandro,Madagascar
Ambinanindrano,Madagascar
Analamary,Madagascar
Ambatomanjaka,Madagascar
Andranovelona,Madagascar
Ianantsony,Madagascar
Imanombo,Madagascar
Beroy Atsimo,Madagascar
Alarobia Bemaha,Madagascar
Talata Ampano,Madagascar
Ambatoharanana,Madagascar
Sahave,Madagascar
Bevoay,Madagascar
Anahidrano,Madagascar
Ambahive,Madagascar
Ifatsy,Madagascar
Ankisabe,Madagascar
Anjoma-Ramartina,Madagascar
Lokomby,Madagascar
Behisatse,Madagascar
Iharana,Madagascar
Manandona,Madagascar
Antanimenabaka,Madagascar
Marofototra,Madagascar
Tsiatajavona-Ankaratra,Madagascar
Antsoso,Madagascar
Ambesisika,Madagascar
Ankilimivory,Madagascar
Antanifotsy,Madagascar
Wan Long,Burma
Kyaukmyaung,Burma
Aiyetoro Gbede,Nigeria
Amawom,Nigeria
Ramechhap,Nepal
Bhimphedi,Nepal
Salyan,Nepal
Richmond,New Zealand
Mian Sahib,Pakistan
Awan Patti,Pakistan
Koungheul,Senegal
Bakel,Senegal
Yufle,Somalia
Kuljibrin,Syria
Sarmada,Syria
Gammarth,Tunisia
Ozdere,Turkey
Novyi Buh,Ukraine
Kalongo,Uganda
Matuga,Uganda
Zombo,Uganda
Mutukula,Uganda
Chaguaramas,Venezuela
Clarines,Venezuela
Kezi,Zimbabwe
Yinhua,China
Talpa de Allende,Mexico
Shambu,Ethiopia
Sanyi,Taiwan
Huchuan,China
Suvalan,Azerbaijan
Weisswasser/Oberlausitz,Germany
Anororo,Madagascar
Santa,Philippines
Susanville,United States
Pochep,Russia
Antequera,Philippines
La Gloria,Colombia
Arlington,United States
Kaguchi,India
Pyryatyn,Ukraine
Salinas da Margarida,Brazil
Sant'Arpino,Italy
Greenlawn,United States
Calanogas,Philippines
Yelur,India
Lapseki,Turkey
Mandleshwar,India
Pine,United States
Andipalaiyam,India
Metuchen,United States
Highland Park,United States
Obando,Colombia
Kurichchi,India
Belkheir,Algeria
Bouchegouf,Algeria
Tiadiaye,Senegal
Texenna,Algeria
Casalmaggiore,Italy
Candoi,Brazil
Porcia,Italy
Castelnuovo Rangone,Italy
Chrysoupoli,Greece
Avanos,Turkey
Spring Creek,United States
Kenora,Canada
Dinan,France
Kenley,United Kingdom
Harohalli,India
Pallasovka,Russia
Santa Brigida,Brazil
El Hadjira,Algeria
Holliston,United States
Paralimni,Cyprus
Saint-Servan-sur-Mer,France
Baucau,Timor-Leste
Cold Lake,Canada
Veliki Preslav,Bulgaria
Langelsheim,Germany
Goluwali,India
'Tlat Bni Oukil,Morocco
Santa Luzia,Brazil
Bludenz,Austria
Vianopolis,Brazil
Paris,Canada
Monkey Bay,Malawi
Much,Germany
Dolo,Italy
South Farmingdale,United States
Coconuco,Colombia
Great Baddow,United Kingdom
Finale Emilia,Italy
Sudbury,United Kingdom
Wyke,United Kingdom
Neustadt an der Donau,Germany
Kalininsk,Russia
Hooksett,United States
Branchburg,United States
Washington,United States
Vallur,India
Lambidou,Mali
Malsch,Germany
Beckingen,Germany
Hazel Park,United States
Mitane,Japan
Ratba,Morocco
Mendrisio,Switzerland
Ritterhude,Germany
Lemon Hill,United States
Joaima,Brazil
Popovo,Bulgaria
Sopelana,Spain
Restinga Seca,Brazil
Majholi,India
Lilburn,United States
Uusikaupunki,Finland
Villers-les-Nancy,France
Ganjam,India
Swidwin,Poland
Kimyogarlar,Uzbekistan
Calkini,Mexico
Chandi,India
Lake Arbor,United States
Itahara,Nepal
Jisr ez Zarqa,Israel
Ahigbe Koffikro,CÙte d'Ivoire
Chemmanam,India
Nalerigu,Ghana
Waunakee,United States
Schwabmunchen,Germany
Barysh,Russia
Brooks,Canada
Yellareddi,India
Lanji,India
Haubourdin,France
Sembedu,India
Lakkundi,India
Henderson,United States
Castanuelas,Dominican Republic
Nakagawa,Japan
Tecuala,Mexico
Fairview,United States
Pursa,India
Nerchinsk,Russia
Kunnumel,India
Potsdam,United States
Lalejin,Iran
Lolotique,El Salvador
Kew Green,United Kingdom
Lagangilang,Philippines
Jever,Germany
Barra do Sul,Brazil
Sardinal,Costa Rica
Badarpur,India
San Juan,Philippines
Kela Khera,India
Ammur,India
Ain Kansara,Morocco
West University Place,United States
Sindhnur,India
Aizubange,Japan
Vinanivao,Madagascar
Cifteler,Turkey
Kentville,Canada
Yauco,Puerto Rico
Aiyampuzha,India
Kurate,Japan
Chapelle-lez-Herlaimont,Belgium
Beizhou,China
Vakhsh,Tajikistan
Qumqo`rg`on,Uzbekistan
Quan'ancun,China
Arnouville-les-Gonesse,France
Glenn Dale,United States
Tsabit,Algeria
Sisian,Armenia
Coquimatlan,Mexico
Nastola,Finland
Valangiman,India
Naxxar,Malta
Stolac,Bosnia and Herzegovina
Dimiao,Philippines
Kisvarda,Hungary
Boulder City,United States
Jhandapur,India
Sassenheim,Netherlands
Putyvl,Ukraine
Fort Payne,United States
Sahakevo,Madagascar
Chemax,Mexico
West Wickham,United Kingdom
Parapatti,India
Cerro Maggiore,Italy
Taruma,Brazil
Doukouya,CÙte d'Ivoire
Champapur,India
Bacuag,Philippines
Przeworsk,Poland
Ngolobougou,Mali
Sera,Japan
San Tomas,Philippines
Lidzbark Warminski,Poland
Loganville,United States
Alampur,India
Hanamsagar,India
Fiorenzuola d'Arda,Italy
Nisko,Poland
Hereford,United States
Oldsmar,United States
Ravels,Belgium
Breaza,Romania
Forest City,United States
Kastsyukovichy,Belarus
Shklow,Belarus
Harchoune,Algeria
Tayum,Philippines
Hedehusene,Denmark
Shepshed,United Kingdom
Riverdale,United States
Madalena,Brazil
Cujubim,Brazil
Vellalapuram,India
Barharwa,India
Yuchi,Taiwan
Ayni,Tajikistan
Munsingen,Germany
Grecia,Costa Rica
Gross-Zimmern,Germany
Tamani,Mali
Chailaha,India
Havre de Grace,United States
Pomorie,Bulgaria
Chegdomyn,Russia
Williamstown,United States
Nagarur,India
Great Falls,United States
Davidson,United States
Qiaoyang,China
Stein bei Nurnberg,Germany
Mori,Japan
Bromborough,United Kingdom
Ritchie,South Africa
Berlare,Belgium
Montevrain,France
Chipurupalle,India
Niquinohomo,Nicaragua
El Maknassi,Tunisia
Madhuban,India
Rylsk,Russia
Tremelo,Belgium
Terra Rica,Brazil
Gabane,Botswana
Rellingen,Germany
Avalpundurai,India
Liangshan,China
Huitan,Guatemala
Koumaira,Mali
Tostedt,Germany
San Mateo del Mar,Mexico
San Vito,Costa Rica
Bela Vista do Paraiso,Brazil
Haga,Japan
Jinta,China
Taurianova,Italy
Timissa,Mali
Botelhos,Brazil
Monterrey,Colombia
Saint-Avold,France
Betsukai,Japan
Hariharpara,India
Cherry Hill Mall,United States
Grandola,Portugal
Tall Abyad,Syria
Mercaderes,Colombia
Kumaramangalam,India
Cabral,Dominican Republic
Tendukheda,India
California City,United States
Tadjourah,Djibouti
Petersfield,United Kingdom
Ponto Novo,Brazil
Montargis,France
Bolhrad,Ukraine
Cabanas,Guatemala
Warwick,United States
Cherrapunji,India
Port Antonio,Jamaica
Kumaripur,India
Nenmini,India
Kochkor-Ata,Kyrgyzstan
Doganhisar,Turkey
Niedernhausen,Germany
Karakocan,Turkey
Candido de Abreu,Brazil
Ilkley,United Kingdom
Patrocinio Paulista,Brazil
Benipati,India
Jozefoslaw,Poland
Radzyn Podlaski,Poland
Comox,Canada
Buerarema,Brazil
Drahichyn,Belarus
Cerritos,Mexico
Dennis,United States
Dehmoi,Tajikistan
Ostroh,Ukraine
Al Malikiyah,Bahrain
Weizhou,China
Muthallath al Azraq,Jordan
San Julian,Philippines
Anta,Portugal
Hanover,United States
Devarapalle,India
Merate,Italy
Souto Soares,Brazil
Palod,India
Citta Sant'Angelo,Italy
Baguley,United Kingdom
Stony Point,United States
Shuichecun,China
Kapiri Mposhi,Zambia
Bensville,United States
Deblin,Poland
Lapy,Poland
Harsefeld,Germany
Ezzhiliga,Morocco
Sortavala,Russia
Araputanga,Brazil
Itamonte,Brazil
Konina,Mali
Fiadanana,Madagascar
Lampa,Peru
Dubovka,Russia
Le Raincy,France
Oulad Dahmane,Algeria
Armagh,United Kingdom
Greensburg,United States
Sanquelim,India
Morris,United States
Sitio do Quinto,Brazil
Verrieres-le-Buisson,France
Laterza,Italy
Huckeswagen,Germany
Marlow,United Kingdom
Tabatinga,Brazil
Kamrawan,India
Curtorim,India
Harhorin,Mongolia
Hasanpur Juned,India
Lummen,Belgium
Chitila,Romania
Bo'ness,United Kingdom
Obanazawa,Japan
Diankabou,Mali
Tavares,Brazil
Fameck,France
Cherupazhasshi,India
Lebanon,United States
Hirono,Japan
Ludus,Romania
Cumpana,Romania
Penrith,United Kingdom
Maqat,Kazakhstan
Matungao,Philippines
Tiltil,Chile
Worthington,United States
Uhingen,Germany
Lockhart,United States
El Ateuf,Algeria
Briniamaro,Benin
Romilly-sur-Seine,France
Balham,United Kingdom
Vohipeno,Madagascar
Antioch,United States
Pincourt,Canada
Mozarlandia,Brazil
Whitefish Bay,United States
Teignmouth,United Kingdom
Perunkolattur,India
Sinmperekou,Benin
Sasso Marconi,Italy
Masalli,Azerbaijan
Entre Rios de Minas,Brazil
Danilov,Russia
Hammonton,United States
Ijra,India
Banbridge,United Kingdom
Eshowe,South Africa
Cocorna,Colombia
Punata,Bolivia
Garhpura,India
San Juan del Sur,Nicaragua
Tredegar,United Kingdom
Larkhall,United Kingdom
Boula'wane,Morocco
Chatham,United States
Cecil,United States
Mississippi Mills,Canada
Vaddapalli,India
Youdiou,Mali
Burshtyn,Ukraine
Bodmin,United Kingdom
Andurkonam,India
Tepetzintla,Mexico
Breukelen,Netherlands
Pilar,Argentina
Deming,United States
Bailleul,France
Labiod Medjadja,Algeria
Sakha,Egypt
Guilford,United States
Rio Negro,Chile
Sullivan,United States
Pindai,Brazil
Tsimlyansk,Russia
Chaabat el Leham,Algeria
Langwedel,Germany
Joubb Jannine,Lebanon
Selb,Germany
Roseau,Dominica
Loreto,Mexico
Sogutlu,Turkey
Neqab,Iran
Matsushige,Japan
Bou Djeniba,Morocco
Ramsey,United States
Baladharmaram,India
Muy Muy,Nicaragua
Prestwick,United Kingdom
San Gwann,Malta
Alagoinha,Brazil
Hickory Hills,United States
Riofrio,Colombia
Varnsdorf,Czechia
Oulad Driss,Morocco
Hilchenbach,Germany
Sahit,India
Mediouna,Morocco
Troon,United Kingdom
Chhapia,India
Tarumirim,Brazil
Paola,Italy
Androrangavola,Madagascar
Uch-Korgon,Kyrgyzstan
San Ramon,Peru
Lockhart,United States
Triunfo,Brazil
Purisima de la Concepcion,Colombia
Shimubi,China
Santa Croce sull' Arno,Italy
Tiszaujvaros,Hungary
Hima,Uganda
Tinchlik,Uzbekistan
Tirumalaiyampalaiyam,India
Cesis,Latvia
Koteshwar,India
Tapes,Brazil
Villa Alegre,Chile
Surbo,Italy
Ospitaletto,Italy
Nishinoomote,Japan
Onklou,Benin
Tlaxcala,Mexico
Saint-Jean-de-Luz,France
Lope de Vega,Philippines
Kirchhatten,Germany
Kodangipatti,India
Baie du Tombeau,Mauritius
Kurumbalur,India
Cedar Lake,United States
Alexander City,United States
Abensberg,Germany
Collecchio,Italy
Ankadinandriana,Madagascar
Coremas,Brazil
Paramati,India
La Carolina,Spain
Rubiera,Italy
Pattensen,Germany
Lognes,France
Montabaur,Germany
Melksham,United Kingdom
Ngoulemakong,Cameroon
Mahatsinjo,Madagascar
Enyelle,Congo (Brazzaville)
Caiaponia,Brazil
Broadlands,United States
Chirpan,Bulgaria
Ranomafana,Madagascar
Thuin,Belgium
Wibsey,United Kingdom
Corridonia,Italy
Sterling,United States
Manantheri,India
Bellaa,Algeria
Bere,Chad
Pudur,India
Navashino,Russia
Lakeland North,United States
Esbiaat,Morocco
Malvik,Norway
Las Guaranas,Dominican Republic
Santa Marta de Tormes,Spain
Kushimoto,Japan
Slobozhanske,Ukraine
Condoto,Colombia
Dzuunmod,Mongolia
Kysucke Nove Mesto,Slovakia
Thonotosassa,United States
Kamalganj,India
Madagh,Morocco
St. Clair,Canada
Rasulpur Dhuria,India
Owosso,United States
Black Forest,United States
Gladeview,United States
Zlotoryja,Poland
Greendale,United States
Capinopolis,Brazil
Mmopone,Botswana
Djanet,Algeria
At-Bashy,Kyrgyzstan
Malo,Italy
Alginet,Spain
Kujukuri,Japan
Mulakad,India
Boguszow-Gorce,Poland
Kaonke,India
Sprimont,Belgium
Saint-Brevin-les-Pins,France
Chippewa Falls,United States
Ferrier,Haiti
Vubatalai,India
Mangamila,Madagascar
Mineral del Monte,Mexico
Goure,Niger
Sisa,Peru
Targuist,Morocco
Tecpan de Galeana,Mexico
Limanowa,Poland
Tiruvasaladi,India
Woudrichem,Netherlands
Mahinog,Philippines
Bilozerske,Ukraine
Sepidan,Iran
Terrace,Canada
Ternitz,Austria
Combita,Colombia
Montmagny,France
Farnborough,United Kingdom
Rosa,Italy
Sigulda,Latvia
Rio Piracicaba,Brazil
Teixeira,Brazil
Langenselbold,Germany
Djebahia,Algeria
Pinia,Mali
Misaki,Japan
Beacon,United States
Hutchinson,United States
Hanover,United States
Mercier,Canada
Nea Alikarnassos,Greece
Abony,Hungary
Goulmima,Morocco
Bohodukhiv,Ukraine
Lumino,Uganda
Dahe,Benin
Immenstadt im Allgau,Germany
Alanganallur,India
Port Glasgow,United Kingdom
Rafina,Greece
Magione,Italy
Zontecomatlan de Lopez y Fuentes,Mexico
Vredefort,South Africa
Neubiberg,Germany
Ringwood,United Kingdom
Boston,Philippines
Cambuci,Brazil
Guajiquiro,Honduras
Kankipadu,India
Negresti-Oas,Romania
Bar-le-Duc,France
Neutraubling,Germany
Wilsdruff,Germany
Vemuluru,India
Roncade,Italy
Kiri,Congo (Kinshasa)
Paliaturutu,India
Bartabwa,Kenya
Huasuo,China
Castellammare del Golfo,Italy
Batuan,Philippines
Naranja,United States
Anzegem,Belgium
Hatten,Germany
Tullamore,Ireland
Ispir,Turkey
Monticello,United States
Tornesch,Germany
Montesson,France
Lowton,United Kingdom
Carmignano,Italy
Suo-Oshima,Japan
Rio Branco,Uruguay
Fraser,United States
Sinha,India
Ayt 'Attou ou L'Arbi,Morocco
Swansea,United States
Sveti Ivan Zelina,Croatia
Arroio dos Ratos,Brazil
Cabarete,Dominican Republic
Uzun,Uzbekistan
Chigwell,United Kingdom
Cay,Turkey
Nova Ponte,Brazil
Nesebar,Bulgaria
Lauda-Konigshofen,Germany
Great Bend,United States
Masmouda,Morocco
Holalagondi,India
Falls Church,United States
Jedrzejow,Poland
Red Bluff,United States
Guastalla,Italy
Plochingen,Germany
Satyun,India
Villa Yapacani,Bolivia
Yokoshiba,Japan
Kelamangalam,India
Dinmanpur,India
Palmeirais,Brazil
Sangota,Pakistan
Granados,Guatemala
Cajetina,Serbia
Saint-Genis-Pouilly,France
Thillangeri,India
Oulad Bou Rahmoun,Morocco
Tostado,Argentina
Baligaon,India
Gumushacikoy,Turkey
Bilina,Czechia
Al Qbab,Morocco
Lucao,Taiwan
Alexandria,United States
Agios Athanasios,Cyprus
Zabkowice Slaskie,Poland
Aleksandrovka,Kyrgyzstan
Severinia,Brazil
Cherryland,United States
Talya,India
Kanjikkovil,India
Jitwarpur Nizamat,India
Pineto,Italy
Bou Salem,Tunisia
Tzaneen,South Africa
Lakkampatti,India
Kuleshovka,Russia
Sassenberg,Germany
Palayad,India
Akora,India
Edenburg,South Africa
Benfreha,Algeria
Paniem,India
Breza,Bosnia and Herzegovina
Kottacheruvu,India
Andoain,Spain
Naivasha,Kenya
Qazyqurt,Kazakhstan
Jastrebarsko,Croatia
Darpa,India
Debar,North Macedonia
Essau,"Gambia, The"
Tiruppachur,India
Clarkston,United States
Key Biscayne,United States
San Francisco,Honduras
Relangi,India
Loviisa,Finland
Ban San Phak Wan Luang,Thailand
Bijaipur,India
Caln,United States
Bicas,Brazil
Solila,Madagascar
Ratzeburg,Germany
Adekar Kebouche,Algeria
Halwara,India
El Paisnal,El Salvador
Wilbraham,United States
Pontivy,France
Iakora,Madagascar
Talitsa,Russia
Reidsville,United States
Gundlapelle,India
Marofinaritra,Madagascar
Les Sables-d'Olonne,France
Merimandroso,Madagascar
Nolensville,United States
Parlier,United States
Moultrie,United States
Friedland,Germany
Edgewater,United States
Pindorama,Brazil
Ban Du,Thailand
Blidet Amor,Algeria
Narragansett,United States
Australind,Australia
Jun Bel,China
Ust'-Ordynskiy,Russia
Arbon,Switzerland
Bom Jesus do Galho,Brazil
Siswa,India
Bakun,Philippines
Siparia,Trinidad and Tobago
Nagireddipalli,India
Rio Paranaiba,Brazil
Nafplio,Greece
Zaouiet Kounta,Algeria
Ain Nouissy,Algeria
Kusaha,India
Falagueira,Portugal
Sarmin,Syria
Kizhakkummuri,India
Ban Kaeng,Thailand
Burglengenfeld,Germany
Plerin,France
Thorpe Saint Andrew,United Kingdom
Kannamanayakkanur,India
Pualas,Philippines
Dargahan,Iran
Cadaval,Portugal
Vitomirice,Kosovo
Moorestown-Lenola,United States
Ottweiler,Germany
Sha Kok Mei,Hong Kong
Pandhana,India
Herselt,Belgium
Minignan,CÙte d'Ivoire
Salem Lakes,United States
West Bradford,United States
Anapoima,Colombia
Munster,Germany
Moston,United Kingdom
Cayey,Puerto Rico
Middlesex,United States
Torokbalint,Hungary
Sonora,Brazil
Saint-Fargeau,France
Pakarya Harsidhi,India
Tabuse,Japan
Reboucas,Brazil
Dieramana,Mali
Guachochi,Mexico
Mbuyapey,Paraguay
Mosina,Poland
Valea Lupului,Romania
Chelsfield,United Kingdom
Oria,Italy
Quinapundan,Philippines
Aberdare,United Kingdom
Suwasra,India
San Martin de Loba,Colombia
Farap,Turkmenistan
Angus,Canada
Turnov,Czechia
Nadisal,India
Gavinivaripalem,India
Surajpura,India
Sadhoa,India
Guanduqiao,China
Kandela,India
Sokone,Senegal
Oyam,Uganda
West Lincoln,Canada
Ceres,Argentina
Yanhewan,China
Ouled Sidi Brahim,Algeria
Verona,United States
Ludvika,Sweden
Mykolaiv,Ukraine
Tenente Portela,Brazil
Agua Fria,Brazil
San Gabriel,Ecuador
Bois-Guillaume,France
Lingal,India
Morton,United Kingdom
Chinnavadampatti,India
Poco das Trincheiras,Brazil
Niederzier,Germany
Lakho,India
Santa Catalina,Philippines
Barhni,India
Mount Vernon,United States
Deysbrook,United Kingdom
Harduli,India
Ksibet el Mediouni,Tunisia
Eberbach,Germany
Ahmed Rachedi,Algeria
Askim,Norway
Murra,Nicaragua
Bothell East,United States
Araruna,Brazil
Thornbury,United Kingdom
Olsberg,Germany
San Carlos,Colombia
Jasper,United States
Babhangawan,India
Fujisaki,Japan
Mesa Geitonia,Cyprus
Eisenstadt,Austria
Barroquinha,Brazil
Lotte,Germany
Cehegin,Spain
Nawada,India
Buggenhout,Belgium
Eching,Germany
Brainerd,United States
Nampicuan,Philippines
Qobustan,Azerbaijan
Haacht,Belgium
Hopatcong,United States
Ocana,Spain
Chai Nat,Thailand
Tachov,Czechia
Pilisvorosvar,Hungary
Douar Oulad Driss,Morocco
Lyzbice,Czechia
Pakala,India
Markacho,India
Roh,India
Tlayacapan,Mexico
Oneonta,United States
Huizucar,El Salvador
Szarvas,Hungary
Khallikot,India
Goshen,United States
Tiruvalanjuli,India
Sommacampagna,Italy
Radovis,North Macedonia
Plumtree,Zimbabwe
East Whiteland,United States
Ichikawamisato,Japan
Lagunia Surajkanth,India
Wilmington Island,United States
Salida,United States
Ankaramena,Madagascar
Yangasso,Mali
Lopik,Netherlands
Santo Domingo Xenacoj,Guatemala
Southgate,United Kingdom
Tarlapalli,India
Srinagar,India
Zayda,Morocco
Larena,Philippines
Sopetran,Colombia
Raj,Czechia
Valenton,France
Santa Maria,Chile
Shatrana,India
Mansala,India
Jacarau,Brazil
Narahia,India
Bara,India
Corinth,United States
Livingston,United States
Asagiri,Japan
Brwinow,Poland
Masty,Belarus
Tavagnacco,Italy
Skippack,United States
Romsey,United Kingdom
Lagoa,Portugal
Nether Providence,United States
Xintian,China
Alamo,United States
Verona,United States
Alloa,United Kingdom
Dallas,United States
Garmen,Bulgaria
Eggenfelden,Germany
Ait Yaich,Algeria
Gernsbach,Germany
Vinci,Italy
Kemp Mill,United States
Pahou,Benin
Jacaraci,Brazil
Claxton Bay,Trinidad and Tobago
Barranco de Loba,Colombia
Sirmaur,India
Bokod,Philippines
Ban Ao Nang,Thailand
Rauch,Argentina
Araceli,Philippines
Lengede,Germany
Kalocsa,Hungary
Junqan,Iran
Ampohibe,Madagascar
Perai,Malaysia
Busembatia,Uganda
Kolwara,India
Ascension,Bolivia
Morroa,Colombia
Baqiabad,India
Satwas,India
Bagulin,Philippines
Aartselaar,Belgium
Saint-Gilles,France
Davorlim,India
Alur,India
Ulchin,South Korea
Dollis Hill,United Kingdom
Painan,Indonesia
Dornakal,India
Lavaltrie,Canada
Villa Vasquez,Dominican Republic
Tirkarur,India
Gryazovets,Russia
Kharki,India
Clarksdale,United States
Belvedere Park,United States
Preveza,Greece
Canteleu,France
Mantaly,Madagascar
East Bridgewater,United States
Zhabinka,Belarus
Korsor,Denmark
Barhi,India
Auray,France
Middlewich,United Kingdom
General Cabrera,Argentina
Vadugapatti,India
Gorbea,Chile
Magurele,Romania
New Cassel,United States
Killarney,Ireland
Saint-Maurice,France
Chateau-d'Olonne,France
General MacArthur,Philippines
San Sebastian,El Salvador
Ghora Gali,Pakistan
Chik Banavar,India
Yerere,Mali
Farmington,United States
Paidiipalli,India
Valbom,Portugal
Sukhinichi,Russia
East Greenwich,United States
Itau de Minas,Brazil
Markdorf,Germany
Mutyalapalle,India
Scottsbluff,United States
Washington Court House,United States
Nagra,India
Haldibari,India
Landau an der Isar,Germany
Hetton le Hole,United Kingdom
Baoshan,Taiwan
Alindao,Central African Republic
Tupran,India
Bo,Vietnam
Wangjiaxian,China
San Antonio,Colombia
Concepcion Quezaltepeque,El Salvador
Bo`ston,Uzbekistan
Choszczno,Poland
Short Hills,United States
Sorso,Italy
Lohfelden,Germany
Sainte-Maxime,France
Woippy,France
Chiconquiaco,Mexico
Lubbeek,Belgium
Kihoku,Japan
Majia,China
Hargawan,India
Liestal,Switzerland
San Cristobal,Argentina
Stafa,Switzerland
Lobau,Germany
Rheydt,Germany
Spenge,Germany
Anomabu,Ghana
Zaysan,Kazakhstan
Mohanpur Gaughata,India
Yamada,Japan
Kusnacht,Switzerland
Rokycany,Czechia
Shchigry,Russia
Karempudi,India
Maria,Philippines
Vasad,India
Ladainha,Brazil
Pont-a-Mousson,France
Somerton,United States
West Derby,United Kingdom
Lauro Muller,Brazil
La Carlota,Spain
Puraini,India
Kamatgi,India
Impruneta,Italy
New Hamburg,Canada
Opwijk,Belgium
Villa Rica,Colombia
Abinsk,Russia
Zeven,Germany
Morpeth,United Kingdom
Tezu,India
Sanlucar la Mayor,Spain
Ozarow Mazowiecki,Poland
Doria Sonapur,India
Penuganchiprolu,India
Sailana,India
West Drayton,United Kingdom
Boguchar,Russia
Rosarno,Italy
Nacozari Viejo,Mexico
Vatluru,India
Patiali,India
Churumuco de Morelos,Mexico
Miena,Mali
Lindenhurst,United States
Elizabethton,United States
West Nipissing / Nipissing Ouest,Canada
Moncks Corner,United States
Dumas,United States
Barela,India
Neu-Anspach,Germany
Bollullos par del Condado,Spain
Saint-Omer,France
Otley,United Kingdom
Santa Rosalia,Mexico
Srbobran,Serbia
Sidi Azzouz,Morocco
Jitauna,Brazil
Miho,Japan
Volgorechensk,Russia
Serinhisar,Turkey
Artsyz,Ukraine
North New Hyde Park,United States
Bainbridge,United States
Thondiamannu,India
Shepherdsville,United States
Simoes,Brazil
Saddle Brook,United States
Carmopolis de Minas,Brazil
Grafing bei Munchen,Germany
Persan,France
Ozark,United States
Breyten,South Africa
Huron,United States
Fallsburg,United States
Baulia,India
Bihpuriagaon,India
Iheddadene,Morocco
Jacksonville,United States
Zhutang,Taiwan
Bedford,United States
Jiaoxiyakou,China
Balangiga,Philippines
Narhan,India
Bhanukumari,India
Tianguistengo,Mexico
Alto Longa,Brazil
Tavros,Greece
Strathmore,Canada
Leno,Italy
Hindalgi,India
Monte Alegre de Sergipe,Brazil
Castelsarrasin,France
San Andres Timilpan,Mexico
Covington,United States
Hershey,United States
Conisbrough,United Kingdom
Muttukuru,India
Pelham,United States
Lakhsetipet,India
Hasami,Japan
Belazao,Madagascar
Privolzhsk,Russia
Degache,Tunisia
Yanshuiguan,China
Riegelsberg,Germany
Horta,Portugal
Mascali,Italy
Anpachi,Japan
Saldana,Colombia
Palda,India
Baia-Sprie,Romania
Latham,United States
Chesterton,United States
Walajabad,India
Vil'nyans'k,Ukraine
High River,Canada
Gua,India
Jori Kalan,India
Polaia Kalan,India
Chikhli Kalan,India
Tepecoyo,El Salvador
Kottavalasa,India
Ustka,Poland
Sadovoye,Ukraine
Tenerife,Colombia
Ollioules,France
Kizhariyur,India
Candelaria,Puerto Rico
Balangkas,Philippines
Estremoz,Portugal
Uxbridge,United States
Robbinsdale,United States
Karkudalpatti,India
Doctor Juan Eulogio Estigarribia,Paraguay
Viraghattam,India
Bradley Gardens,United States
Salimpur,India
Radzymin,Poland
Peumo,Chile
Hobe Sound,United States
Iflissen,Algeria
Lich,Germany
Flers,France
Murak,Syria
Mangoli,India
Tsukawaki,Japan
Amay,Belgium
Rehlingen-Siersburg,Germany
Sarqan,Kazakhstan
Santo Antonio dos Lopes,Brazil
Huliyar,India
Chudovo,Russia
Fakola,Mali
Kidbrooke,United Kingdom
Nagongera,Uganda
Romitan Shahri,Uzbekistan
Sariosiyo,Uzbekistan
Chenove,France
Kambainellur,India
Nantucket,United States
Rock Ferry,United Kingdom
Dayr al Barsha,Egypt
Baruun-Urt,Mongolia
Coronel Bogado,Paraguay
Shirley,United Kingdom
Krasnyy Kut,Russia
Pollokshaws,United Kingdom
Algarrobo,Colombia
Algarrobo,Colombia
Buckingham,United Kingdom
Korangal,India
Omegna,Italy
Eski Ikan,Kazakhstan
Ushkonyr,Kazakhstan
Ocher,Russia
Ambohimanga Atsimo,Madagascar
Orbetello,Italy
Nasice,Croatia
Sison,Philippines
Krasnozavodsk,Russia
Iona,United States
Chiaravalle,Italy
Altinekin,Turkey
Chard,United Kingdom
Anantarazupeta,India
Bariariya,India
Bousso,Chad
Ban Don Kaeo,Thailand
Shimada,Japan
Mjolby,Sweden
Gualdo Tadino,Italy
New Kingman-Butler,United States
Unguturu,India
East Milton,United States
Benito Juarez,Argentina
Bikkavolu,India
Bialy Kamien,Poland
Puxinana,Brazil
Patcham,United Kingdom
Santa Maria a Vico,Italy
El Barrio de la Soledad,Mexico
Razan,Iran
Nkhata Bay,Malawi
Ucar,Azerbaijan
Ghaura,India
Vedasandur,India
Mongeri,Sierra Leone
Ban Nong Kula,Thailand
Pak Thong Chai,Thailand
Ban Tha Thong,Thailand
Tendrara,Morocco
Cienega de Flores,Mexico
Pineville,United States
Bokonbaev,Kyrgyzstan
Manoharpur,India
Det Udom,Thailand
Weston,United Kingdom
Mannur,India
Mionica,Serbia
Poynton,United Kingdom
Morokweng,South Africa
Shipley,United Kingdom
Chikitigarh,India
Haramachida,Japan
Maisach,Germany
Levoca,Slovakia
Little Falls,United States
Belm,Germany
Rustington,United Kingdom
Zozocolco de Hidalgo,Mexico
Mondolfo,Italy
Hidalgo,United States
Athens,United States
Imbau,Brazil
Svrljig,Serbia
Jefferson,United States
Murrhardt,Germany
Raje,India
Maria da Fe,Brazil
Aibongo,Mali
Villa La Angostura,Argentina
Brazopolis,Brazil
Mittegrossefehn,Germany
Seacroft,United Kingdom
Kukdeshwar,India
Prieska,South Africa
Van Buren,United States
Opera,Italy
Kodanad,India
Arvika,Sweden
Wingene,Belgium
Horw,Switzerland
Crepy-en-Valois,France
Kelafo,Ethiopia
Neftcala,Azerbaijan
Padavedu,India
Manuel Ribas,Brazil
Sabinopolis,Brazil
Toubakoro,Mali
Bruhl,Germany
Saren,India
Sines,Portugal
Knic,Serbia
Kashti,India
Mahavanona,Madagascar
Mapanas,Philippines
Wennigsen,Germany
West Freehold,United States
Pannimadai,India
Warrenville,United States
Turvo,Brazil
Aldenhoven,Germany
San Giorgio Ionico,Italy
Forfar,United Kingdom
Bad Camberg,Germany
Saint-Orens-de-Gameville,France
Nagardevla Budrukh,India
Powell,United States
Al Mu`addamiyah,Syria
Plattling,Germany
Douar Hammadi,Morocco
Borborema,Brazil
Marianske Lazne,Czechia
Kouroussa,Guinea
Ishikawa,Japan
Maldon,United Kingdom
Terkuvenganallur,India
Barkuhi,India
Agidel,Russia
East Rancho Dominguez,United States
Caldas,Brazil
Shichinohe,Japan
Aqkol,Kazakhstan
Chebrolu,India
Oleggio,Italy
Sierra Vista Southeast,United States
Ad Dab`ah,Egypt
Kearsley,United Kingdom
North Mankato,United States
Edingen-Neckarhausen,Germany
Mykolaivka,Ukraine
Wulong,China
Natchez,United States
Antas,Brazil
Sremska Kamenica,Serbia
Piney Green,United States
Siddapur,India
Alangudi,India
Rescaldina,Italy
Minamiaizu,Japan
Kartuzy,Poland
Koprukoy,Turkey
Adustina,Brazil
Panr,India
Assenede,Belgium
Sarvar,Hungary
Begowal,India
Bochil,Mexico
Kaoma,Zambia
Kalkar,Germany
Feldkirchen,Austria
Mittweida,Germany
Bishops Cleeve,United Kingdom
Hautmont,France
Tranas,Sweden
Miraima,Brazil
Kawaii,Japan
Almoloya de Alquisiras,Mexico
Haaren,Netherlands
Jefferson Valley-Yorktown,United States
Odlabari,India
Shinto,Japan
Ayomi,Benin
Douarnenez,France
Tamarakulam,India
Montelupo Fiorentino,Italy
Jacksonville,United States
Caerfyrddin,United Kingdom
Juan de Acosta,Colombia
Leyton,United Kingdom
Mankera,Pakistan
Puerto Deseado,Argentina
Pansemal,India
Willowick,United States
Vinto,Bolivia
Grenaa,Denmark
Mnagueur,Algeria
Khat Azakane,Morocco
Nallagunta,India
Talbahat,India
Waimalu,United States
Klasterec nad Ohri,Czechia
Dippoldiswalde,Germany
Leuna,Germany
Pirangut,India
Bhulwal,India
Birqash,Egypt
Bamble,Norway
Hythe,United Kingdom
Hajdusamson,Hungary
Indiana,United States
Grunstadt,Germany
Ashtead,United Kingdom
Bua Yai,Thailand
Sao Jose do Cedro,Brazil
Mers el Hadjad,Algeria
Orumanayur,India
Mirandiba,Brazil
Uslar,Germany
Santol,Philippines
Fianga,Chad
Barwon Heads,Australia
Hemsworth,United Kingdom
Raghudebbati,India
Khmis Sidi al 'Aydi,Morocco
Wilkinsburg,United States
Ardmore,United States
Katravulapalle,India
Krasnovishersk,Russia
Ukrainka,Ukraine
Collingswood,United States
Armthorpe,United Kingdom
Antarvedipalem,India
Juan Aldama,Mexico
Jitwarpur Kumhra,India
Taki,Japan
Plewiska,Poland
Federal Heights,United States
Grajales,Mexico
Staszow,Poland
Pulur,India
Tazert,Morocco
Wells Branch,United States
Alto Santo,Brazil
Shergarh,Pakistan
Buhusi,Romania
St. Helens,United States
Kutavur,India
Clearview,Canada
Southchase,United States
Beronono,Madagascar
Shanliang,China
Sanjiang Nongchang,China
Sao Martinho do Bispo,Portugal
Chicago Ridge,United States
Rambha,India
Ahrensfelde,Germany
Yuscaran,Honduras
Circleville,United States
Birstall,United Kingdom
Ipiranga,Brazil
Boutilimit,Mauritania
Massalubrense,Italy
Kerben,Kyrgyzstan
Thong Pha Phum,Thailand
Massaranduba,Brazil
Omis,Croatia
Braselton,United States
Astolfo Dutra,Brazil
Kakunodatemachi,Japan
Fergus Falls,United States
McFarland,United States
Sai Buri,Thailand
Lone Tree,United States
Santiago Jocotepec,Mexico
Vohringen,Germany
Sur Singh,India
Uzhur,Russia
Bad Ischl,Austria
Ipanguacu,Brazil
Villasanta,Italy
Tepoztlan,Mexico
Kilattingal,India
Belison,Philippines
Luino,Italy
Gurinhem,Brazil
Valenca,Portugal
Leirvik,Norway
Grass Valley,United States
Rixheim,France
El Rodeo,Guatemala
Milha,Brazil
Chapra,India
Dunmore,United States
Thonex,Switzerland
Natanz,Iran
Matias Barbosa,Brazil
Port Lincoln,Australia
Buchloe,Germany
Curua,Brazil
Charcas,Mexico
Jericho,United States
Nowy Tomysl,Poland
Saint-Paul-les-Dax,France
Kisanuki,Japan
East Wenatchee,United States
Roldan,Argentina
Kashin,Russia
Siroda,India
Llantrisant,United Kingdom
Phulwar,India
Gudur,India
Shiloh,United States
Capitao Eneas,Brazil
Varde,Denmark
Melsungen,Germany
Lagoa Real,Brazil
Pilas,Spain
Sibundoy,Colombia
Wittstock,Germany
Feucht,Germany
Eraura,India
Pelezi,CÙte d'Ivoire
Banos,Ecuador
Mu'minobod,Tajikistan
Lachute,Canada
Erbach,Germany
Torrijos,Spain
Trepuzzi,Italy
Valentim Gentil,Brazil
Usti nad Orlici,Czechia
Niska Banja,Serbia
Doranahalli,India
Byahatti,India
Castel San Giovanni,Italy
Neuenkirchen,Germany
Lieusaint,France
Bovenden,Germany
Bougzoul,Algeria
Bela,India
Sideropolis,Brazil
Titiribi,Colombia
Noya,Spain
Meru,France
Kinogitan,Philippines
Rajim,India
Rosemere,Canada
Emerald,Australia
Adakplame,Benin
Oschatz,Germany
Beilen,Netherlands
Lorsch,Germany
Weissenhorn,Germany
Sungai Guntung,Indonesia
El Guetar,Tunisia
Sidi Ben Adda,Algeria
Tan Van,Vietnam
San Lorenzo,Guatemala
Tamar,India
Erbach,Germany
Ershui,Taiwan
Jodoigne,Belgium
Joao Neiva,Brazil
Sun Lakes,United States
Storozhynets,Ukraine
Lakewood Park,United States
Aiuaba,Brazil
Lagoa dos Gatos,Brazil
Koundian,Mali
Colesville,United States
Oostakker,Belgium
Valday,Russia
Italva,Brazil
Ponnampatti,India
Andalgala,Argentina
Lakeland,United States
Ban Mueang Nga,Thailand
Santiago de Anaya,Mexico
New Ulm,United States
Sumbal,India
Mill Valley,United States
Tibasosa,Colombia
Hochstadt an der Aisch,Germany
Plumstead,United States
Arenoso,Dominican Republic
Nules,Spain
Zazafotsy,Madagascar
Montalvania,Brazil
Sjenica,Serbia
Vammanal,India
Douar Lehgagcha,Morocco
Arboga,Sweden
Beekman,United States
Kerugoya,Kenya
Pedro Afonso,Brazil
Beylul,Eritrea
Teploklyuchenka,Kyrgyzstan
Sasan,India
Fisciano,Italy
Ezequiel Montes,Mexico
Moudjbara,Algeria
Ayni,Tajikistan
Nantwich,United Kingdom
Narvik,Norway
Artondale,United States
Bellefontaine,United States
El Carmen de Atrato,Colombia
Karugamad,India
Frunze,Kyrgyzstan
El Socorro,Venezuela
Gouveia,Portugal
Khadra,Algeria
Chelmza,Poland
Karlivka,Ukraine
Cojedes,Venezuela
Asslar,Germany
Mazamitla,Mexico
Rio de Oro,Colombia
Ivdel,Russia
Santa Catalina,Colombia
Itakura,Japan
Newport,United States
Aguas Vermelhas,Brazil
Billere,France
Daean,South Korea
Nelas,Portugal
Novohrodivka,Ukraine
Ostrzeszow,Poland
Kottaiyur,India
Mbini,Equatorial Guinea
Amari,India
Smithfield,United States
Beloeil,Belgium
Caudry,France
Pestovo,Russia
Ciro Marina,Italy
Schneeberg,Germany
Suknadanga,India
Karai,India
Uttukkottai,India
Rio Azul,Brazil
Mignoure,CÙte d'Ivoire
Barari,India
Lapua,Finland
Primrose,South Africa
Midlothian,United States
Friesenheim,Germany
Allouez,United States
Kiashahr,Iran
Wezembeek-Oppem,Belgium
Uttoxeter,United Kingdom
Gafanha da Nazare,Portugal
Anderson Creek,United States
Petrolandia,Brazil
Rotenburg an der Fulda,Germany
Tierra Amarilla,Chile
Famenin,Iran
Santa Adelia,Brazil
Esquipulas Palo Gordo,Guatemala
Destin,United States
Lakoucun,China
Antohobe,Madagascar
Fawley,United Kingdom
Barjora,India
Sibirila,Mali
Velykodolynske,Ukraine
Taguatinga,Brazil
Ilampillai,India
East Norriton,United States
Keal,India
Hokuei,Japan
Haivoron,Ukraine
Wauconda,United States
Audincourt,France
Turuttiyad,India
Selmana,Algeria
Pierre,United States
Ranapur,India
Riposto,Italy
Cordoba,Colombia
Ricaurte,Ecuador
Tapolca,Hungary
Alewah,India
Fujikawa,Japan
Martinho Campos,Brazil
Rajasur,India
Busto Garolfo,Italy
Candeias,Brazil
Iracema,Brazil
Rafai,Central African Republic
Takerbouzt,Algeria
Brahmanandapuram,India
Tall Banat,Iraq
Seonsan,South Korea
Beraketa,Madagascar
Ambahita,Madagascar
Mahavelona,Madagascar
Marotsiraka,Madagascar
Mahajamba,Madagascar
Ambatomarina,Madagascar
Antanambaobe,Madagascar
Kalandy,Madagascar
Bekipay,Madagascar
Marokarima,Madagascar
Fiadanana,Madagascar
Mahatsinjony,Madagascar
Vanono,Madagascar
Talata-Vohimena,Madagascar
Vatolatsaka,Madagascar
Belambo,Madagascar
Miarinarivo,Madagascar
Beharona,Madagascar
Ambohimitombo,Madagascar
Tsarahasina,Madagascar
Bevato,Madagascar
Ankiliabo,Madagascar
Amborondra,Madagascar
Bealanana,Madagascar
Sahalanona,Madagascar
Ambodihara,Madagascar
Ilha de Mocambique,Mozambique
O`nhayot,Uzbekistan
Shofirkon Shahri,Uzbekistan
Forest Park,United States
Meilen,Switzerland
Berettyoujfalu,Hungary
Lower Moreland,United States
Montfoort,Netherlands
Kamituga,Congo (Kinshasa)
Annaram,India
Sahnaya,Syria
Coribe,Brazil
Koundara,Guinea
Bandraboua,Mayotte
Sharonville,United States
Beach Park,United States
Taiyong,China
Lys-les-Lannoy,France
Shandiz,Iran
Matane,Canada
Donji Vakuf,Bosnia and Herzegovina
Ettenheim,Germany
Mirzapur,India
Kongarapalli,India
Pali,India
Bni Darkoul,Morocco
Chumpak,China
Ambohimiera,Madagascar
Fort Lewis,United States
Greenwood,United States
Hassfurt,Germany
Pemberton,United Kingdom
Ganguvarpatti,India
Kuraymah,Sudan
Beiwusidui,China
Hunxe,Germany
Nevel,Russia
Thames Centre,Canada
Felixlandia,Brazil
Mirinzal,Brazil
Oud-Turnhout,Belgium
Jardim de Piranhas,Brazil
Sutihar,India
Boha,India
Santa Branca,Brazil
Mankal,India
Kambila,Mali
Raydah,Yemen
College Park,United States
Soledade,Brazil
Ovidiu,Romania
Merosina,Serbia
Goianapolis,Brazil
Lubben (Spreewald),Germany
Sakaki,Japan
Anadia,Brazil
Rajnagar,India
Roselle Park,United States
Saint-Martin-de-Crau,France
Papagos,Greece
Gvardeysk,Russia
Pacaembu,Brazil
Beasain,Spain
Teays Valley,United States
Bad Soden-Salmunster,Germany
Meridjonou,Benin
Chaugain,India
Krasnogvardeyskoye,Russia
Kargipinar,Turkey
Bedfordview,South Africa
Richland,United States
McPherson,United States
Nova Ipixuna,Brazil
Detva,Slovakia
Bolivar,Colombia
Hilpoltstein,Germany
Lauchhammer,Germany
Belwara,India
Amaha,India
Kepno,Poland
Michendorf,Germany
Havelock North,New Zealand
Kanakir,Syria
Thouars,France
La Entrada,Honduras
Belsandi Tara,India
Bambang,Philippines
Sankt Leon-Rot,Germany
Cassina de' Pecchi,Italy
Misano Adriatico,Italy
Quakenbruck,Germany
Perdur,India
Torre del Campo,Spain
Montataire,France
Narasingapuram,India
Powell River,Canada
Furukawamen,Japan
Berre-l'Etang,France
Grunberg,Germany
Krumbach,Germany
Marostica,Italy
Carleton Place,Canada
Ichtegem,Belgium
Castellanza,Italy
McCalla,United States
Llanera,Spain
San Jose Acatempa,Guatemala
Brandermill,United States
Hohenstein-Ernstthal,Germany
Attibele,India
Bang Racham,Thailand
Aracatu,Brazil
Sesquile,Colombia
Brierley Hill,United Kingdom
Ibicui,Brazil
Tarhzout,Algeria
Streetly,United Kingdom
Tsingoni,Mayotte
Hunasagi,India
Rocky Point,United States
San Lorenzo,Guatemala
Locorotondo,Italy
Nachikatsuura,Japan
Zhipingxiang,China
Cossato,Italy
Abre Campo,Brazil
Gesuba,Ethiopia
Khe Sanh,Vietnam
Sukma,India
Wood Dale,United States
Diego de Almagro,Chile
Julianadorp,Netherlands
Forest Hill,United States
Viraganur,India
Papagaios,Brazil
Milovice,Czechia
Mansidao,Brazil
Kaspiyskiy,Russia
Willow Grove,United States
Balassagyarmat,Hungary
Oued Taria,Algeria
Alterosa,Brazil
Maracai,Brazil
Muttunayakkanpatti,India
Khergam,India
Philippsburg,Germany
Rossington,United Kingdom
Kelangah,India
Alto Parana,Brazil
Pierrelatte,France
Bebra,Germany
Debre Werk',Ethiopia
Wanding,China
Midleton,Ireland
Moralzarzal,Spain
Bickley,United Kingdom
Kubadupuram,India
Guelph/Eramosa,Canada
Krishnarayapuram,India
Santo Augusto,Brazil
Grao Mogol,Brazil
Markt Schwaben,Germany
Tucacas,Venezuela
Oberhaching,Germany
Bukedea,Uganda
Mogeiro,Brazil
Denzlingen,Germany
Millbury,United States
Hall in Tirol,Austria
Urbana,United States
Tulchyn,Ukraine
Dumri,India
Bhogpur,India
Salaverry,Peru
Jiran,India
Bog Walk,Jamaica
Tidjelabine,Algeria
Galmi,Niger
Bellair-Meadowbrook Terrace,United States
Joaquim Pires,Brazil
Polukallu,India
Biougra,Morocco
Glenpool,United States
Hawarden,United Kingdom
Lauterbach,Germany
Jaca,Spain
Tumbippadi,India
Eastham,United Kingdom
Areado,Brazil
Cefalu,Italy
Jabbeke,Belgium
Marshall,United States
Sagar,India
Caselle Torinese,Italy
Sido,Mali
Elfers,United States
Matican,Kosovo
White House,United States
Tati,India
Roncq,France
Luling,United States
York,United States
Bollene,France
Hoa Thuong,Vietnam
South Sioux City,United States
Simplicio Mendes,Brazil
Ping'anbao,China
Westmont,United States
Aurora,United States
Linganaboyinacherla,India
Alcanena,Portugal
Taphan Hin,Thailand
Tracunhaem,Brazil
Eichstatt,Germany
Wakasa,Japan
Binkolo,Sierra Leone
Kettering,United States
Ibipitanga,Brazil
Megara,Greece
Elk Plain,United States
Tamalameque,Colombia
Frankenberg,Germany
Kishanpur Ratwara,India
Polavaram,India
Gonzalez,United States
Manoel Vitorino,Brazil
Tarauna,India
Qiblai,Tajikistan
Avanhandava,Brazil
Shterpce,Kosovo
Huangyadong,China
Guamal,Colombia
Weno,"Micronesia, Federated States of"
Luozi,Congo (Kinshasa)
Saboeiro,Brazil
Solaro,Italy
Lyndhurst,United States
Channahon,United States
Carmopolis,Brazil
Grand Falls,Canada
Iskapalli,India
Toulal,Morocco
Zhovkva,Ukraine
Polotitlan de la Ilustracion,Mexico
Sauk Rapids,United States
San Rafael Las Flores,Guatemala
Amantea,Italy
Shlisselburg,Russia
Beachwood,United States
Parihara,India
Dogachi,India
Carapebus,Brazil
Coldwater,United States
Itaguara,Brazil
Batuan,Philippines
Mandalgarh,India
Trinitapoli,Italy
Fujimi,Japan
Mount Barker,Australia
Kauriya,India
Ribeiro do Amparo,Brazil
Holzgerlingen,Germany
Hidaj,Iran
Primavera,Brazil
Gangaikondan,India
Saloa,Brazil
Barra do Mendes,Brazil
Asperg,Germany
North Battleford,Canada
Paripueira,Brazil
Valayam,India
Fara in Sabina,Italy
Kamigori,Japan
Valencia West,United States
Haidarnagar,India
North Auburn,United States
Santa Cruz de Bezana,Spain
Antigua,Spain
Vellodu,India
Iygli,Morocco
Cosham,United Kingdom
New Franklin,United States
Bridgetown,United States
Vembarpatti,India
Strada,Italy
Pervomaysk,Russia
Wayland,United States
Pedro Velho,Brazil
Bedford,United States
Newington,United States
Loningen,Germany
Enniskillen,United Kingdom
Khajawa,India
Seiro,Japan
Pigue,Argentina
Trbovlje,Slovenia
Clemencia,Colombia
Irikkur,India
Ipswich,United States
Fleury-Merogis,France
Hawaiian Gardens,United States
Drapetsona,Greece
Skoczow,Poland
Wanzleben,Germany
eManzimtoti,South Africa
Waycross,United States
Worgl,Austria
Schwaz,Austria
Colangute,India
Turuvanur,India
Dowbaran,Iran
Halawa,United States
Magalhaes de Almeida,Brazil
Littleborough,United Kingdom
Ewarton,Jamaica
Calafat,Romania
Fontenay-le-Comte,France
Nawagarh,India
San Antonio de las Vueltas,Cuba
Pedernales,Dominican Republic
Plav,Montenegro
Passo de Camarajibe,Brazil
Tako,Japan
Itagi,Brazil
Gangavalli,India
Koppies,South Africa
Lumberton,United States
Graca,Brazil
Kamnik,Slovenia
Boyovut,Uzbekistan
Wombourn,United Kingdom
Union de Tula,Mexico
Ronne,Denmark
Verin,Spain
Kivertsi,Ukraine
Olean,United States
Assai,Brazil
Carmo de Minas,Brazil
Meerane,Germany
Achuapa,Nicaragua
Bideipur,India
Acajutiba,Brazil
Spaichingen,Germany
Sarayan,Iran
Beelitz,Germany
Tibri,India
Anapurus,Brazil
Bad Durrheim,Germany
Arbaa Laaounate,Morocco
El Kansera,Morocco
San Giljan,Malta
Worthington,United States
Oftringen,Switzerland
Vaires-sur-Marne,France
Broussard,United States
Villalba,Spain
San Rafael Petzal,Guatemala
Ban Bang Muang,Thailand
Stolin,Belarus
Akropong,Ghana
Ban Tha Luang Lang,Thailand
Couvin,Belgium
Tomino,Spain
Siemiatycze,Poland
Kingston,United States
Jinmingsi,China
Rosyth,United Kingdom
Sannicandro Garganico,Italy
Mont-Laurier,Canada
Juvignac,France
Higashimiyoshi,Japan
Angermunde,Germany
Madanpur,India
Simri,India
Bessonovka,Russia
Cacu,Brazil
Ampasinambo,Madagascar
Zhongliao,Taiwan
Chaoyangdicun,China
Morangis,France
Guape,Brazil
Lomma,Sweden
On Top of the World Designated Place,United States
Morwell,Australia
Varedo,Italy
Orange City,United States
Arugollu,India
Bouchabel,Morocco
Berceni,Romania
Messadine,Tunisia
Gouka,Benin
Kirkwood,South Africa
McMinnville,United States
Maumee,United States
Feliz,Brazil
Leverano,Italy
San Agustin de Guadalix,Spain
Sendenhorst,Germany
Taggia,Italy
Tampamolon Corona,Mexico
Kodigenahalli,India
Sidi Abdelkarim,Morocco
Auburn,United States
Santa Margarita,Spain
Singalandapuram,India
Sao Pedro do Piaui,Brazil
Gulcho,Kyrgyzstan
Amrabad,India
Travagliato,Italy
Bandarbeyla,Somalia
Nehram,Azerbaijan
Cambados,Spain
Chityal,India
Lipno,Poland
Megarine,Algeria
Orange Walk,Belize
Gardony,Hungary
Kannivadi,India
Snoqualmie,United States
Jardin,Colombia
Settara,Algeria
Uruoca,Brazil
Rostamabad,Iran
Central Elgin,Canada
Itinga,Brazil
Flores de Goias,Brazil
Urupes,Brazil
Soller,Spain
Nawada,India
Manavalakurichi,India
Flower Hill,United States
Barghat,India
Pegnitz,Germany
Forster,Australia
Hawick,United Kingdom
Omerli,Turkey
Msata,Tanzania
Badarwas,India
Mata,Chad
Tacaimbo,Brazil
Gopalpur,India
Bondeno,Italy
Ang Thong,Thailand
Zarghun Shahr,Afghanistan
Sidmouth,United Kingdom
Zmiiv,Ukraine
Ataleia,Brazil
Futrono,Chile
Guaraniacu,Brazil
Priverno,Italy
Enghien,Belgium
Urbino,Italy
Azle,United States
Bodagudipadu,India
Palkur,India
Angical,Brazil
Ibateguara,Brazil
Taglio,Italy
Darihat,India
Uruana,Brazil
Carros,France
Ephrata,United States
Malepur,India
Nova Trento,Brazil
Bhalil,Morocco
Ighrem n'Ougdal,Morocco
Sao Joao do Triunfo,Brazil
Alagoinha,Brazil
Milford Haven,United Kingdom
Albertirsa,Hungary
Xireg,China
Meckenbeuren,Germany
Tazzarine,Morocco
Sobraon,India
Nonoai,Brazil
Cayce,United States
Mistassini,Canada
Biedenkopf,Germany
Isla Vista,United States
Mions,France
Tamaraikkulam,India
Oki,Japan
Nova Canaa,Brazil
Wezep,Netherlands
Saugeen Shores,Canada
Sher Chakla,India
Plover,United States
Seiada,Tunisia
Knottingley,United Kingdom
Ipecaeta,Brazil
Bagre,Brazil
Lons,France
Tummalapenta,India
Kupino,Russia
Barssel,Germany
Kovilur,India
Crevalcore,Italy
Cerro Largo,Brazil
Ndele,Central African Republic
Kaleyanpur,India
Quata,Brazil
Jesenice,Slovenia
Worsborough,United Kingdom
Kartaly,Russia
Toyloq Qishlog'i,Uzbekistan
Sariq,Uzbekistan
Cornelius,United States
Marshall,United States
Mohda,India
Presidente Kennedy,Brazil
Tiruppanandal,India
Beverstedt,Germany
Pfarrkirchen,Germany
Arona,Italy
Cheval,United States
Hinabangan,Philippines
Mercerville,United States
Ingersoll,Canada
Auriflama,Brazil
Vempalle,India
Diai Koura,Mali
Kraainem,Belgium
Boa Nova,Brazil
Itapagipe,Brazil
Uarini,Brazil
Mangha,China
Mangpa,China
Dryden,United States
Rommerskirchen,Germany
Castel San Giorgio,Italy
Tarumizu,Japan
San Gabriel Chilac,Mexico
Royal Kunia,United States
East Islip,United States
South Park,United States
Chak Husaini,India
San Pedro Pochutla,Mexico
Radomyshl,Ukraine
Quatis,Brazil
Palmito,Colombia
Shorewood,United States
Marienheide,Germany
Karma,India
Motupe,Peru
St. James,United States
Maribondo,Brazil
L'Oulja,Morocco
Kannadiparamba,India
Copalchi,Costa Rica
Kaladgi,India
Madanpur,India
Slobozhanske,Ukraine
Sansare,Guatemala
Sale,Australia
Grafelfing,Germany
Novoulyanovsk,Russia
Bardstown,United States
Ikniwn,Morocco
Saint Ann's Bay,Jamaica
Muqui,Brazil
Yongcong,China
Altos del Rosario,Colombia
Bhimadolu,India
Spring Garden,United States
San Ferdinando di Puglia,Italy
Chiran,Japan
Rio Caribe,Venezuela
Mucambo,Brazil
Pote,Brazil
East Cleveland,United States
Nova Veneza,Brazil
Haselunne,Germany
Andresy,France
Ochakiv,Ukraine
Arcadia,United States
Flitwick,United Kingdom
Aldama,Mexico
Jindayris,Syria
Qantir,Egypt
Beaufort,United States
Namin,Iran
Fiesole,Italy
Isagarh,India
Xikou,Taiwan
Santa Coloma de Farnes,Spain
Chosei,Japan
El Crucero,Nicaragua
Brecksville,United States
Oak Park,United States
Pien,Brazil
Barahari,India
Lewisville,United States
Pfullendorf,Germany
Ajjampur,India
Bilaspur,India
Moissac,France
Sunset,United States
Mirabela,Brazil
Retirolandia,Brazil
Retirolandia,Brazil
Avalepalli,India
Bergen,Germany
Jurema,Brazil
Domkonda,India
Curiuva,Brazil
Genthin,Germany
Shodoshima,Japan
Eppstein,Germany
Umburanas,Brazil
Lanuza,Philippines
Marion,United States
Alexandria,Brazil
Fontenay-le-Fleury,France
Helensburgh,United Kingdom
Childwall,United Kingdom
Woudenberg,Netherlands
Carnot-Moon,United States
Beauharnois,Canada
El Kerma,Algeria
Kostolac,Serbia
Grantsville,United States
Frei Miguelinho,Brazil
Abadla,Algeria
Douar Tabouda,Morocco
Hammam el Rhezez,Tunisia
Moberly,United States
Manta,Benin
Vargem da Roca,Brazil
Kunjatturu,India
Dantewara,India
Uitgeest,Netherlands
Pitlam,India
Trzebnica,Poland
Jiquirica,Brazil
Neckargemund,Germany
Sampaloc,Philippines
Port Neches,United States
Balhapur,India
Rockland,Canada
Boninal,Brazil
Allestree,United Kingdom
Ottaikkalmantapam,India
Mahuwa Singhrai,India
Bamafele,Mali
Speedway,United States
Tauberbischofsheim,Germany
Saimbeyli,Turkey
Yesilli,Turkey
Syston,United Kingdom
Maglie,Italy
Babhanganwa,India
Ihtiman,Bulgaria
Iguatemi,Brazil
Seabrook,United States
Alfredo Chaves,Brazil
Santa Luzia do Itanhy,Brazil
Artena,Italy
Serra Branca,Brazil
Primeira Cruz,Brazil
Formello,Italy
Oroco,Brazil
Brejo do Cruz,Brazil
Kyzyl-Adyr,Kyrgyzstan
Castilla La Nueva,Colombia
Wiesmoor,Germany
Yamanobe,Japan
Norwalk,United States
Boa Esperanca,Brazil
Rozaje,Montenegro
Tejutla,El Salvador
Hockessin,United States
Elesbao Veloso,Brazil
Schmolln,Germany
Karpi,India
Masangshy,Kazakhstan
Miami Springs,United States
Combarbala,Chile
Salisbury,United States
San Javier,Argentina
Ait Lhaj All,Morocco
Marchtrenk,Austria
Qingxicun,China
Chengara,India
Tulle,France
Bezou,Morocco
Atner,India
Mohania,India
Amboasary-Gara,Madagascar
Dongshicuo,Taiwan
Vedi,Armenia
Vazquez,Cuba
Nighoj,India
Isilkul,Russia
Marhamat,Uzbekistan
Jannat Shahr,Iran
Rayapalle,India
Razole,India
Danielskuil,South Africa
Kidlington,United Kingdom
Sisai,India
Duvva,India
Guerrero Negro,Mexico
Canasgordas,Colombia
Okinoshima,Japan
South Charleston,United States
Saint-Jacques-de-la-Lande,France
Amingarh,India
Doume,Benin
Douar Souk L`qolla,Morocco
Tapilula,Mexico
Ixcatepec,Mexico
Itaguacu,Brazil
Raquira,Colombia
Leczyca,Poland
Warrensville Heights,United States
Martinsville,United States
Pirallahi,Azerbaijan
Camapua,Brazil
Oulad Tayeb,Morocco
Nybro,Sweden
Atome-Avegame,Benin
Suran,Iran
Pama,Burkina Faso
Fruita,United States
Villas,United States
West End,"Bahamas, The"
New Providence,United States
Echelon,United States
Wanze,Belgium
Gondalga,India
Dueville,Italy
Maktar,Tunisia
Piquete,Brazil
Usiacuri,Colombia
Cervignano del Friuli,Italy
Marghita,Romania
Patalia,India
Tokoroa,New Zealand
Montgomeryville,United States
Royal Wootton Bassett,United Kingdom
South Stormont,Canada
Kerepestarcsa,Hungary
Presidente Bernardes,Brazil
Serui,Indonesia
Gran,Norway
Samorin,Slovakia
Sogut,Turkey
Schermbeck,Germany
Latiano,Italy
Groveton,United States
San Benito,Bolivia
Dattapulia,India
Dhana,India
Becancour,Canada
Palestina,Colombia
Winsum,Netherlands
Ashiya,Japan
Nalatvad,India
Bandar-e `Asaluyeh,Iran
Nyzhnia Krynka,Ukraine
Lala,India
Hilsea,United Kingdom
Kurtkoti,India
Bni Quolla,Morocco
Llanes,Spain
Bishenpur,India
Chinique,Guatemala
Ugo,Japan
Oosterzele,Belgium
Niaogho,Burkina Faso
Rahui,India
Karnawad,India
Dinant,Belgium
Mascote,Brazil
Tamanique,El Salvador
Hola Prystan,Ukraine
New Carrollton,United States
Powell,United States
Alagoinha,Brazil
Castelfranco di Sotto,Italy
Rukhae,India
Vinings,United States
Kheri Naru,India
Eatontown,United States
Beur,India
Kharv-e Sofla,Iran
Amriswil,Switzerland
Thisted,Denmark
Croxley Green,United Kingdom
Janapadu,India
Wschowa,Poland
Shangping,China
`Alem T'ena,Ethiopia
Koubel-Koundia,Mali
Rheinfelden,Switzerland
Corabia,Romania
Avon,France
Mensora,Morocco
San Jorge,Guatemala
Darat `Izzah,Syria
Lappersdorf,Germany
Gines,Spain
Bad Salzdetfurth,Germany
Neustadt,Germany
Glen Carbon,United States
Tovuz,Azerbaijan
Borgaon,India
El Jicaro,Guatemala
Beeville,United States
Calolziocorte,Italy
Kafr Nabudah,Syria
King City,United States
Menaa,Algeria
Nynashamn,Sweden
Vineyard,United States
Sao Ludgero,Brazil
Mor,Hungary
University Heights,United States
Strabane,United Kingdom
Kodriva,India
Nova Varos,Serbia
Ban Bung Kha,Thailand
Avidha,India
Glowno,Poland
Harwich,United States
Bad Laasphe,Germany
Corozal,Belize
Calderara di Reno,Italy
Ban Mae Kaluang,Thailand
Storrs,United States
Perungala,India
Siriari,India
Muynoq,Uzbekistan
Hettstedt,Germany
Karuvellur,India
Hard,Austria
Bahcesaray,Turkey
Bunhe,Ukraine
Argentan,France
Wentorf bei Hamburg,Germany
Andasibe,Madagascar
Hazel Crest,United States
Itapetim,Brazil
Ganxi,China
Chima,Colombia
Kenadsa,Algeria
Ostwald,France
Novi Iskar,Bulgaria
Sikat,India
Courcouronnes,France
Nemocon,Colombia
Horndean,United Kingdom
Chandla,India
Khanapur,India
Stezzano,Italy
Baras,Philippines
Bayt Jala,West Bank
El Hachimia,Algeria
Marudur,India
Squinzano,Italy
Gudikallu,India
Kriva Palanka,North Macedonia
Lamont,United States
Vaghodia,India
Chalma,Mexico
Lake Los Angeles,United States
Sukhasan,India
Severn,Canada
Bedadka,India
Afzala,India
Fereydunshahr,Iran
Ilamatlan,Mexico
Strand,Norway
Al Ha'ir,Saudi Arabia
Itaete,Brazil
Madakkathara,India
Los Alamos,United States
Ataco,Colombia
Little Hulton,United Kingdom
Jamira,India
Udayagiri,India
Elanad,India
Kesariya,India
Yedapalli,India
Palakkuzhi,India
Dinklage,Germany
Weinsberg,Germany
Stroud,United Kingdom
Weddington,United States
Troy,United States
Chembrassheri,India
Dundigal,India
Asbury Lake,United States
Panjgirain Kalan,India
Auburn,United States
Irondale,United States
Nikolayevsk,Russia
Harrison,United States
Sarria,Spain
Nagnur,India
Mazinde,Tanzania
Nallajerla,India
Tonya,Turkey
Manati,Colombia
Gullapuram,India
Ascension,Mexico
Endicott,United States
Gex,France
Villanchirai,India
San Juan de Limay,Nicaragua
Beloozerskiy,Russia
Bula Atumba,Angola
Trophy Club,United States
Barro Alto,Brazil
Valdemorillo,Spain
Mambore,Brazil
Great Driffield,United Kingdom
Hevie,Benin
Bou Sfer,Algeria
Beesel,Netherlands
Dok Kham Tai,Thailand
Bhakua,India
Kulharia,India
Taneichi,Japan
Palmetto,United States
Genas,France
Sebekoro,Mali
Zabreh,Czechia
Kilgore,United States
Sao Simao,Brazil
Kadattur,India
Avenal,United States
Woodinville,United States
San Juan de Betulia,Colombia
Plouzane,France
Dakit,Philippines
Pefka,Greece
Orkney,South Africa
Uibai,Brazil
Amilly,France
Ouargaye,Burkina Faso
Gien,France
Plougastel-Daoulas,France
Sulingen,Germany
Mallet,Brazil
Tucapel,Chile
San Jacinto del Cauca,Colombia
Chinna Mushidivada,India
Monteroni di Lecce,Italy
Tounfit,Morocco
Golyshmanovo,Russia
Jucuaran,El Salvador
Adis `Alem,Ethiopia
Versoix,Switzerland
Germasogeia,Cyprus
Hlucin,Czechia
Veglie,Italy
Daharia,India
Svetogorsk,Russia
Lexington Park,United States
Anzin,France
Ghordaur,India
Andrews,United States
Canals,Spain
Godella,Spain
Chaddesden,United Kingdom
Kotgir,India
Sultanpur Mor,Pakistan
Corsham,United Kingdom
Zitiste,Serbia
Wolfhagen,Germany
Boudenib,Morocco
San Rafael,Honduras
Talegaon Dhamdhere,India
Srebrenica,Bosnia and Herzegovina
Cramond,United Kingdom
Basaon,India
Oulad Ouchchih,Morocco
Hopewell,United States
Sitio do Mato,Brazil
Sunjiayan,China
Vellarivalli,India
Benaulim,India
Tuchola,Poland
Canton,United States
Richterswil,Switzerland
Pariharpur,India
Melenki,Russia
Dyykan-Kyshtak,Kyrgyzstan
Zawodzie,Poland
Lincoln,United States
Santa Barbara,Chile
Chahbounia,Algeria
San Juan,Honduras
Vieste,Italy
Rogers,United States
Villa Union,Mexico
Gaundra,India
Inawashiro,Japan
Wawizaght,Morocco
Kalardasht,Iran
Ban Don Thong,Thailand
Kaiwen,China
Dalkeith,United Kingdom
San Juan La Laguna,Guatemala
Amaravati,India
Mosgiel,New Zealand
Kaabong,Uganda
Brock Hall,United States
Ermoupoli,Greece
Arklow,Ireland
Uppidamangalam,India
Panapakkam,India
Velanganni,India
Outreau,France
Testour,Tunisia
Joppatowne,United States
Sarioglan,Turkey
Lacombe,Canada
Balsa Nova,Brazil
Weilburg,Germany
Goudomp,Senegal
Jupiter Farms,United States
Amblecote,United Kingdom
Kokri,Mali
Drobak,Norway
Vikravandi,India
Arruda dos Vinhos,Portugal
Leninsk,Russia
Alsager,United Kingdom
Abhwar,India
Ubstadt-Weiher,Germany
Gangelt,Germany
Salisbury,United States
Englewood,United States
Schuttorf,Germany
Telmar,India
Besarh,India
Bouzina,Algeria
Aconibe,Equatorial Guinea
Sanankoro Djitoumou,Mali
Velen,Germany
San Jacinto,Guatemala
Faberg,Norway
Urziceni,Romania
Amondara,Tajikistan
Chalfont Saint Peter,United Kingdom
Chimalapadu,India
Luis Antonio,Brazil
Ergolding,Germany
Suluktu,Kyrgyzstan
Goldap,Poland
Moody,United States
Varzea Nova,Brazil
San Jose de Maipo,Chile
Paruchuru,India
Ribeira Brava,Portugal
Sainte-Sophie,Canada
Blue Ash,United States
Pottsville,United States
Wake,Japan
Aghbala,Morocco
Sault Ste. Marie,United States
Amity,United States
Boechout,Belgium
Chino Valley,United States
Kawatana,Japan
Margraten,Netherlands
Feldbach,Austria
Saint Budeaux,United Kingdom
Grez-Doiceau,Belgium
Bagli,India
Zollikon,Switzerland
Calle Larga,Chile
Douar Oulad Nader,Morocco
Barka Parbatta,India
Hatoyama,Japan
El Almendro,Nicaragua
Bischofsheim,Germany
Arzachena,Italy
Washington,United States
Shawangunk,United States
Charlton,United States
Yengema,Sierra Leone
Zehak,Iran
Lake Forest Park,United States
Hantsavichy,Belarus
Franconia,United States
Mangalapur,India
Slupca,Poland
Pell City,United States
Western Springs,United States
Atlantic Beach,United States
Egg Buckland,United Kingdom
Makwassie,South Africa
Tiorpara,India
Mucur,Turkey
Port-Alfred,Canada
Bijai,India
Udachnyy,Russia
Oxford,United States
Sabana Iglesia,Dominican Republic
Henderson,United States
Saarwellingen,Germany
Kotor,Montenegro
Cadereyta,Mexico
Clinton,United States
Peabiru,Brazil
Nattappettai,India
Sigli,India
Shetpe,Kazakhstan
Zbarazh,Ukraine
Conway,United States
Vemulapudi,India
El Carmen,El Salvador
Harrison,United States
Payyanadam,India
Nesconset,United States
Czluchow,Poland
Bedburg,Germany
Buli,Philippines
Steamboat Springs,United States
Pazhanji,India
Karapurcek,Turkey
Mangalapuram,India
Rezzato,Italy
Bonita,United States
Serrolandia,Brazil
Yantzaza,Ecuador
Marungur,India
Rajpur,India
Alzano Lombardo,Italy
Kumlu,Turkey
Kingston,United States
Chandi,India
Sant'Angelo Lodigiano,Italy
Cusset,France
Hillcrest,South Africa
Itapui,Brazil
Puerto Morazan,Nicaragua
Val-des-Monts,Canada
Franklin Park,United States
North Fair Oaks,United States
Torshavn,Faroe Islands
Amarpura,India
Santa Maria a Monte,Italy
Dambal,India
Ashton,South Africa
Portland,United States
Tiruvarpu,India
Pataili,India
Kodinsk,Russia
Okkerneutboom,South Africa
Bexley,United States
Hosbach,Germany
Bacup,United Kingdom
Dohta,India
Coatesville,United States
Beamsville,Canada
Hanimciftligi,Turkey
South Daytona,United States
Saint-Amable,Canada
Bachhauta,India
Kiiminki,Finland
Bonneville,France
Carluke,United Kingdom
Manerbio,Italy
Kuurne,Belgium
Dumaria,India
Faradonbeh,Iran
Santa Marcela,Philippines
Morag,Poland
Wabrzezno,Poland
Petushki,Russia
Busra al Harir,Syria
Duzkoy,Turkey
Ounagha,Morocco
Chifubu,Zambia
Sidi Abd el Moumene,Algeria
Narayangarh,India
Butler,United States
Ban Na Chom Thian,Thailand
Ambodilazana,Madagascar
Grimstad,Norway
Camana,Peru
Trenton,United States
Kagvad,India
Rosas,Colombia
Bouskene,Algeria
Sweden,United States
Stocksbridge,United Kingdom
Makarska,Croatia
Kadena,Japan
Saint-Jean-de-Vedas,France
Shiremoor,United Kingdom
Kusa,Russia
Nishon Tumani,Uzbekistan
Charxin,Uzbekistan
Ostringen,Germany
Ras El Oued,Morocco
Olfen,Germany
Goh,India
Callaway,United States
Albatera,Spain
Ponte San Giovanni,Italy
Reeuwijk,Netherlands
Penrith,Australia
Sirhali Kalan,India
Ratnapuram,India
Undrajavaram,India
Pushing,Tajikistan
Mani,Colombia
Debno,Poland
Arendonk,Belgium
Soyaniquilpan,Mexico
Badhoevedorp,Netherlands
San Rafael Oriente,El Salvador
Oued Tlelat,Algeria
Padaivedu,India
Trubchevsk,Russia
El Tabo,Chile
Catemu,Chile
Korenovsk,Russia
Woodland Park,United States
Aginiparru,India
Marietta,United States
Annamalainagar,India
Kuhbil,Iraq
Bayt Sahur,West Bank
Kings Park West,United States
Inaja,Brazil
Panchgani,India
Loveland,United States
Guillena,Spain
Fatehpur,India
Prattipadu,India
Vetralla,Italy
Standish,United Kingdom
Gura Humorului,Romania
Beverungen,Germany
Ayancik,Turkey
Ettapur,India
Ikizce,Turkey
New Hanover,United States
Graulhet,France
Tummanatti,India
Montepulciano,Italy
Hawaiian Paradise Park,United States
Sterling,United States
West Boldon,United Kingdom
Raghunathpur,India
Urtaowul,Uzbekistan
Portage La Prairie,Canada
Joaquim Nabuco,Brazil
Thame,United Kingdom
Buttar,India
Clayton,United States
Modakkurichchi,India
Znin,Poland
Zehdenick,Germany
Tega Cay,United States
Bugugoucun,China
Cremlingen,Germany
Lourdes,France
Ban Chomphu Nuea,Thailand
Kingersheim,France
Skoghall,Sweden
Sternberk,Czechia
Tanagura,Japan
Tarhunah,Libya
Rabor,Iran
Los Chiles,Costa Rica
Torredonjimeno,Spain
Betanzos,Spain
Tergnier,France
Peringom,India
Bas Goynuk,Azerbaijan
Linlithgow,United Kingdom
Torquay,Australia
Liangwancun,China
Karivalamvandanallur,India
Doddipatla,India
Aldeia de Paio Pires,Portugal
Knutsford,United Kingdom
Ourtzagh,Morocco
El Tablon,Colombia
Inderbor,Kazakhstan
Solonytsivka,Ukraine
Sheerness,United Kingdom
Cedar Grove,United States
Peshkopi,Albania
Ares,Brazil
Medway,United States
Montespertoli,Italy
Huntington,United States
Muragacha,India
La Victoria,Colombia
Fehmarnsund,Germany
Dingle,United Kingdom
Sumbha,India
Paraiso do Norte,Brazil
Usumatlan,Guatemala
Kuttyattur,India
Ad Duraykish,Syria
Puerto San Martin,Argentina
Pe de Serra,Brazil
Chhapra,India
Ortaklar,Turkey
Zhashkiv,Ukraine
Connersville,United States
Manivilundan,India
Lubsko,Poland
Mouvaux,France
Dharmaram,India
Fernandina Beach,United States
North Greenbush,United States
Daulatnagar,India
Ain Youcef,Algeria
Nanjai Kilabadi,India
Dharphari,India
Casandrino,Italy
Schleiden,Germany
Casatenovo,Italy
Star,United States
Damaishan,China
Perladka,India
Ivai,Brazil
Santa Juana,Chile
La Grange Park,United States
Terebovlya,Ukraine
Accokeek,United States
Sebt Labrikiyne,Morocco
Roding,Germany
Sabang,India
Adygeysk,Russia
Afir,Algeria
Mahalpur,India
Gopalasamudram,India
Waconia,United States
California,United States
Newton,United States
Domzale,Slovenia
Mesudiye,Turkey
Nioaque,Brazil
Basseterre,Saint Kitts and Nevis
Derecik,Turkey
Jula Buzarg,India
Yakage,Japan
Tafrant,Morocco
Harrison,United States
Muriedas,Spain
Pacora,Colombia
Arsali,India
Mathurapur,India
Wickede,Germany
El Esnam,Algeria
Bichkunda,India
Shin'onsen,Japan
Blegny,Belgium
Lariano,Italy
Fatima,Portugal
Aguilar,Spain
Yamato,Japan
Kathevaram,India
Khiria,India
San Martino di Lupari,Italy
Villa Gonzalez Ortega,Mexico
Walsall Wood,United Kingdom
Ambohidronono,Madagascar
El Sobrante,United States
Bondada,India
Chulumani,Bolivia
Brieselang,Germany
Beyla,Guinea
Sankt Georgen im Schwarzwald,Germany
Vaerlose,Denmark
Novellara,Italy
Noceto,Italy
Douar Sidi Laaroussi,Morocco
Benairia,Algeria
Zima,Russia
Xaafuun,Somalia
Rosbach vor der Hohe,Germany
Tonakkal,India
Guttal,India
Ain Lechiakh,Algeria
Tempio Pausania,Italy
Southwick,United Kingdom
Jaidte Lbatma,Morocco
Bombarral,Portugal
Chenggong,Taiwan
Bundala,India
Gmunden,Austria
Mutterstadt,Germany
Hullhorst,Germany
Hissaramuruvani,India
Orangeburg,United States
Liedekerke,Belgium
Jobat,India
Vila Pouca de Aguiar,Portugal
Green Valley,United States
Santa Ana,Costa Rica
Palsana,India
Ban Khlong,Thailand
Rio de Contas,Brazil
Villacidro,Italy
Castelnuovo di Verona,Italy
Agua de Dios,Colombia
Marathalli,India
Treuchtlingen,Germany
San Clemente,Philippines
Oncativo,Argentina
Parvomay,Bulgaria
Fraserburgh,United Kingdom
Herbrechtingen,Germany
Olympia Heights,United States
Lincolnwood,United States
Sovetskoe,Kyrgyzstan
Auria,India
Hashikami,Japan
Cariamanga,Ecuador
Santa Teresa,Brazil
Bagado,Colombia
Manikpur,India
Kiskoros,Hungary
Melilli,Italy
Penamaluru,India
Druskininkai,Lithuania
Bou Arada,Tunisia
River Ridge,United States
Qal`eh Ganj,Iran
Casale sul Sile,Italy
Khoyniki,Belarus
Ridgefield Park,United States
Enriquillo,Dominican Republic
Lezajsk,Poland
Hajan,India
Trebur,Germany
Samalsar,India
Santa Maria de Ipire,Venezuela
Arzgir,Russia
Monteux,France
Miahuatlan,Mexico
Vestby,Norway
Ban Chorakhe Samphan,Thailand
'Ain Mouilah,Algeria
Zabaykalsk,Russia
Oulad Chikh,Morocco
Villa Juarez,Mexico
Mulungu do Morro,Brazil
Villa Sandino,Nicaragua
Igrapiuna,Brazil
Mahao,China
Matsushima,Japan
Capaya,Venezuela
Dorado,Puerto Rico
Drochia,Moldova
Karabanovo,Russia
Celebration,United States
South Glengarry,Canada
Hulkoti,India
Barsbuttel,Germany
Santa Maria Jalapa del Marques,Mexico
Tinglayan,Philippines
Rio do Antonio,Brazil
Nako,Lesotho
Cypress Lake,United States
Gibraleon,Spain
Autun,France
Ban Nong Hoi,Thailand
Chanaral,Chile
Vigodarzere,Italy
Singuilucan,Mexico
Glucholazy,Poland
Alovera,Spain
Ketsch,Germany
Hamworthy,United Kingdom
Bajala,India
Crispiano,Italy
Webb City,United States
Sali,Algeria
Balsta,Sweden
Pacatuba,Brazil
Dardenne Prairie,United States
Superior,United States
Kaua Kol,India
Florham Park,United States
Glendale,United States
Sainte-Marie,Canada
Latisana,Italy
Novi Becej,Serbia
Kaharlyk,Ukraine
Shinile,Ethiopia
Amboise,France
Gothva,India
Mala Vyska,Ukraine
Bensekrane,Algeria
Whitby,United Kingdom
North Perth,Canada
Sarezzo,Italy
Qulan,Kazakhstan
Kofele,Ethiopia
Tetari,India
Berezne,Ukraine
Saktipur,India
Ayodhyapattanam,India
Ba Chuc,Vietnam
Puspokladany,Hungary
Berkeley Heights,United States
Cicuco,Colombia
Mount Vernon,United States
Las Vegas,United States
Sidmant al Jabal,Egypt
Barlinek,Poland
General Enrique Mosconi,Argentina
Nemours,France
San Vicente,Philippines
Alvorada D'Oeste,Brazil
Giporlos,Philippines
Soddy-Daisy,United States
Koregaon,India
Silago,Philippines
Maqsuda,India
Mahaboboka,Madagascar
Tubmanburg,Liberia
Altos,Paraguay
Iraci,Brazil
Wehr,Germany
Wasserburg am Inn,Germany
Betatao,Madagascar
Barhi,India
Toura,Benin
Brig-Glis,Switzerland
Quattro Castella,Italy
Miarinarivo,Madagascar
Lake Station,United States
Shitab Diara,India
Sargur,India
Bergen,Netherlands
Phalaborwa,South Africa
Kanabur,India
Kallur,India
Gland,Switzerland
Rajupalem,India
Sao Domingos,Brazil
Wantage,United Kingdom
Tirumakudal Narsipur,India
Mountain Park,United States
Pavona,Italy
Carpinteria,United States
Fyzabad,Trinidad and Tobago
Kozy,Poland
Miranda do Corvo,Portugal
Kavital,India
Medapadu,India
Mazatlan Villa de Flores,Mexico
Kirchheim bei Munchen,Germany
San Martin Zapotitlan,Guatemala
Dover,United States
Cambridge,United States
Hadamar,Germany
Kottaram,India
Wollaston,United Kingdom
Taishi,Japan
Mercedes Umana,El Salvador
Wolvega,Netherlands
Joure,Netherlands
North Palm Beach,United States
Itano,Japan
Hidrolandia,Brazil
Bocholt,Belgium
La Vega,Colombia
La Llagosta,Spain
Tonosho,Japan
Al Jumayliyah,Qatar
Kussnacht,Switzerland
San Antonio del Tequendama,Colombia
Gaurhati,India
Manching,Germany
Phra Samut Chedi,Thailand
Viera East,United States
Darlowo,Poland
Andarai,Brazil
Caldeirao Grande,Brazil
Horst,Netherlands
Gurlapeta,India
Takkolam,India
Simijaca,Colombia
Chandhaus,India
Udaipur Bithwar,India
Kamikawa,Japan
Peddavadlapudi,India
Ekwari,India
Huguan Nongchang,China
Nasiyanur,India
Hajduhadhaz,Hungary
Motobu,Japan
Gouande,Benin
Fannuj,Iran
Caykara,Turkey
Pendlebury,United Kingdom
Goodmayes,United Kingdom
Darmanesti,Romania
Grand Terrace,United States
Las Rosas,Argentina
Gorakhpur,India
Killai,India
Kalikiri,India
Pallappalaiyam,India
Cotegipe,Brazil
Jalhalli,India
Stoughton,United States
Juan de Herrera,Dominican Republic
Horodyshche,Ukraine
Wachtersbach,Germany
Adi Keyh,Eritrea
Dinbela,Mali
Ribeirao do Pinhal,Brazil
Paina,India
La Grande,United States
Balua,India
Mohgaon,India
Haskoy,Turkey
Kuruman,South Africa
Linnich,Germany
Kafr `Awan,Jordan
Woolwich,United States
Muri,Switzerland
Castlebar,Ireland
Lamacaes,Portugal
Claremont,United States
Rabot,Tajikistan
Alto Garcas,Brazil
Nidzica,Poland
Fords,United States
Dom Feliciano,Brazil
Vetlanda,Sweden
Gamboula,Central African Republic
Fonsorbes,France
Forlimpopoli,Italy
Palos Verdes Estates,United States
Monte Belo,Brazil
Kani-Bonzon,Mali
Alcacer do Sal,Portugal
Afanyangan,Togo
Danga,Mali
La Crucecita,Mexico
Linganore,United States
Turvo,Brazil
Pandireddigudem,India
Pulla,India
Anadyr,Russia
Manturovo,Russia
Fatehpur,India
Drongen,Belgium
Rasauli,India
Mettet,Belgium
Mango,United States
Charabidya,India
Dahu,Taiwan
Thompson,Canada
Turbihal,India
Palmital,Brazil
Olivar Bajo,Chile
Olivar,Chile
Hungen,Germany
D'Iberville,United States
Lowshan,Iran
Shahr-e Herat,Iran
Tezontepec,Mexico
Stjordalshalsen,Norway
Tomball,United States
Capo d'Orlando,Italy
Nova Gorica,Slovenia
Smyrna,United States
Ajas,India
Darasuram,India
Neykkarappatti,India
Blytheville,United States
Rossdorf,Germany
Catalpinar,Turkey
Missoes,Brazil
Holborn,United Kingdom
San Pietro Vernotico,Italy
Buharkent,Turkey
Dayalpur Sapha,India
Baraon,India
Mountain Home,United States
Shin,Syria
Caledon,South Africa
Bolongongo,Angola
Taichang,China
Bohmte,Germany
Scheessel,Germany
Neuri,India
Sharon,United States
Dinshaway,Egypt
Brackley,United Kingdom
Ubaporanga,Brazil
Fatehpur,India
Barah,India
Candiba,Brazil
Fuldatal,Germany
Leibnitz,Austria
Abrera,Spain
Gangoli,India
Peddakurapadu,India
Kalaiyamputtur,India
Athens,United States
Seclin,France
Belpukur,India
Ampanavoana,Madagascar
Thara,India
West Carrollton,United States
Chandauli,India
Zolote,Ukraine
Sidhwan,India
Kaji,China
Canet-en-Roussillon,France
Lawaan,Philippines
Suamico,United States
Wimauma,United States
Quzanli,Azerbaijan
Holly Hill,United States
Alaverdi,Armenia
Abaran,Spain
Galashiels,United Kingdom
Jalam,India
Ghoradongri,India
Moviya,India
Amauna,India
Dammennu,India
Kahhale,Lebanon
Ambararata,Madagascar
Marovandrika,Madagascar
Morafeno,Madagascar
Andreba,Madagascar
Marovato,Madagascar
Ampitasimo,Madagascar
Ambohimahavelona,Madagascar
Isaka-Ivondro,Madagascar
Ambodiampana,Madagascar
Andranomamy,Madagascar
Ihorombe,Madagascar
Mahatsinjo,Madagascar
Antongomena-Bevary,Madagascar
Antsirabe Afovoany,Madagascar
Sahavalanina-Antenina,Madagascar
Belemoka,Madagascar
Mavorano,Madagascar
Evato,Madagascar
Tranovaho,Madagascar
Amborompotsy,Madagascar
Ambalakindresy,Madagascar
Ambahoabe,Madagascar
Vohitrindry,Madagascar
Befandriana,Madagascar
Ampanefena,Madagascar
Ankilivalo,Madagascar
Anjiajia,Madagascar
Ambatondrakalavao,Madagascar
Kirano,Madagascar
Sakoabe,Madagascar
Maroviro,Madagascar
Ambakireny,Madagascar
Tsiately,Madagascar
Ambohitsilaozana,Madagascar
Ambazoa,Madagascar
Ambodisakoana,Madagascar
Bemanevika,Madagascar
Ambondrona,Madagascar
Ambatolampy,Madagascar
Bejofo,Madagascar
Manambolo,Madagascar
Mangindrano,Madagascar
Ankilimalinika,Madagascar
Sandrakatsy,Madagascar
Marojala,Madagascar
Ilafy,Madagascar
Morarano,Madagascar
Mandritsara,Madagascar
Befeta,Madagascar
Amboaboa,Madagascar
Manambidala,Madagascar
Andohajango,Madagascar
Harmah,Saudi Arabia
Sunne,Sweden
Kumi,Uganda
Lavello,Italy
Ayas,Turkey
Vieira do Minho,Portugal
Bocas del Toro,Panama
Manalalondo,Madagascar
Anandapuram,India
Gornalwood,United Kingdom
Lohiyar Ujain,India
Mounds View,United States
Spata,Greece
Ficarazzi,Italy
Baduriatola,India
Kottapadi,India
Kara-Kyshtak,Kyrgyzstan
Chhara,India
Chawalhati,India
Nacozari de Garcia,Mexico
Korneuburg,Austria
Auriol,France
Zandhoven,Belgium
Sai Wan Ho,Hong Kong
Steinkjer,Norway
Paso de los Toros,Uruguay
Santa Cruz Atizapan,Mexico
Kibiito,Uganda
Ivanic-Grad,Croatia
Kollipara,India
Vrbovec,Croatia
Bisee,Saint Lucia
Yiewsley,United Kingdom
Chang,India
Jianganj,India
Hoor,Sweden
Radomir,Bulgaria
San Lucas,Nicaragua
Kanel,Senegal
Satoraljaujhely,Hungary
Sidi Moussa Ben Ali,Morocco
Castellbisbal,Spain
Culaba,Philippines
Pretoria-Noord,South Africa
Sitalpur,India
Ben,Iran
Turi,Italy
Vysokovsk,Russia
Marple,United Kingdom
Barwat Pasrain,India
Phulwaria,India
Bachra,India
Senmayacho-senmaya,Japan
Wanderley,Brazil
Rovinj,Croatia
An Thanh B,Vietnam
Casinhas,Brazil
Berck-sur-Mer,France
Lingamparti,India
Chapantongo,Mexico
Itatiaiucu,Brazil
Festus,United States
Uppada,India
Lynnfield,United States
Palangarai,India
Garhi,India
Mizil,Romania
Shenley Church End,United Kingdom
Miami,United States
Bedford,United States
Montesarchio,Italy
Cardoso Moreira,Brazil
Chalette-sur-Loing,France
Somerville,United States
Shanyincun,China
Wicklow,Ireland
Kudangulam,India
Pomfret,United States
Pingtiancun,China
Jhaua,India
Montefiascone,Italy
Flint,United Kingdom
Pucioasa,Romania
Mogocha,Russia
Twistringen,Germany
Mirdaul,India
Saposoa,Peru
Villeneuve-les-Avignon,France
Ionia,United States
Mulakaluru,India
Bocsa,Romania
Libertad,Philippines
Rodental,Germany
Jaitpur,India
Tartarugalzinho,Brazil
Lakkavaram,India
Carpenedolo,Italy
Newcastle,United States
Cesky Krumlov,Czechia
Cherutana Tekku,India
Brejoes,Brazil
Shiwan,China
Camponogara,Italy
Ain Jemaa,Morocco
Elandsdoorn,South Africa
Nossa Senhora do Livramento,Brazil
Berja,Spain
Sakhmohan,India
Rochester,United States
Japoata,Brazil
Rampur Shamchand,India
Matinilla,Costa Rica
Trebaseleghe,Italy
Gomparou,Benin
Morungaba,Brazil
Avocado Heights,United States
Campo de Criptana,Spain
Ait I'yach,Morocco
Isalo,Madagascar
San Pablo,Colombia
Kachavaram,India
Pionerskiy,Russia
Wadersloh,Germany
Atmakuru,India
Song Phi Nong,Thailand
Balatonfured,Hungary
Qal`at al Madiq,Syria
Nova Londrina,Brazil
Besigheim,Germany
Saint-Hilaire-de-Riez,France
Medfield,United States
Fengdeng,China
Paranhos,Brazil
Woolton,United Kingdom
Kingsbury,United States
Sint-Gillis-bij-Dendermonde,Belgium
Amarwa Khurd,India
Tezze sul Brenta,Italy
Sugarland Run,United States
Chamical,Argentina
Valparaiso,Mexico
Buritirama,Brazil
Castiglion Fiorentino,Italy
Bujari,Brazil
Statte,Italy
Kent,United States
Schodack,United States
Vejer de la Frontera,Spain
Sant Sadurni d'Anoia,Spain
Kalanaur,India
Tonosho,Japan
Adolfo Gonzales Chaves,Argentina
Odder,Denmark
Balbalan,Philippines
Anolaima,Colombia
Schinnen,Netherlands
Greenville,United States
Leagrave,United Kingdom
Neunkirchen,Germany
Saint-Andre,France
Kingstown,Saint Vincent and the Grenadines
Nosivka,Ukraine
Waianae,United States
Bloomsburg,United States
San Mateo,Venezuela
Barra de Santa Rosa,Brazil
Tashi,China
Karahal,India
Khomam,Iran
Goonellabah,Australia
Corat,Azerbaijan
Tarnos,France
Cliftonville,United Kingdom
Kankandighi,India
Bijelo Polje,Montenegro
Amolatar,Uganda
Kapchorwa,Uganda
Jennings,United States
Trent Hills,Canada
Vellakkinar,India
Tirmaigiri,India
Loreto,Italy
Chateaudun,France
Gurgunta,India
Cho Moi,Vietnam
Sisauna,India
Bairia,India
Quierschied,Germany
Kalappalangulam,India
Monteprandone,Italy
Holiday City-Berkeley,United States
Yuza,Japan
Pelham,United States
Highlands,United States
Wommelgem,Belgium
Saghar Sultanpur,India
Petrus Steyn,South Africa
Bagewadi,India
Khunays,Tunisia
Moreira,Portugal
Esneux,Belgium
Elavanasur,India
Pentapadu Kasba,India
Misaki,Japan
Tonyrefail,United Kingdom
Barja,Lebanon
Santany,Spain
Kalavai,India
Crissiumal,Brazil
Uzwil,Switzerland
Mockern,Germany
Bronderslev,Denmark
Ambalarondra,Madagascar
Brenes,Spain
Sangao,Brazil
Kapelle,Netherlands
Severobaykalsk,Russia
El Dorado,United States
Ricaurte,Colombia
Peissenberg,Germany
Ringnod,India
Edattirutti,India
Ayutla,Mexico
Neunkirchen,Austria
Suzu,Japan
Daru,Papua New Guinea
Cidelandia,Brazil
Teror,Spain
Frutillar,Chile
Koturkolkara,India
Keisen,Japan
Nurkot,Pakistan
Feuchtwangen,Germany
Causeni,Moldova
Lontras,Brazil
Palombara Sabina,Italy
Manvel,United States
Alpen,Germany
Kuala Kurun,Indonesia
Alayaman,India
Lakeland South,United States
Colares,Brazil
Puren,Chile
Tanakkangulam,India
Agutaya,Philippines
St. Ann,United States
Chilwell,United Kingdom
Red Bank,United States
Les Ponts-de-Ce,France
Trail,Canada
Muggia,Italy
Calcinato,Italy
Lakinsk,Russia
Capdepera,Spain
Akayu,Japan
Porto Murtinho,Brazil
Perigi Dua,Indonesia
Mansapur,India
Rehti,India
Mulaikkaraippatti,India
Ganapavaram,India
Lanuvio,Italy
Neosho,United States
Galich,Russia
Larkspur,United States
Dhutauli,India
Ecublens,Switzerland
Mayenne,France
Chinnasekkadu,India
Daparkha,India
Gartringen,Germany
Sidi Kasem,Morocco
Balao,Ecuador
Nuevo Ideal,Mexico
Saunshi,India
Pasadena Hills,United States
Byram,United States
Vedappatti,India
Zhongling,China
Niandjila,Mali
Lakeside,United States
Palmares do Sul,Brazil
Argentona,Spain
Rahika,India
Spiesen-Elversberg,Germany
Bihariganj,India
Aldoar,Portugal
Acasusso,Argentina
Brodslev,Denmark
Ceuti,Spain
Sugauna,India
Sidlice,Poland
Cuers,France
Meric,Turkey
Solana Beach,United States
Dedemsvaart,Netherlands
Cavallino,Italy
Talne,Ukraine
Kallad,India
Gharbia,Morocco
Janai,India
Meddappakkam,India
West Monroe,United States
Puerto Jimenez,Costa Rica
Teulada,Spain
San Pietro in Casale,Italy
Antonio Prado,Brazil
Terrasini Favarotta,Italy
Timberlake,United States
Kadachchinallur,India
Quartucciu,Italy
Mora,Sweden
Cheney,United States
Vicente Guerrero,Mexico
Santa Fe,United States
Sattar,India
Barhauna,India
Stony Brook,United States
Encamp,Andorra
Santuario,Colombia
Kaul,India
Oxapampa,Peru
Sagay,Philippines
Forrest City,United States
San Juan Tecuaco,Guatemala
Spilamberto,Italy
Palacaguina,Nicaragua
Roudnice nad Labem,Czechia
Canelinha,Brazil
Raymond Terrace,Australia
Same,Mali
Campos Altos,Brazil
Mullassheri,India
Salempur,India
Fontanafredda,Italy
Nieuw Nickerie,Suriname
Juan L. Lacaze,Uruguay
Nova Crixas,Brazil
Frederiksvaerk,Denmark
Leopold,Australia
Gueret,France
Arakere,India
Santa Cruz Amilpas,Mexico
M'dhilla,Tunisia
Ganga,India
Spiez,Switzerland
Noyon,France
Rehoboth,United States
Qazmalar,Azerbaijan
Buenos Aires,Brazil
The Nation / La Nation,Canada
Nova Timboteua,Brazil
Ziro,India
Bolintin Vale,Romania
Lumberton,United States
Bela Simri,India
Bhagwanpur Khurd,India
Pueblo Nuevo,Mexico
Douar Oulad Youssef,Morocco
Little Lever,United Kingdom
Chiatura,Georgia
Venkatagirikota,India
Rosario del Tala,Argentina
Bazidpur,India
Cornwall,United States
Prescot,United Kingdom
Santo Tomas La Union,Guatemala
Yelmalla,India
Govindgarh,India
Ban Krang,Thailand
Bag`dod,Uzbekistan
Yozyovon,Uzbekistan
Granville,France
Salzano,Italy
Rose Belle,Mauritius
Hessisch Lichtenau,Germany
Kachchippalli,India
Florence,United States
Chinnakkampalaiyam,India
Amherst,United States
Milngavie,United Kingdom
Khuldabad,India
Arohi,India
Kalecik,Turkey
Kurwa Mathia,India
Toukoroba,Mali
Burgos,Philippines
Winterberg,Germany
Florida City,United States
Lokapur,India
Springbok,South Africa
Rio Casca,Brazil
Gaura,India
Kyotera,Uganda
Vadnais Heights,United States
Santa Maria do Suacui,Brazil
Rampurwa,India
Nkheila,Morocco
Saint-Andre-de-Cubzac,France
Mallapur,India
Mesolongi,Greece
Yavoriv,Ukraine
Fremington,United Kingdom
Santa Ana de Yacuma,Bolivia
As,Czechia
Herzberg am Harz,Germany
Straldzha,Bulgaria
Jasauli,India
Franeker,Netherlands
Oudenbosch,Netherlands
Krupka,Czechia
Kannudaiyampatti,India
Sanderstead,United Kingdom
Mudhol,India
Kanbara,Japan
Pichilemu,Chile
Ocos,Guatemala
Betton,France
Ashibetsu,Japan
Donwari,Benin
Hersbruck,Germany
Nangavalli,India
Landeh,Iran
Velilla de San Antonio,Spain
Gavere,Belgium
Lagoa Dourada,Brazil
Schongau,Germany
Chojnow,Poland
Loyish Shaharchasi,Uzbekistan
Harpur Bochaha,India
Nandyalampeta,India
Sorum,Norway
Perez,Philippines
Rayevskiy,Russia
Wietmarschen,Germany
Bad Windsheim,Germany
Magdalena Milpas Altas,Guatemala
Ouaouzgane,Morocco
Huazalingo,Mexico
Brzeg Dolny,Poland
Novo Lino,Brazil
Monovar,Spain
Chodavaram,India
Agdangan,Philippines
Tsivilsk,Russia
Woodhaven,United States
Dhubaria,Bangladesh
Sulz am Neckar,Germany
Chahatpur,India
Sedriano,Italy
Ban Tat,Thailand
Branson,United States
Vilanova del Cami,Spain
Sarahandrano,Madagascar
Rodeio,Brazil
Bariyarpur,India
Maheswa,India
Granarolo del l'Emilia,Italy
Anaikal,India
Emeryville,United States
Bad Urach,Germany
Maharajpur,India
Antanandava,Madagascar
Bayeux,France
Kaufungen,Germany
Villa San Giovanni,Italy
Kaeng Khoi,Thailand
Casteel,South Africa
Kouti,Benin
Vadasseri,India
Finchampstead,United Kingdom
Svirsk,Russia
Nawada Gobindganj,India
Barud,India
Kolappalur,India
Greenville,United States
Gonzales,United States
Serra Azul,Brazil
Kamrej,India
Maroli,India
Belev,Russia
Rokupr,Sierra Leone
Keerbergen,Belgium
Begampur,India
Beaufort,Malaysia
Ilicinia,Brazil
Dharampur Bande,India
Cavarzere,Italy
Terrabona,Nicaragua
Bahadurpur,India
Ban Sop Tia,Thailand
Majarhat,India
Chinna Gollapalem,India
Calcinaia,Italy
Kochlowice,Poland
Sandy,United States
Mahabaleshwar,India
Manorville,United States
Sebiston,Tajikistan
Malaryta,Belarus
Bandlaguda,India
San Salvador,Argentina
Velten,Germany
At Tur,Egypt
Jami,India
Highland City,United States
Sonbarsa,India
Almirante,Panama
Upper Uwchlan,United States
Sete Barras,Brazil
Koprubasi,Turkey
Duvvuru,India
Dingman,United States
Tamm,Germany
Joanopolis,Brazil
Obalapuram,India
Canilla,Guatemala
Ainsdale,United Kingdom
Ivanec,Croatia
Meadville,United States
Mar de Espanha,Brazil
Brus Laguna,Honduras
Emmiganuru,India
San Francisco de Mostazal,Chile
Alexandreia,Greece
Ialysos,Greece
Alcala,Colombia
Debbache el Hadj Douadi,Algeria
San Antonio Aguas Calientes,Guatemala
Bakhtawarpur,India
Mahtha,India
Blagodarnyy,Russia
Varzaneh,Iran
Kyotamba,Japan
Valtierrilla,Mexico
Vidauban,France
Street,United Kingdom
Pirnagar,India
Bari,India
Meze,France
San Anselmo,United States
Novi Pazar,Bulgaria
Playa Grande,Guatemala
Damarcherla,India
Chaiyo,Thailand
Oatfield,United States
Pennsville,United States
Kaspi,Georgia
El Paraiso,El Salvador
Sao Felix da Marinha,Portugal
Sivalarkulam,India
Ladenburg,Germany
Madugula,India
Ksar Lmajaz,Morocco
Buffelshoek,South Africa
Marysville,United States
Cranleigh,United Kingdom
Miranorte,Brazil
Nirakpurpali,India
Honggu,China
Serere,Uganda
Oakland,United States
Zelzate,Belgium
Umag,Croatia
Patti,Italy
Kuressaare,Estonia
Samai,India
Battulapalle,India
Kelso,United States
Puerto Ayora,Ecuador
Caio,Guinea-Bissau
Sason,Turkey
Saint-Andre-les-Vergers,France
Sante Bennur,India
Basmenj,Iran
Zelenodolsk,Ukraine
Librazhd-Qender,Albania
Newhaven,United Kingdom
Peraiyur,India
Gricignano d'Aversa,Italy
Brad,Romania
Jerome,United States
Graben-Neudorf,Germany
Chuy,Kyrgyzstan
Bamhni,India
Manakondur,India
Grover Beach,United States
Tucson Estates,United States
Alampur Gonpura,India
Nicosia,Italy
Borovsk,Russia
Sangtuda,Tajikistan
Stupava,Slovakia
Challapata,Bolivia
Dianguirde,Mali
Dianke,Mali
Mechtras,Algeria
Santiago Amoltepec,Mexico
Ap Binh Thanh,Vietnam
Edgewood,United States
Delemont,Switzerland
Maniyur,India
Itayanagi,Japan
Perehinske,Ukraine
Derventa,Bosnia and Herzegovina
Hedensted,Denmark
Daharia,India
Luchong,China
Cuisnahuat,El Salvador
Amos,Canada
Penistone,United Kingdom
Morazan,Guatemala
Olgiate Olona,Italy
Fostoria,United States
Yzeure,France
Taguai,Brazil
Sarasota Springs,United States
Mablethorpe,United Kingdom
Douar Toulal,Morocco
Venev,Russia
Robinson,United States
Diari,Ghana
Gorokhovets,Russia
Eufaula,United States
Palos de la Frontera,Spain
Shirataka,Japan
Shilka,Russia
Enumclaw,United States
Canovanas,Puerto Rico
Verde Village,United States
Herk-de-Stad,Belgium
Juterbog,Germany
Lymm,United Kingdom
Kotturu,India
Gerpinnes,Belgium
Salobrena,Spain
Puduru,India
Cairo Montenotte,Italy
North Adams,United States
Hornsey,United Kingdom
Mamakating,United States
Mugutkhan Hubli,India
Blaubeuren,Germany
Imam Sahib,Afghanistan
Santo Stino di Livenza,Italy
Kucove,Albania
Malmedy,Belgium
Bad Abbach,Germany
Balpyq Bi,Kazakhstan
Ahermoumou,Morocco
Malhador,Brazil
Nakhla,Algeria
San Biagio di Callalta,Italy
Brunsbuttel,Germany
Sheopuria,India
Manchester,United States
Ouzera,Algeria
Sinincay,Ecuador
Takamori,Japan
Sosnovoborsk,Russia
Bom Repouso,Brazil
Qiaotouba,China
Chodov,Czechia
Comines,France
Sutton on Hull,United Kingdom
Tilari,India
Los Santos,Colombia
Awantipur,India
Claiborne,United States
Bretzfeld,Germany
Market Warsop,United Kingdom
Warsop,United Kingdom
Steinheim,Germany
Ziama Mansouria,Algeria
Nangola,Mali
Isla Mujeres,Mexico
Petrovske,Ukraine
Diamond Springs,United States
Fortaleza dos Nogueiras,Brazil
Saltcoats,United Kingdom
Ponduru,India
Al Muzayrib,Syria
Tetiiv,Ukraine
Los Hidalgos,Dominican Republic
Wickliffe,United States
Groutville,South Africa
Puttanattam,India
Wilmington,United States
Kakan,India
Tenmalai,India
De Haan,Belgium
Rio Vermelho,Brazil
North Walsham,United Kingdom
Adukam,India
Kanniyambram,India
San Marco in Lamis,Italy
Sedro-Woolley,United States
Ottawa,United States
Minooka,United States
Falmouth,United States
Dores do Indaia,Brazil
Qigexingcun,China
Naduhatti,India
Ulster,United States
Blackfoot,United States
Costa Marques,Brazil
Knittelfeld,Austria
Victoria,El Salvador
Burj al `Arab,Egypt
Mongat,Spain
Kadiyampatti,India
Ap Phu Hai,Vietnam
Sirur,India
Bonito,Brazil
Castel Goffredo,Italy
Presidente Janio Quadros,Brazil
Vilsbiburg,Germany
Jalpura,India
Kalyazin,Russia
Paradise Valley,United States
Cunda dia Baze,Angola
Simri,India
Antonivka,Ukraine
Cedral,Brazil
Kauhajoki,Finland
Gurgentepe,Turkey
Motkur,India
Saddlebrooke,United States
Concepcion Las Minas,Guatemala
Daipha,India
Xalpatlahuac,Mexico
Brown Deer,United States
Andernos-les-Bains,France
Parigi,India
Summerstrand,South Africa
Apia,Colombia
Buchs,Switzerland
Isla Raton,Venezuela
St. Marys,United States
Gaffney,United States
Valverde del Camino,Spain
Saka,Japan
Fulton,United States
Santa Barbara de Pinto,Colombia
Tamsaout,Morocco
Chariyakulam,India
Toplita,Romania
Boiling Springs,United States
Riviera Beach,United States
Hirschaid,Germany
Lewisburg,United States
Ullo,Hungary
Kharak Kalan,India
Melvindale,United States
La Chapelle-Saint-Luc,France
Garh Sisai,India
Belagal,India
Muttanampalaiyam,India
Magsaysay,Philippines
Road Town,"Virgin Islands, British"
Goldenrod,United States
Lansdowne,United States
Tagoloan,Philippines
Altenstadt,Germany
Alat,Azerbaijan
Queluz,Brazil
Niefern-Oschelbronn,Germany
Angadikkal Tekkekara,India
Luchenza,Malawi
Galaosiyo Shahri,Uzbekistan
Eski Arab,Uzbekistan
Puerto Lopez,Ecuador
Dunkirk,United States
Hosir,India
Guymon,United States
Khagra,India
Lamphun,Thailand
Gladenbach,Germany
Wetaskiwin,Canada
Dieli,Mali
Minakshipuram,India
New Germany,South Africa
Ibiracu,Brazil
Sami,India
Berkovitsa,Bulgaria
Agua Boa,Brazil
Viota,Colombia
Cevicos,Dominican Republic
Chropaczow,Poland
Zimnicea,Romania
Hvardiiske,Ukraine
Jeppe's Reef,South Africa
Kingsburg,United States
Market Drayton,United Kingdom
Seyitgazi,Turkey
Ban Tom Klang,Thailand
Kortemark,Belgium
Mahuakheraganj,India
Koppal,India
Hayashima,Japan
General Acha,Argentina
Sangar,Iran
Gaesti,Romania
Lantana,United States
North Smithfield,United States
Wordsley,United Kingdom
Souakene,Morocco
Cloquet,United States
Chandwa,India
Lamballe,France
San Vicente,Philippines
San Rafael,Colombia
Vatra Dornei,Romania
Tuzdybastau,Kazakhstan
Wieringerwerf,Netherlands
Pago Pago,American Samoa
Richton Park,United States
Ridgefield,United States
Apricena,Italy
Dabat,Ethiopia
Karedu,India
Geneva,United States
Castle Pines,United States
Dongyuancun,China
Lindsay,United States
Osecina,Serbia
Adre,Chad
Kamalapuram,India
Appukkudal,India
Port Washington,United States
Duartina,Brazil
Gueltat Sidi Saad,Algeria
Tirukkattuppalli,India
Kanra,Japan
Vasylivka,Ukraine
Campbelltown,Australia
El Fuerte,Mexico
Borken,Germany
Rothenbach an der Pegnitz,Germany
Lipari,Italy
Levelland,United States
Parker,United States
Tartar,Azerbaijan
Quirihue,Chile
Ancuabe,Mozambique
Olen,Belgium
Lucena,Brazil
Maba,Indonesia
Prymorskyi,Ukraine
Union,United States
Sungurlare,Bulgaria
Birni,Benin
Vohimarina,Madagascar
Upper,United States
Progreso,Mexico
Poquoson,United States
Artesia,United States
Rochefort,Belgium
Mandramo,India
Zaouiat Moulay Bouchta El Khammar,Morocco
Mendota,United States
Rong Kwang,Thailand
Nohsa,India
Parasurampur,India
Spearfish,United States
Armadale,United Kingdom
Pilich,India
Marikal,India
Diamou,Mali
Calanasan,Philippines
Devapur,India
Tata,Morocco
Kastoria,Greece
Osian,India
Sankt Veit an der Glan,Austria
Epping,United Kingdom
Tizi Nisly,Morocco
Cottonwood,United States
Northlake,United States
Emstek,Germany
Pajo,Indonesia
Lakhipur,India
Sabugal,Portugal
Dysselsdorp,South Africa
North Merrick,United States
Monte Quemado,Argentina
Kwiha,Ethiopia
Conceicao do Rio Verde,Brazil
Jaromer,Czechia
Makuyu,Kenya
Ban Laem,Thailand
Apuiares,Brazil
Aubergenville,France
Khorol,Ukraine
Fokino,Russia
Wawarsing,United States
La Carlota,Argentina
Kawamata,Japan
Luderitz,Namibia
Borodyanka,Ukraine
Sarare,Venezuela
Dossenheim,Germany
Nakhtarana,India
Varazze,Italy
Avrig,Romania
Jiuduhe,China
Ulvila,Finland
Kantang,Thailand
Turki,India
Vandithavalam,India
Chiampo,Italy
Brunswick,United States
Fene,Spain
Pornichet,France
Betma,India
Mahrail,India
Bad Sassendorf,Germany
Mayamankurichchi,India
Ebersberg,Germany
Chikura,Japan
Bacalar,Mexico
Petrov Val,Russia
Hansot,India
Villa Sola de Vega,Mexico
Montegranaro,Italy
Edemissen,Germany
Tola Khadda,India
Montividiu,Brazil
Torroella de Montgri,Spain
Reggada,Morocco
Neuenburg am Rhein,Germany
Eloxochitlan,Mexico
Burnham,United Kingdom
Nekaraje,India
Santo Nino,Philippines
Champadanga,India
Kewatgawan,India
Ereymentau,Kazakhstan
West Grey,Canada
Ialoveni,Moldova
Rantoul,United States
Klobuck,Poland
Gorazde,Bosnia and Herzegovina
Waltershausen,Germany
North St. Paul,United States
Campinorte,Brazil
Borgo San Dalmazzo,Italy
Qarah,Syria
Marabella,Trinidad and Tobago
Kashasha,Tanzania
Winnetka,United States
Gumani,Ghana
Samos,Greece
Savalgi,India
Pilar,Philippines
Ridge,United States
Baraboo,United States
Pannaikkadu,India
Wolsztyn,Poland
Lake Elmo,United States
Sattegalam,India
Timezgana,Morocco
Haddonfield,United States
Campo Alegre,Brazil
Culfa,Azerbaijan
Usmanpur,India
Dhanupra,India
Miary,Madagascar
Wlodawa,Poland
Panj,Tajikistan
Anjahambe,Madagascar
Paithan Kawai,India
Xiaping,China
Rionero in Vulture,Italy
Lake Norman of Catawba,United States
Codegua,Chile
Nanzhai,China
Coringa,India
Baykalsk,Russia
Big Bear City,United States
Wolverton,United Kingdom
Zuvvaladinne,India
Gosaingaon,India
Puturge,Turkey
Vernouillet,France
Canegrate,Italy
Bauyrzhan Momyshuly,Kazakhstan
Hincesti,Moldova
Sidi Bou Othmane,Morocco
Fort Atkinson,United States
Demerval Lobao,Brazil
Cascades,United States
Aubenas,France
Devsar,India
Negotino,North Macedonia
Gold Canyon,United States
Laarne,Belgium
El Adjiba,Algeria
Saint David's,Grenada
Beaumont,Haiti
Grave,Netherlands
Neuhausen auf den Fildern,Germany
Vikasnagar,India
Alwarkurichchi,India
Xavantes,Brazil
Alto do Rodrigues,Brazil
Kotwapatti Rampur,India
Grenada,United States
Annapolis Neck,United States
Rozhyshche,Ukraine
Garden City,United States
Ingeniero Maschwitz,Argentina
'Ain el Assel,Algeria
Bang Phlat,Thailand
Amelia,United States
Domahani,India
Naysar,Iran
Ocna Mures,Romania
Thair,India
Mariental,Namibia
Chabal Kalan,India
Tiruppalai,India
Lana,Italy
Kathanian,India
Forest,United States
La Argentina,Colombia
San Miguel Panan,Guatemala
Pidigan,Philippines
Arhribs,Algeria
Gulsehir,Turkey
Kuttiyeri,India
Shahpura,India
Bheja,India
Zaladanki,India
Made,Netherlands
Raamsdonksveer,Netherlands
Ranranagudipeta,India
Lakshminarayanapuram,India
Santa Ana Maya,Mexico
Voerendaal,Netherlands
Ban Bang Non,Thailand
Matatiele,South Africa
Singerei,Moldova
Bryne,Norway
Mira,Portugal
Hacilar,Turkey
Kuhsan,Afghanistan
Celakovice,Czechia
Chaval,Brazil
Barton upon Irwell,United Kingdom
Patiram,India
Eyvanekey,Iran
Reshuijie,China
Xinyingheyan,China
eXobho,South Africa
Iferhounene,Algeria
Cetinje,Montenegro
Santana,Romania
San Bartolo,Guatemala
Putussibau,Indonesia
Guruvarajukuppam,India
Doctor Phillips,United States
Box Elder,United States
Santana do Matos,Brazil
Preussisch Oldendorf,Germany
Nakskov,Denmark
Bickenhill,United Kingdom
Ak-Dovurak,Russia
Jensen Beach,United States
Rozenburg,Netherlands
Engenheiro Beltrao,Brazil
Macara,Ecuador
Balya,Turkey
Tilbury,United Kingdom
Bandipur,Nepal
Uren,Russia
Anna Regina,Guyana
Ahirauliya,India
Laichingen,Germany
Harrai,India
Fagnano Olona,Italy
Bagnolo Mella,Italy
Zonnebeke,Belgium
Zella-Mehlis,Germany
Kobiri,Mali
Boone,United States
Gamarra,Colombia
Quimperle,France
Satao,Portugal
Wernau,Germany
'Ain el Arbaa,Algeria
Bhanas Hivre,India
Sangan,Iran
Ozatlan,El Salvador
Finspang,Sweden
Sillamae,Estonia
Hanumantanpatti,India
Kanoni,Uganda
Nelmadur,India
Villa Literno,Italy
Shichuanxiang,China
Gaimersheim,Germany
Gravatal,Brazil
Matsukawa,Japan
Liberty Lake,United States
Kankon,India
Newington Forest,United States
Goiatins,Brazil
Gohpur,India
Gogui,Mali
Viterbo,Colombia
Maglod,Hungary
Bandalli,India
Koszutka,Poland
Beausoleil,France
Overlea,United States
Balchik,Bulgaria
Kallupatti,India
Campiglia Marittima,Italy
Sint-Michiels,Belgium
Bairia,India
Dhansura,India
Tyngsborough,United States
Guatica,Colombia
Pueblo Rico,Colombia
Oshikango,Namibia
Punta del Este,Uruguay
Pont-du-Chateau,France
Titara,India
Ambatomainty,Madagascar
Ludwigslust,Germany
Jequeri,Brazil
Chachagui,Colombia
Warman,Canada
Taiynsha,Kazakhstan
Gulshan,Tajikistan
El Ayote,Nicaragua
El Ayote,Nicaragua
Mallappulasseri,India
Los Bellosos,Dominican Republic
Hersham,United Kingdom
Baswariya,India
Fortuna,United States
Vysoke Myto,Czechia
Huodoushancun,China
L'Union,France
Hizan,Turkey
Albox,Spain
Hullatti,India
Grammichele,Italy
Rushall,United Kingdom
Madiama,Mali
Aywaille,Belgium
Meerzorg,Suriname
Kadiana,Mali
Lake City,United States
Myrtle Grove,United States
Vallejuelo,Dominican Republic
Kolattur,India
Bousse,Mali
Mehnatobod,Tajikistan
Kegeyli Shahar,Uzbekistan
Las Lomitas,Argentina
Prilly,Switzerland
Maraiyur,India
Siki,Benin
Kika,Benin
Hinundayan,Philippines
Lower Pottsgrove,United States
Borger,United States
Neerijnen,Netherlands
Xinbocun,China
Talwat,Morocco
Koluszki,Poland
Titisee-Neustadt,Germany
Jork,Germany
Gisors,France
Xinchangcun,China
Estepa,Spain
Kankaanpaa,Finland
Ponnai,India
Buttayagudem,India
Trogir,Croatia
Sarableh,Iran
Arcozelo,Portugal
Ambinanynony,Madagascar
Issum,Germany
Payyanpalli,India
Calvizzano,Italy
Poco Branco,Brazil
Valbonne,France
Creutzwald,France
Kalingiyam,India
Orzinuovi,Italy
Sylacauga,United States
San Pedro Jicayan,Mexico
Triel-sur-Seine,France
Kamtaul,India
Ammavarikuppam,India
El Aouana,Algeria
Claye-Souilly,France
Tendukheda,India
Bollnas,Sweden
Bayona,Spain
Chennampatti,India
Boortmeerbeek,Belgium
Quinta de Tilcoco,Chile
Kallamalai,India
Kala Chay,Iran
Conneaut,United States
Pira,Benin
Spondon,United Kingdom
Attanur,India
Anzola dell'Emilia,Italy
Panjipara,India
Las Parejas,Argentina
Sher,India
Novhorod-Siverskyi,Ukraine
Escanaba,United States
Santiago del Teide,Spain
Zlocieniec,Poland
Saboya,Colombia
Kalajoki,Finland
Arma,India
Shamsabad,India
Santa Ana,Mexico
Justice,United States
Palmer,United States
Asfarvarin,Iran
Eureka,United States
Avigliana,Italy
Valley Falls,United States
Ilmajoki,Finland
Massena,United States
Olagadam,India
Patchogue,United States
Tehachapi,United States
Mandra,Greece
Dokkum,Netherlands
Ribeirao Claro,Brazil
San Antonio,Colombia
Seravezza,Italy
Vardenis,Armenia
Anklam,Germany
Allapalli,India
Dharhara,India
Villafranca de los Barros,Spain
Jin'an,China
Gaildorf,Germany
Lake Tapps,United States
Apen,Germany
Moka,India
Mi`rabah,Syria
Derby,United States
Forecariah,Guinea
Ichora,India
Onoto,Venezuela
Coseley,United Kingdom
Fojnica,Bosnia and Herzegovina
Porto Recanati,Italy
Higashiagatsuma,Japan
Sever do Vouga,Portugal
Ierapetra,Greece
Rezvanshahr,Iran
Piano di Sorrento,Italy
Arluno,Italy
Tup,Kyrgyzstan
Taraclia,Moldova
Biliaivka,Ukraine
Nitte,India
Logan,United States
Sydney Mines,Canada
Nobeji,Japan
Ovenden,United Kingdom
Tenambakkam,India
Drouin,Australia
Dubak,India
Sabinov,Slovakia
Kladanj,Bosnia and Herzegovina
Koskapur,India
Cobh,Ireland
Manchester,United States
Lye,United Kingdom
Payariq Shahri,Uzbekistan
Hagenow,Germany
Pont-Sainte-Maxence,France
Rinconada de Malloa,Chile
Alampur,India
San Miguel Xoxtla,Mexico
West Plains,United States
Essenbach,Germany
Mapleton,United States
Mandalgovi,Mongolia
Huai Yot,Thailand
Benaguacil,Spain
Bandwar,India
Bourem Inali,Mali
Nong Khae,Thailand
Mutoko,Zimbabwe
Rognac,France
Opuwo,Namibia
Amersfoort,South Africa
Laguna Paiva,Argentina
Foca,Bosnia and Herzegovina
Lyelchytsy,Belarus
Maqu,China
Pontecorvo,Italy
Yoko,Cameroon
Soubala,Mali
Mecatlan,Mexico
Aphaur,India
Leonforte,Italy
Bozkurt,Turkey
Brignais,France
Periyakoduveri,India
Hawsh al Bahdaliyah,Syria
Boumalne,Morocco
Dragor,Denmark
Dehqonobod,Tajikistan
Valencia,Trinidad and Tobago
Enkesen,Germany
Kibuye,Rwanda
Rio Grande,Puerto Rico
Kattukkottai,India
Desri,India
El Carmen,El Salvador
Navelim,India
Bulgan,Mongolia
Capul,Philippines
Dawson Creek,Canada
Shuangxianxiang,China
Mende,France
Baker,United States
Teotepeque,El Salvador
Jankinagar,India
Zetel,Germany
Sidney,Canada
Benisa,Spain
Cedarburg,United States
Dasraha Bhograjpur,India
Cambuquira,Brazil
Sedziszow Malopolski,Poland
Jefferson Hills,United States
Bou Arkoub,Tunisia
Kozhinjampara,India
Kotia,India
Gravenhurst,Canada
Rosdorf,Germany
Enniscorthy,Ireland
Heliopolis,Brazil
Emiliano Zapata,Mexico
Santa Luzia,Brazil
Sureshjan,Iran
Shamaldy-Say,Kyrgyzstan
Rielasingen-Worblingen,Germany
Le Chambon-Feugerolles,France
Chettipulam,India
Pandalkudi,India
Biassono,Italy
Wrentham,United States
Makeni,Sierra Leone
Obernai,France
Susa,Colombia
L'Isle-Adam,France
Hasanpur,India
Giffnock,United Kingdom
Bogorodsk,Russia
Obikiik,Tajikistan
Qorao`zak,Uzbekistan
G'oliblar Qishlog'i,Uzbekistan
Prince Rupert,Canada
Vocklabruck,Austria
Paikpar,India
Kakching Khunou,India
Sacacoyo,El Salvador
Newman,United States
Fangshan,China
Sendafa,Ethiopia
Crestwood,United States
Fairfax Station,United States
Atmakur,India
Acarlar,Turkey
Bad Freienwalde,Germany
Lavagna,Italy
Veurne,Belgium
Bom Retiro do Sul,Brazil
Huetor Vega,Spain
Nawada,India
Kot Shamir,India
Rivarolo Canavese,Italy
Arbelaez,Colombia
Sidi Makhlouf,Algeria
Charmahin,Iran
Tizgane,Morocco
Narman,Turkey
Melavayi,India
New Britain,United States
Cananeia,Brazil
Pebberu,India
Sala,Sweden
Gandorhun,Sierra Leone
Oissel,France
Lavinia,Brazil
Pola de Laviana,Spain
Syasstroy,Russia
Webster,United States
Lodhikheda,India
Eraniel,India
Kasaishi,Japan
Nanakuli,United States
Camp Verde,United States
Penal,Trinidad and Tobago
Bouca,Central African Republic
Haslev,Denmark
Thatto Heath,United Kingdom
Kewanee,United States
Hathwan,India
Upper Montclair,United States
San Marino,United States
Soklogbo,Benin
Pendencias,Brazil
Maxhutte-Haidhof,Germany
Giannouli,Greece
Erumaippatti,India
Yenkuvarigudem,India
Madison,United States
Kilkis,Greece
Tiszavasvari,Hungary
Kulattur,India
Baikunthpur,India
Kafr Ruma,Syria
Wolow,Poland
Sarrebourg,France
Polas,India
Streator,United States
Grafton,United States
Sevur,India
Dinkelsbuhl,Germany
Abaza,Russia
El Tambo,Colombia
Banos,Ecuador
Herrin,United States
Hatillo de Loba,Colombia
Harrow on the Hill,United Kingdom
Bejar,Spain
Riverview,United States
Perdigao,Brazil
Dagmara,India
Cordoba,Colombia
Pargas,Finland
Pantepec,Mexico
Jeronimo Monteiro,Brazil
Kamalnagar,India
Razua,Burma
Crossville,United States
Harnes,France
Villa Union,Argentina
Beylaqan,Azerbaijan
Burladingen,Germany
Geeste,Germany
Cicciano,Italy
Son Servera,Spain
Doi Lo,Thailand
Perth East,Canada
Tijucas do Sul,Brazil
Godohou,Benin
Tzintzuntzan,Mexico
Stanytsia Luhanska,Ukraine
Effingham,United States
Nurhak,Turkey
Teixeiras,Brazil
Anderlues,Belgium
Gandara West,Sri Lanka
Gavardo,Italy
Belen,Argentina
Ban Tap Tao,Thailand
Marumori,Japan
Juchipila,Mexico
Abu Dis,West Bank
Acala del Rio,Spain
Paiker,India
Mekra,India
Mahespur,India
Khujner,India
Chasiv Yar,Ukraine
Senjan,Iran
Eral,India
North Middleton,United States
Sao Joao do Araguaia,Brazil
Iguaraci,Brazil
Saiyan,India
Pital,Colombia
Ogulin,Croatia
Ouenou,Benin
Kallanai,India
Zaboli,Iran
Boloso,Congo (Brazzaville)
Linkenheim-Hochstetten,Germany
Doddanahalli,India
Manamodu,India
Engenheiro Paulo de Frontin,Brazil
Spresiano,Italy
Porto Valter,Brazil
East Renton Highlands,United States
Selston,United Kingdom
Lila,Philippines
Carnaubeira da Penha,Brazil
Neralakaje,India
Narala,India
Ban Huai So Nuea,Thailand
Cuichapa,Mexico
Newcastle,United States
Osterhofen,Germany
Sala Consilina,Italy
Tempoal de Sanchez,Mexico
Itiquira,Brazil
Guidel,France
Maili,United States
Sidi Aoun,Algeria
North Castle,United States
North Saanich,Canada
Teningen,Germany
Ramabitsa,Lesotho
Kinrooi,Belgium
Beatrice,United States
Razlog,Bulgaria
Gopalnagar,India
Chamarru,India
Presidencia de la Plaza,Argentina
Chateaubriant,France
Morbegno,Italy
West Deer,United States
Bhachhi Asli,India
Hattem,Netherlands
Meitingen,Germany
Barentin,France
Karrapur,India
Affoltern am Albis,Switzerland
Louvres,France
Barra do Ribeiro,Brazil
Emboscada,Paraguay
Santa Cruz Michapa,El Salvador
Warwick,Australia
Mikashevichy,Belarus
Hassi Fedoul,Algeria
Ammapettai,India
Leeds,United States
Dharmastala,India
El Campo,United States
Pathra,India
Bampur,Iran
Haaren,Germany
Puduvayal,India
Chene-Bougeries,Switzerland
Havixbeck,Germany
Currimao,Philippines
Fomeque,Colombia
Hanur,India
Bom Lugar,Brazil
Arara,Brazil
Castelnaudary,France
Oftersheim,Germany
Bischwiller,France
Tsuruta,Japan
Yakoma,Congo (Kinshasa)
Sollies-Pont,France
Chichli,India
Okabecho-okabe,Japan
Kumirimora,India
Ghogha,India
Anao,Philippines
Hengshan,Taiwan
Choctaw,United States
Lauriya Nandangarh,India
Rottofreno,Italy
Rosaryville,United States
Josefina,Philippines
Profondeville,Belgium
Kolanpak,India
Pouso Redondo,Brazil
Yakouren,Algeria
Monfort Heights,United States
Brejinho,Brazil
Kottagudi Muttanad,India
Montecorvino Rovella,Italy
Koriukivka,Ukraine
McComb,United States
Gig Harbor,United States
Mantenopolis,Brazil
Sabbavaram,India
Belwa,India
Karaburun,Turkey
Bella Union,Uruguay
Qiziltepa,Uzbekistan
Paxtaobod,Uzbekistan
Kuyganyor,Uzbekistan
Andijon,Uzbekistan
Yangiariq,Uzbekistan
Loberia,Argentina
Paranatama,Brazil
Sao Lourenco da Serra,Brazil
Loiyo,India
Temsamane,Morocco
Sogndal,Norway
Cristais,Brazil
Santa Leopoldina,Brazil
Midsomer Norton,United Kingdom
Rudrur,India
Concepcion Batres,El Salvador
Bukkapatnam,India
Mariyammanahalli,India
Doranda,India
Te Awamutu,New Zealand
Sable-sur-Sarthe,France
Port Victoria,Kenya
Kafr Buhum,Syria
La Magdalena Chichicaspa,Mexico
Milford,United States
Unguia,Colombia
Washington,United States
Hobro,Denmark
Turki,India
Hnivan,Ukraine
Adelaide,South Africa
Boskovice,Czechia
Namchi,India
Russi,Italy
Santiago,Costa Rica
Guisser,Morocco
Marechal Floriano,Brazil
Karimkunnum,India
Malvinas Argentinas,Argentina
Frohburg,Germany
Tholey,Germany
Saraiya,India
San Mauro Pascoli,Italy
German Flatts,United States
Vulcanesti,Moldova
Gardnerville Ranchos,United States
Ujfeherto,Hungary
'Ain Kerma,Algeria
El Aargub,Morocco
Santo Domingo,Nicaragua
Bashtanka,Ukraine
Nevele,Belgium
Kuttur,India
Caledonia,Canada
Pianiga,Italy
Pasca,Colombia
Bhaisalotan,India
Katagon,Benin
Saint-Ave,France
Uppukkottai,India
Bully-les-Mines,France
Sandy,United Kingdom
Buchach,Ukraine
Prevost,Canada
Ruti,Switzerland
Craponne,France
Ghoradal,India
Sakawa,Japan
Tomuk,Turkey
Villamartin,Spain
Felpham,United Kingdom
La Motte-Servolex,France
Olton,United Kingdom
Srinagar,India
Nemili,India
Tioribougou,Mali
Bhankarpur,India
Ballston,United States
Campos del Puerto,Spain
Castello de Ampurias,Spain
Attleborough,United Kingdom
Le Grand-Saconnex,Switzerland
Santa Elena,Honduras
Matala,India
Kayattar,India
Ait Ourir,Morocco
Puerto Nare,Colombia
Kottaya,India
Vannivedu,India
Sagon,Benin
Na Wa,Thailand
Khonobod,Tajikistan
Ebejico,Colombia
Socuellamos,Spain
Raipur,India
Kalli Pachchhim,India
Riedisheim,France
Polyarnyy,Russia
Gajhara,India
Tamalpais-Homestead Valley,United States
Blonie,Poland
Brattleboro,United States
Morab,India
Nordstemmen,Germany
Oyon,Peru
Raghopur,India
Samadh Bhai,India
Huixcolotla,Mexico
Wasilkow,Poland
Marquetalia,Colombia
Arganil,Portugal
Kesarimangalam,India
Ban Bo Luang,Thailand
Durmersheim,Germany
Cocotitlan,Mexico
Macedonia,United States
Panzgam,India
Grumo Appula,Italy
Hallbergmoos,Germany
Raismes,France
Tranent,United Kingdom
Eklahra,India
Barsaun,India
Vandamettu,India
Scotts Valley,United States
Mucuge,Brazil
Xiushuicun,China
Muthuswamipuram,India
Minabe,Japan
As Sars,Tunisia
Sainte-Adele,Canada
Sapna,Bosnia and Herzegovina
Ban Bang Sai,Thailand
Ban Noen Phoem,Thailand
Richland,United States
Sainte-Agathe-des-Monts,Canada
Justo Daract,Argentina
Mulug,India
Bomlo,Norway
Salgado de Sao Felix,Brazil
Vrchlabi,Czechia
Strzelin,Poland
Benifayo,Spain
Oulad Hamdane,Morocco
Gardere,United States
Provadia,Bulgaria
Mangarwara,India
Pachchaimalaiyankottai,India
Mandu,India
Bamber Bridge,United Kingdom
Bela Palanka,Serbia
Hagfors,Sweden
Lower Gwynedd,United States
Antri,India
Ampasimbe,Madagascar
Cherlak,Russia
Velair,India
Ishkashim,Afghanistan
Kuzhippilli,India
Bad Fallingbostel,Germany
Anatoli,Greece
Hassi el Ghella,Algeria
Kharar,India
Kok-Janggak,Kyrgyzstan
Saclepea,Liberia
Brzeziny,Poland
Kamianka-Dniprovska,Ukraine
Richmond,United States
Lewisboro,United States
Big Lake,United States
Coria,Spain
Choro,Brazil
Champahati,India
San Prisco,Italy
Olenegorsk,Russia
Quesnel,Canada
Miesbach,Germany
Citlaltepec,Mexico
Yecuatla,Mexico
Somerset,United States
Hwlffordd,United Kingdom
Gistel,Belgium
Munduri,Brazil
Mohnesee,Germany
Ladol,India
Pulakurti,India
Sonupur,India
Punnila,India
Yedtare,India
Jerico,Colombia
Bharweli,India
Kinkala,Congo (Brazzaville)
Xylokastro,Greece
Tahannawt,Morocco
Datoda,India
San Bartolo Yautepec,Mexico
Taltal,Chile
El Marsa,Algeria
Montrose,United Kingdom
Manegaon,India
Waikanae,New Zealand
Glubczyce,Poland
Gulbahor,Uzbekistan
Tring,United Kingdom
Lenyenye,South Africa
Mattenhof,Switzerland
Umm ar Rizam,Libya
Benoy,Chad
Dent,United States
Munchenstein,Switzerland
Kirippatti,India
Oulad Fares,Morocco
Acandi,Colombia
Bhairapura,India
Anndevarapeta,India
Villars-sur-Glane,Switzerland
Wolgast,Germany
Pillanallur,India
Osako,Japan
Douar Ras el Ksar,Morocco
Bni Khloug,Morocco
Dire,Mali
Yeadon,United States
Steenokkerzeel,Belgium
Mostardas,Brazil
Kosjeric,Serbia
North Tidworth,United Kingdom
Narhat,India
Mettlach,Germany
Si Mustapha,Algeria
Sedgley,United Kingdom
Mmadinare,Botswana
Baozhong,Taiwan
St. Peter,United States
Holyhead,United Kingdom
Papampeta,India
Ganapatipalaiyam,India
Cherdakly,Russia
Ban Muang Ngam,Thailand
Wyndham,United States
Paal,Belgium
Ipaumirim,Brazil
Mugalivakkam,India
Kodusseri,India
Birdaban,India
Dalby,Australia
Steinheim am der Murr,Germany
Glen Rock,United States
Beaconsfield,United Kingdom
Motta Sant'Anastasia,Italy
Rampur Kudarkatti,India
Nihal Singhwala,India
Borgosesia,Italy
Minnehaha,United States
Viswanathaperi,India
Bhagwanpur Desua,India
Unebicho,Japan
Finneytown,United States
Iwate,Japan
Ibicuy,Argentina
Caimito,Colombia
Cogolin,France
Ugento,Italy
Piketberg,South Africa
Nova Laranjeiras,Brazil
La Queue-en-Brie,France
Falesti,Moldova
Paslek,Poland
Kalaidasht,Tajikistan
Kesabpur,India
North Lebanon,United States
Halasztelek,Hungary
Commerce,United States
New Kensington,United States
Saint-Pierre-du-Perray,France
Dhaula,India
Tabua,Portugal
Fenton,United Kingdom
Abasolo,Mexico
Liuba,China
Key Largo,United States
Sinalunga,Italy
Uludere,Turkey
Bolanos de Calatrava,Spain
Hasbrouck Heights,United States
Filandia,Colombia
Khanpur,India
Moss Point,United States
Poranga,Brazil
Curiti,Colombia
Sao Francisco do Maranhao,Brazil
Oiba,Colombia
Bishnah,India
Andraitx,Spain
Onet Village,France
Bharokhara,India
Pharkia,India
Hawkwell,United Kingdom
Budakalasz,Hungary
Hodatsushimizu,Japan
Ponte da Barca,Portugal
Somersworth,United States
New Baltimore,United States
Oulad Hamdane,Morocco
Rapho,United States
Arroio do Tigre,Brazil
Jacala,Mexico
Nattarampalli,India
Trimbak,India
Sassenburg,Germany
Tall Dhahab,Syria
Walton-on-the-Naze,United Kingdom
Chalgeri,India
Prairie Ridge,United States
Solofra,Italy
Eiras,Portugal
Porto,Brazil
Gundelfingen,Germany
Bangawan,India
Ban Pae,Thailand
Goner,India
Kingsteignton,United Kingdom
Bentley,United Kingdom
Gbanhi,Benin
Lajia,China
Snihurivka,Ukraine
Karagwe,Uganda
Valenii de Munte,Romania
Sarmastpur,India
Vilangurichchi,India
Khvalynsk,Russia
Mettingen,Germany
Pyrzyce,Poland
Rocca Priora,Italy
Baxiangshan,China
Manne Ekeli,India
Bagra,India
Mato Verde,Brazil
Mistelbach,Austria
Pittalavanipalem,India
Uyar,Russia
Kongsvinger,Norway
Imassogo,Burkina Faso
Heddesheim,Germany
Bonyhad,Hungary
Mettuppalaiyam,India
Karvetnagar,India
Paramanandal,India
Oak Grove,United States
Iapu,Brazil
Sabaur,India
Beydag,Turkey
Villa Berthet,Argentina
Lehre,Germany
Duverge,Dominican Republic
Edamon,India
Ronneby,Sweden
Slawno,Poland
Kameshkovo,Russia
Ocean Pines,United States
Cheadle,United Kingdom
Assomada,Cabo Verde
Perleberg,Germany
Gulni,India
Theux,Belgium
Kingsnorth,United Kingdom
Wakefield,United States
River Edge,United States
Chudamani,India
Bound Brook,United States
Portales,United States
Utehia,India
Honeygo,United States
Charlton Kings,United Kingdom
Huite,Guatemala
Kumarkhali,India
Nariman,Kyrgyzstan
Hornsby Bend,United States
Westphalia,United States
Beyne-Heusay,Belgium
Goulds,United States
Septemes-les-Vallons,France
Velivennu,India
San Jose El Idolo,Guatemala
Occhiobello,Italy
Martinsville,United States
Balha,India
Weatherford,United States
Tomar do Geru,Brazil
Sahtah,India
Shady Hills,United States
Guaitarilla,Colombia
Kulasekarapatnam,India
Les Iles-de-la-Madeleine,Canada
Monte San Giovanni Campano,Italy
Opmeer,Netherlands
Centralia,United States
Fort Bliss,United States
Carmen de Areco,Argentina
Erkner,Germany
Raffadali,Italy
Sam,Benin
Jardim Alegre,Brazil
Fuensalida,Spain
Gyomaendrod,Hungary
Singhbari,India
Viyapuram,India
San Gennaro Vesuviano,Italy
Warka,Poland
Basantpur,India
El Carmen,Colombia
Hukumati Gizab,Afghanistan
Jajce,Bosnia and Herzegovina
Karranah,Bahrain
Ngou,Cameroon
Tefam,Cameroon
Wells,United Kingdom
Madina do Boe,Guinea-Bissau
Princetown,Guyana
Petit-Goave,Haiti
Padang,Indonesia
Huvin Hippargi,India
Tarhala,India
Pinneli,India
Dahivel,India
Jai,India
Ramachandrapuram,India
Sadalgi,India
Halgar,India
Arni ka Khera,India
Khanda,India
Cecchina,Italy
Hasroun,Lebanon
El Qaa,Lebanon
Chaqra,Lebanon
Bteghrine,Lebanon
Qoubaiyat,Lebanon
Ambolomoty,Madagascar
Fanambana,Madagascar
Ivoamba,Madagascar
Ankafina Tsarafidy,Madagascar
Ambohimandroso,Madagascar
Belobaka,Madagascar
Andonabe,Madagascar
Sorombo,Madagascar
Itondy,Madagascar
Iarinarivo,Madagascar
Saharefo,Madagascar
Vohindava,Madagascar
Beandrarezona,Madagascar
Andranovao,Madagascar
Sendrisoa,Madagascar
Maromiandra,Madagascar
Ambalavero,Madagascar
Bekapaika,Madagascar
Anorombato,Madagascar
Ambaliha,Madagascar
Ambohinamboarina,Madagascar
Anjanazana,Madagascar
Andrembesoa,Madagascar
Mahazoarivo,Madagascar
Anjiamangirana I,Madagascar
Nosiarina,Madagascar
Antanamalaza,Madagascar
Andramy,Madagascar
Basibasy,Madagascar
Ampondra,Madagascar
Antaritarika,Madagascar
Befody,Madagascar
Maromby,Madagascar
San Marcos,Mexico
Omatjete,Namibia
Abdul Khel,Pakistan
Saidpur,Pakistan
Umm Badr,Sudan
Buqkoosaar,Somalia
San Pedro Nonualco,El Salvador
Keve,Togo
Keimoes,South Africa
Sokouhoue,Benin
Urakawa,Japan
Tirhassaline,Morocco
Floresti,Moldova
Arutla,India
Talen,India
Cimislia,Moldova
Barberton,South Africa
Port Wentworth,United States
Manuel Urbano,Brazil
Galvarino,Chile
Saint-Cyprien,France
East Bethel,United States
Doranala,India
Wegrow,Poland
Mugdampalli,India
Wang Saphung,Thailand
Pike Creek Valley,United States
Archdale,United States
Pokrovsk,Russia
Alajuelita,Costa Rica
Mikkelin Maalaiskunta,Finland
Martuni,Armenia
Shiotacho-matsusaki,Japan
Mazagao,Brazil
Talant,France
Husepur,India
Gladstone,United States
Tundhul,India
Msambweni,Kenya
Escazu,Costa Rica
Oberschleissheim,Germany
Kaviti,India
Yazihan,Turkey
Arth,Switzerland
Wolnzach,Germany
Iwanai,Japan
Pata Putrela,India
Marly,France
Boldaji,Iran
Klazienaveen,Netherlands
Tabocas do Brejo Velho,Brazil
Haro,Spain
Arakvaz-e Malekshahi,Iran
Welver,Germany
Siruvachchur,India
Minnal,India
Belampona,Madagascar
Woodward,United States
Kuangfu,Taiwan
East Greenwich,United States
Rasingapuram,India
Hathauri,India
Erbaocun,China
West End,United Kingdom
Marauatpur,India
Kyzyl-Kyshtak,Kyrgyzstan
Eraclea,Italy
Bankya,Bulgaria
Kasaji,Congo (Kinshasa)
Froha,Algeria
Liperi,Finland
Chepstow,United Kingdom
Malthone,India
Bernalda,Italy
Nueva Era,Philippines
Southborough,United Kingdom
Tetagunta,India
Mariana,Philippines
Stidia,Algeria
Taran,India
Bissora,Guinea-Bissau
Bissora,Guinea-Bissau
Inwood,United States
Bena,Burkina Faso
Zhengdong,China
Tigzirt,Algeria
Poulsbo,United States
Saksohara,India
Niagadina,Mali
Spencer,United States
Viralippatti,India
Red Bank,United States
Awankh,India
Terranuova Bracciolini,Italy
Kountouri,Benin
Paispamba,Colombia
Unterfohring,Germany
Karaund,India
Adalaj,India
Phuoc Long,Vietnam
Ibaretama,Brazil
Oberderdingen,Germany
Pudur,India
Lanham,United States
Noria,India
Vijayapati,India
Jiajin,China
Leominster,United Kingdom
Umurlu,Turkey
Tori-Cada,Benin
Arrigorriaga,Spain
Jadayampalaiyam,India
Blaricum,Netherlands
Sondho Dullah,India
Konaje,India
Trezzo sull'Adda,Italy
Nong Bua,Thailand
Seberi,Brazil
Amarapuuram,India
Pecica,Romania
Fenton,United States
El Parral,Mexico
Avesta,Sweden
Southwater,United Kingdom
Darabani,Romania
Umri,India
Zlate Moravce,Slovakia
Joaquim Tavora,Brazil
Alijo,Portugal
Governador Dix-Sept Rosado,Brazil
Khem Karan,India
Enns,Austria
Athol,United States
Cinisi,Italy
Lienz,Austria
Valchedram,Bulgaria
Don Sak,Thailand
Lagoa do Ouro,Brazil
San Andres de Llevaneras,Spain
Rijkevorsel,Belgium
Parappukara,India
Pfaffikon,Switzerland
Backa Topola,Serbia
Little Chute,United States
Neustadt,Germany
Dhanauri,India
Tectitan,Guatemala
Andrelandia,Brazil
Sai Kung Tuk,Hong Kong
Chaital,India
Panuco de Coronado,Mexico
Totogalpa,Nicaragua
South Miami,United States
Pedda Adsarlapalli,India
Tosashimizu,Japan
Vehkalahti,Finland
Mullurkara,India
Schoonhoven,Netherlands
Patarra,Costa Rica
Uzyn,Ukraine
Stuarts Draft,United States
Sansale,Guinea
Amizmiz,Morocco
Murnau am Staffelsee,Germany
Mandasa,India
`Anadan,Syria
Bilauri,India
Hatod,India
Tache,Canada
Wellington North,Canada
Paramankurichi,India
Martinsville,United States
Show Low,United States
St. Andrews,Canada
Edattala,India
Fort Bonifacio,Philippines
Skhira,Tunisia
Middleburg,United States
Aheqi,China
Bairo,India
Grand Baie,Mauritius
Lalmatie,Mauritius
Huanian,China
Kotla,India
Arkansas City,United States
Tanakallu,India
Araure,Venezuela
Kirikera,India
Mamarappatti,India
Pulpi,Spain
Halstead,United Kingdom
Williams Lake,Canada
Chandpura,India
Ivybridge,United Kingdom
Laamarna,Morocco
Ried im Innkreis,Austria
Peiting,Germany
Zebbug,Malta
Somain,France
Ambatturai,India
Tabontabon,Philippines
Desborough,United Kingdom
Belovo,Russia
Oqqo`rg`on,Uzbekistan
Qorashina,Uzbekistan
Ajjanahalli,India
Chinna Orampadu,India
Kampenhout,Belgium
Bhansia,India
Bordentown,United States
Baohe,China
Enamadala,India
Zemamra,Morocco
Monschau,Germany
Zumbagua,Ecuador
Belur,India
Gundugolanu,India
Beryslav,Ukraine
Rossmoor,United States
Mamqan,Iran
Florange,France
Aragoiania,Brazil
Shamshernagar,India
Pakra,India
Caybasi,Turkey
Gora Kalwaria,Poland
Sao Joao,Brazil
Dudley,United States
Cousse,Benin
Rutherford,Australia
Dom Basilio,Brazil
Hemsbach,Germany
Cua Lo,Vietnam
Nagar,India
Lauria Inferiore,Italy
Kagamino,Japan
Imarui,Brazil
Mayiladi,India
San Severino Marche,Italy
Ojuelos de Jalisco,Mexico
Hattian Bala,Pakistan
Gander,Canada
Mangalampudur,India
Bernissart,Belgium
Kamlapur,India
Puliyampatti,India
Chambray-les-Tours,France
Sandridge,United Kingdom
Glyka Nera,Greece
Ban Nong Kop,Thailand
Picana,Spain
Prattipadu,India
Mount Sinai,United States
Jaltenango,Mexico
Maisaka,Japan
Badamdar,Azerbaijan
La Puebla del Rio,Spain
Comasagua,El Salvador
Saint-Gaudens,France
Mehsari,India
Mahazoarivo,Madagascar
Ifs,France
Snaresbrook,United Kingdom
Altavilla Vicentina,Italy
Iwaka,Japan
Laurel,United States
San Fernando,Mexico
Zhdanivka,Ukraine
Yuxiaguan,China
Xincheng,China
Rudrangi,India
Sant'Agata di Militello,Italy
Oulad Amrane el Mekki,Morocco
Voru,Estonia
Jamaat Shaim,Morocco
Aj Jourf,Morocco
Krykhivtsi,Ukraine
Brunn am Gebirge,Austria
Bargoed,United Kingdom
Lauffen am Neckar,Germany
Vanimo,Papua New Guinea
Yenipazar,Turkey
Olgiate Comasco,Italy
Meral,India
Burgthann,Germany
Malar,India
Dranesville,United States
Raesfeld,Germany
Robertsville,United States
Iacanga,Brazil
Possneck,Germany
Ban,Indonesia
Elizabethtown,United States
Lissegazoun,Benin
Leutenbach,Germany
Aguasay,Venezuela
Mountain Top,United States
Rankweil,Austria
Lauenburg,Germany
Nagykata,Hungary
San Juan del Rio del Centauro del Norte,Mexico
Kronshagen,Germany
Khajuri,India
Whistler,Canada
Oxted,United Kingdom
Bridgnorth,United Kingdom
Gerstetten,Germany
Hoyland Nether,United Kingdom
Chainpur,India
Monte Compatri,Italy
Sao Goncalo do Rio Abaixo,Brazil
Freeport,Trinidad and Tobago
Zriba-Village,Tunisia
Imaculada,Brazil
Avadattur,India
Recreo,Argentina
Corupa,Brazil
Gberouboue,Benin
Rangsdorf,Germany
Ciudad-Rodrigo,Spain
Pedda Vegi,India
Denduluru,India
Sant'Ambrogio di Valpolicella,Italy
Vendas Novas,Portugal
Eckington,United Kingdom
Monte di Procida,Italy
Lantana,United States
Bad Voslau,Austria
Palmilla,Chile
Dishashah,Egypt
Lapinig,Philippines
Brighton,Canada
Peonga,Benin
Vellallur,India
Pokrovskoye,Russia
Novalukoml',Belarus
Torton,United Kingdom
Bibipet,India
Lizzanello,Italy
Dolinsk,Russia
Biltine,Chad
Kalipatnam,India
Picayune,United States
Niles,United States
Lawrenceburg,United States
Bueu,Spain
Le Relecq-Kerhuon,France
Angalakurichchi,India
Trentham,United Kingdom
Chero,India
Cho Lach,Vietnam
Richland,United States
Neuenrade,Germany
Lahra Muhabbat,India
Guabari,India
Itamati,India
Sirsia Hanumanganj,India
Licinio de Almeida,Brazil
Paulista,Brazil
Locri,Italy
Bataredh,India
Spilimbergo,Italy
Bibbiena,Italy
Frecheirinha,Brazil
Ratanpur,India
Hirao,Japan
Tiddas,Morocco
Snodland,United Kingdom
Premnagar,India
La Tour-de-Peilz,Switzerland
Turin,El Salvador
Bou Merdes,Tunisia
Areal,Brazil
San Pedro La Laguna,Guatemala
Korahia,India
Oiwa,Japan
Englefield Green,United Kingdom
Palleja,Spain
Rasulpur,India
Vecchiano,Italy
Wallington,United States
Provins,France
Baranzate,Italy
Westview,United States
Ulverston,United Kingdom
Amherst,United States
Endwell,United States
Gross-Enzersdorf,Austria
Langgons,Germany
Camposampiero,Italy
Palos Heights,United States
Tapiratiba,Brazil
Chilonga,Zambia
Pace,France
Barokhar,India
Toualet,Morocco
Wargal,India
Menfi,Italy
Mountougoula,Mali
Jataizinho,Brazil
Barrafranca,Italy
Mariehamn,Finland
Tikar,India
Holalu,India
Befandefa,Madagascar
Ostrhauderfehn,Germany
Bocaina,Brazil
Dolo Bay,Ethiopia
Yakushima,Japan
Portela,Portugal
Mboro,Senegal
Middle Valley,United States
Sonosari,Indonesia
Pilis,Hungary
Richfield,United States
Chateau-Gontier,France
Salem,United States
Hartsville,United States
Virgem da Lapa,Brazil
Parsa,India
Lunenburg,United States
Oswaldtwistle,United Kingdom
Kakalur,India
Evanston,United States
Thogapalle,India
Ghabaghib,Syria
Serra do Salitre,Brazil
Bad Durrenberg,Germany
Nordestina,Brazil
Jalalaqsi,Somalia
Hobyo,Somalia
Vermillion,United States
Vedene,France
Irmo,United States
Beladi,India
Smithfield,United States
Portoferraio,Italy
Skofja Loka,Slovenia
Deerlijk,Belgium
Barapire,Mali
Oued Cheham,Algeria
Novi Marof,Croatia
Sussex,United States
Sanpetru,Romania
Ulricehamn,Sweden
Bullas,Spain
Oued Seguin,Algeria
Valga,Estonia
Susegana,Italy
Srirampuram,India
Khanaqin,Iraq
Axixa,Brazil
Billerbeck,Germany
Zao,Japan
Muping,China
Spreitenbach,Switzerland
Kete Krachi,Ghana
Tortoreto,Italy
Biknur,India
Tiny,Canada
Ryuo,Japan
Destrehan,United States
Cafayate,Argentina
Oropesa,Spain
Comalapa,Nicaragua
Aougrout,Algeria
Vegarai,India
Roda,India
Los Alamitos,United States
Epinay-sous-Senart,France
Wolmirstedt,Germany
Limburgerhof,Germany
Portomaggiore,Italy
Ronchi dei Legionari,Italy
Ngerengere,Tanzania
Kehen,Indonesia
Fiume Veneto,Italy
Bolivar,Colombia
Baitoa,Dominican Republic
Kotelva,Ukraine
Santa Ana,Honduras
Yeniciftlik,Turkey
Geisenheim,Germany
Sidi Ladjel,Algeria
Chiautla de Tapia,Mexico
Hauzenberg,Germany
Bechloul,Algeria
Sahasmal,India
Woodmere,United States
Khansahibpuram,India
Strunino,Russia
Knowsley,United Kingdom
Borgaro Torinese,Italy
Alamedin,Kyrgyzstan
Leingarten,Germany
Negele,Ethiopia
Vauvert,France
Zhatay,Russia
Shagonar,Russia
Pragatinagar,Nepal
Sao Goncalo do Para,Brazil
Oestrich-Winkel,Germany
San Pedro,Belize
Sipalakottai,India
Kotha Guru,India
Bitetto,Italy
Drolshagen,Germany
Brotas de Macaubas,Brazil
Eichenau,Germany
Kissing,Germany
Medina Sidonia,Spain
Kissane Ltouqi,Morocco
Soderhamn,Sweden
Hankey,South Africa
Walldurn,Germany
Owk,India
Batocina,Serbia
Tornquist,Argentina
Agcogon,Philippines
Jaitwar,India
Kornepadu,India
Alken,Belgium
Koszeg,Hungary
Annakattumula,India
Pastpar,India
Mios,France
Sher Muhammadpuram,India
Putnam Valley,United States
Hawkesbury,Canada
Blace,Serbia
Moncion,Dominican Republic
Elektrenai,Lithuania
Kuchinarai,Thailand
Largo,United States
Minehead,United Kingdom
Tarrytown,United States
Agadi,India
Waldniel,Germany
Rajaram,India
Tiruvadanai,India
Samalpatti,India
Jose Maria Morelos,Mexico
Padinjaremuri,India
Murukondapadu,India
Ganapavaram,India
Abhia,India
Edeia,Brazil
Waltikon,Switzerland
Chinaval,India
Francofonte,Italy
Tolcayuca,Mexico
Sandy,United States
Bajiao,China
Konand,India
View Park-Windsor Hills,United States
Miller Place,United States
Olivenza,Spain
Bershad,Ukraine
Lindenberg im Allgau,Germany
An Cabhan,Ireland
Bajestan,Iran
Serravalle Pistoiese,Italy
Muong Theng,Vietnam
The Pinery,United States
Carignan,Canada
Magdagachi,Russia
Ban Phan Don,Thailand
Chaltabaria,India
James Island,United States
Cernay,France
Vengavasal,India
Pritzwalk,Germany
Yamamoto,Japan
Gulfport,United States
Trinidad,Colombia
Hackney,United Kingdom
Chintapalle,India
San Nicolas de los Ranchos,Mexico
Rio Colorado,Argentina
Harrislee,Germany
Dinara,India
Lawrenceburg,United States
Lakeville,United States
Chaumont-Gistoux,Belgium
Zhetibay,Kazakhstan
Winfield,United States
Altstatten,Switzerland
Zaouiet Says,Morocco
College,United States
Geisenfeld,Germany
Hardiya,India
Mestrino,Italy
Sveti Nikole,North Macedonia
Ontario,United States
Emmaus,United States
Schwaigern,Germany
Mutia,Philippines
Maizieres-les-Metz,France
Manevychi,Ukraine
Marktheidenfeld,Germany
Cossimbazar,India
Ambatofisaka II,Madagascar
Dugny,France
Baghauni,India
Golub-Dobrzyn,Poland
Kruje,Albania
Deutschlandsberg,Austria
Nellipoyil,India
Appingedam,Netherlands
Guatajiagua,El Salvador
Burley,United States
Carmiano,Italy
Carmen,Philippines
Douglas,United States
Chundal,India
Soalandy,Madagascar
Aleksandrow Kujawski,Poland
Puente Nacional,Colombia
Tadley,United Kingdom
Lansing,United States
Auta,India
North Wantagh,United States
Malone,United States
Kamin-Kashyrskyi,Ukraine
Piranhas,Brazil
Alegria,El Salvador
Medulla,United States
Nandimandalam,India
Saaminki,Finland
Wetherby,United Kingdom
Marquette-les-Lille,France
Ubai,Brazil
Sindalakkundu,India
Macusani,Peru
Costa de Caparica,Portugal
Malka,Jordan
Scharbeutz,Germany
Bithan,India
Utiel,Spain
Sowerby Bridge,United Kingdom
Semri,India
Hanover,United States
Zwonitz,Germany
Pueblo Nuevo,Guatemala
Rattihalli,India
Hanover,United States
Gatumba,Burundi
Chakai,India
Nakasongola,Uganda
Azcoitia,Spain
Sengurichchi,India
Bopfingen,Germany
Ujhana,India
Chorleywood,United Kingdom
Olhanpur,India
Risca,United Kingdom
Orono,United States
Tibbar,India
Kennebunk,United States
Vellar,India
Zarach,Iran
Ibira,Brazil
Ostbevern,Germany
Nova Gradiska,Croatia
Tiszakecske,Hungary
Oued Laou,Morocco
North Union,United States
Barkagaon,India
Angel R. Cabada,Mexico
Obidos,Portugal
Iver,United Kingdom
Brejetuba,Brazil
Thiers,France
Rostam Kola,Iran
Jaco,Costa Rica
Lom Sak,Thailand
Luis Alves,Brazil
Mallikkundam,India
Malial,India
Berthoud,United States
Elma,United States
Hildburghausen,Germany
Izola,Slovenia
Hollabrunn,Austria
Topolovgrad,Bulgaria
Venkidanga,India
Tirodi,India
Torri di Quartesolo,Italy
Green River,United States
Sothgaon,India
Cornedo Vicentino,Italy
Bellmawr,United States
Kibi,Ghana
Elland,United Kingdom
Vilandai,India
Peligros,Spain
Bokakhat,India
Center,United States
Saint-Esteve,France
Bolsover,United Kingdom
Teroual,Morocco
Alahina,Mali
Friendly,United States
Oliva,Argentina
Aylesford,United Kingdom
Ponteland,United Kingdom
Talakad,India
Randaberg,Norway
Oboyan,Russia
Sao Sebastiao do Uatuma,Brazil
Kautalam,India
Fgura,Malta
Franklin,United States
Lakeland Highlands,United States
Saint-Cyr-sur-Mer,France
Nellipaka,India
Keolari,India
Karanchedu,India
Bayyanagudem,India
Befotaka,Madagascar
Elavalli,India
Chittattukara,India
Matmata,Morocco
Granbury,United States
Narasapuram,India
Terenos,Brazil
Bryn,United Kingdom
Ponte San Pietro,Italy
Davenport,United States
Lajosmizse,Hungary
Marotta,Italy
Lower Burrell,United States
Schwieberdingen,Germany
Lardero,Spain
Bagaura,India
Stokke,Norway
Villa General Belgrano,Argentina
Berlaar,Belgium
Bhainsahi,India
Allur,India
Brookhaven,United States
Pepperell,United States
Jardim do Serido,Brazil
Zofingen,Switzerland
San Pedro Ixcatlan,Mexico
Mericourt,France
Nandavaram,India
Panamaram,India
Villecresnes,France
Sukurhutu,India
Yirol,South Sudan
Hidaka,Japan
Lakri,India
Jangy-Kyshtak,Kyrgyzstan
Prudhoe,United Kingdom
Samesi,India
Lessogou,Mali
Mixtla de Altamirano,Mexico
Babayevo,Russia
Fatehabad,India
Carver,United States
Mendota Heights,United States
Hamilton Square,United States
Kattakampala,India
Isapur,India
Mitai,Japan
Isaka,Madagascar
Ansiao,Portugal
South Yarmouth,United States
Brock,Canada
Cowdenbeath,United Kingdom
Isaszeg,Hungary
Zaoqiao,Taiwan
Kizhakkanela,India
Guttenberg,United States
L'Ile-Perrot,Canada
Durbuy,Belgium
Diosd,Hungary
Dhanaura,India
Kunkalagunta,India
Kremenki,Russia
Zara,Turkey
Candelaria,Colombia
Sonada,India
Lundazi,Zambia
Alcoa,United States
Hemiksem,Belgium
Karmauli,India
Siur,India
University of California-Santa Barbara,United States
Nzeto,Angola
Guaicara,Brazil
Knin,Croatia
Elverum,Norway
Angicos,Brazil
Diao'ecun,China
La Esperanza,Honduras
Motegi,Japan
Derassi,Benin
Berwick-Upon-Tweed,United Kingdom
Tlachichilco,Mexico
Bad Nenndorf,Germany
Dammapeta,India
Egersund,Norway
Ermenek,Turkey
Seven Hills,United States
Weiz,Austria
Velke Mezirici,Czechia
Miami Shores,United States
Pongode,India
Chebrolu,India
Plano,United States
Kallakkudi,India
Porecatu,Brazil
Fderik,Mauritania
Castalla,Spain
Ichinomiya,Japan
Tepetzintla,Mexico
Nawa Nagar Nizamat,India
Canton,United States
Henley on Thames,United Kingdom
Lubaczow,Poland
Bucyrus,United States
Alum Rock,United States
Annappes,France
Bolbec,France
Lenvik,Norway
Mahta,India
Nallur,India
Tamanar,Morocco
Ban Mae Tuen,Thailand
Yorktown,United States
Balaxani,Azerbaijan
Ielmo Marinho,Brazil
Kotra,India
Summerland,Canada
Baghambarpur,India
Tuktukan,Philippines
Spring Lake,United States
Ibicuitinga,Brazil
Xexeu,Brazil
Manabo,Philippines
Pirauba,Brazil
Sinzheim,Germany
Ziyodin Shaharchasi,Uzbekistan
Veyrier,Switzerland
Betmangala,India
Rokiskis,Lithuania
Ambohimahasoa,Madagascar
Sint Anthonis,Netherlands
Payshamba Shahri,Uzbekistan
Georgetown,United States
Qasr-e Qand,Iran
Town and Country,United States
Rayavaram,India
Minden,United States
Ascot,United Kingdom
Sunninghill,United Kingdom
Bad Schwalbach,Germany
Gararu,Brazil
Sewai,India
Kolnad,India
Cruzeiro do Sul,Brazil
Tafaraoui,Algeria
Gusinoozersk,Russia
Cadale,Somalia
Ringwood,United States
Fuente de Oro,Colombia
Devipattinam,India
Shuinancun,China
Aduru,India
Gansbaai,South Africa
Santa Comba Dao,Portugal
Stelle,Germany
Renapur,India
Jiquipilas,Mexico
New Baltimore,United States
Raubling,Germany
Enghien-les-Bains,France
Guraahai,India
Lindon,United States
Chatham,Canada
Bassersdorf,Switzerland
Halsur,India
Ankli,India
Phon,Thailand
Zero Branco,Italy
Tilougguit,Morocco
Huandacareo,Mexico
La Massana,Andorra
Uberherrn,Germany
Santa Lucia,Argentina
Sablan,Philippines
Ross-Betio,Senegal
Lakeland Village,United States
Lencois,Brazil
Sakib,Jordan
St. Clements,Canada
Elgoibar,Spain
Khimlasa,India
Morur,India
Casteldaccia,Italy
Wendell,United States
Greensburg,United States
Santa Lucia,Colombia
Bruay-sur-l'Escaut,France
Vadakkumbagam,India
Gainza,Philippines
Kurabalakota,India
Novoishimskiy,Kazakhstan
Mangabe,Madagascar
Eningen unter Achalm,Germany
Yercaud,India
Santa Genoveva de Docordo,Colombia
San Josecito,Costa Rica
Sassenage,France
Wichelen,Belgium
Zeuthen,Germany
Douar Oulad Naoual,Morocco
Saint-Germain-les-Arpajon,France
Norton,United States
Ipaporanga,Brazil
View Royal,Canada
Nazareth,Belgium
Melle,Belgium
Gopalapuram,India
Naigarhi,India
Jethuli,India
Castenedolo,Italy
Bahadarpur,India
Pettaivayttalai,India
Timahdit,Morocco
Jidigunta,India
Okuizumo,Japan
Jarabulus,Syria
Ban Mae Kham Lang Wat,Thailand
Villepreux,France
Caraguatay,Paraguay
Patterson,United States
Covington,United States
Santa Cruz da Baixa Verde,Brazil
Isola della Scala,Italy
La Union,Colombia
Pampas,Peru
Nieuwpoort,Belgium
Eijsden,Netherlands
Landsmeer,Netherlands
Puerto Suarez,Bolivia
Mombris,Germany
Bou Adel,Morocco
Weeze,Germany
Ghal Kalan,India
Kushmanchi,India
Signal Hill,United States
Navarro,Argentina
Severnyy,Russia
Mossley,United Kingdom
Kopervik,Norway
Yangiqo`rg`on,Uzbekistan
Xiaoba,China
Ghinda'e,Eritrea
Silves,Brazil
Sathmalpur,India
Khandpara,India
West Point,United States
Belgrave,United Kingdom
Aracas,Brazil
Holesov,Czechia
Perches,Haiti
Gulgam,India
Norfolk,United States
Cisneros,Colombia
Esperanza,Cuba
Imouzzer Kandar,Morocco
Crowley,United States
Leama,India
Kundiawa,Papua New Guinea
Molteno,South Africa
Itainopolis,Brazil
Perumbakkam,India
Tadapurambakkam,India
Esil,Kazakhstan
Espita,Mexico
Krosuru,India
Dabrowa Tarnowska,Poland
Yvetot,France
Broome,Australia
Carmo da Cachoeira,Brazil
Amelia,Italy
Bugongi,Uganda
Patera,India
Downpatrick,United Kingdom
Ghambiraopet,India
Wells,United States
Wanstead,United Kingdom
Muroto-misakicho,Japan
Roma,United States
Chennur,India
Khorramabad,Iran
Den Chai,Thailand
Chintalavadi,India
Siran,Turkey
Labbaikkudikkadu,India
Wellington,United States
Onate,Spain
Dharmaram,India
Mangalkot,India
Kibungo,Rwanda
Porto-Vecchio,France
Port Morant,Jamaica
Beniel,Spain
Pieve di Soligo,Italy
Matca,Romania
Bytca,Slovakia
Weinfelden,Switzerland
Lamosina,Madagascar
Haradok,Belarus
Nalwar,India
Ferney-Voltaire,France
Krapina,Croatia
Kantilo,India
Mykhailivka,Ukraine
Doda,India
Saint Helena Bay,South Africa
Mit Damsis,Egypt
Fourmies,France
Sunkarevu,India
Bahagalpur,India
Ichhapur,India
Dzouz,Morocco
Moparipalaiyam,India
Maniago,Italy
Vohilava,Madagascar
Nandipeta,India
Okpo,Burma
Quatipuru,Brazil
Budha Theh,India
Golet,India
Ekero,Sweden
Nidamangalam,India
Campbellsville,United States
Sahri,India
Ingurti,India
Epazoyucan,Mexico
Ramena,Madagascar
Calheta,Portugal
Fort Morgan,United States
Doddappanayakkanur,India
Shahpur Baghauni,India
Giffoni Valle Piana,Italy
Cholpon-Ata,Kyrgyzstan
Sarbogard,Hungary
Jucati,Brazil
Gorey,Ireland
Olintla,Mexico
Kundurpi,India
Raun,India
Drawsko Pomorskie,Poland
Blundellsands,United Kingdom
Cachoeira Alta,Brazil
Desanagi,India
Mirik,India
Agareb,Tunisia
San Carlos de Guaroa,Colombia
La Cumbre,Colombia
Dolores,Philippines
Valdivia,Colombia
Al Qal`ah,Egypt
Brislington,United Kingdom
Orchha,India
Hlaingbwe,Burma
Coronel Dorrego,Argentina
Belp,Switzerland
Doukombo,Mali
Sagada,Philippines
Nova Odesa,Ukraine
Kathu,South Africa
Pakkam,India
Piprahi,India
San Lazaro,Paraguay
Dammartin-en-Goele,France
Zejtun,Malta
Cano Martin Pena,Puerto Rico
Sultanpur,India
Horodnia,Ukraine
Xuan Trung,Vietnam
Gillingham,United Kingdom
Radnevo,Bulgaria
Plan-de-Cuques,France
Arpajon,France
Slatina,Croatia
Hang Tram,Vietnam
Lincolnton,United States
La Riviera,United States
Estiva,Brazil
Villefranche-de-Rouergue,France
Gospic,Croatia
Liman,Azerbaijan
Strombeek-Bever,Belgium
Kaboua,Benin
Egelsbach,Germany
Liubashivka,Ukraine
Dang`ara,Uzbekistan
'Ain Roua,Algeria
Le Haillan,France
Taviano,Italy
Santa Isabel Cholula,Mexico
Barhi,India
Rabat,Malta
Baruari,India
Sonapur,India
Kemigawa,Japan
Kamalapuram,India
Loyalsock,United States
Kalampaka,Greece
Mercogliano,Italy
Oskaloosa,United States
Sidi Amer El Hadi,Morocco
Aginskoye,Russia
Montmagny,Canada
Guayabal,Colombia
Ihumwa,Tanzania
Four Corners,United States
Woods Cross,United States
River Forest,United States
Oxelosund,Sweden
Mount Fletcher,South Africa
Salisbury,United States
Mexico,United States
Sathiala,India
Essex,United States
Tinogasta,Argentina
San Gregorio di Catania,Italy
Moyamba,Sierra Leone
New Port Richey East,United States
Bank,India
Revuca,Slovakia
Altdorf,Germany
Pontiac,United States
Fort Campbell North,United States
Peringottukurusshi,India
Iconha,Brazil
Gaurihar Khaliqnagar,India
Fatehpur Shahbaz,India
Alto Alegre dos Parecis,Brazil
Asjen,Morocco
Leon Valley,United States
Jamsaut,India
Panapur Langa,India
Alfonsine,Italy
Palestina,Brazil
Bek-Abad,Kyrgyzstan
Raca,Serbia
Satyavedu,India
Kuriyama,Japan
North Valley,United States
Gotzis,Austria
Kavaratti,India
Lebon Regis,Brazil
Vengikkal,India
Poldasht,Iran
Valea Adanca,Romania
Farmington,United States
Kings Mountain,United States
Pirangi,Brazil
Gonubie,South Africa
Kishanganj,India
Sinkolo,Mali
Wormer,Netherlands
El Ancor,Algeria
Kari,India
Arasur,India
Rupenaguntla,India
Shanmukhasundarapuram,India
Muna,Mexico
Citrus Springs,United States
Coswig,Germany
Aydincik,Turkey
Vlasenica,Bosnia and Herzegovina
Cidade Gaucha,Brazil
Prudente de Morais,Brazil
Agame,Benin
Bhabanipur,India
Gloucester City,United States
Westerkappeln,Germany
Oak Hills,United States
Trostberg an der Alz,Germany
Dautphe,Germany
Loran,India
Ninga,India
Kalakada,India
Duruma,Saudi Arabia
Rengali,India
Kashaf,Iran
Chauny,France
Khangaon,India
Vlasim,Czechia
Maruttuvakkudi,India
Buram,India
Culcheth,United Kingdom
Schiller Park,United States
Half Moon Bay,United States
Shingbwiyang,Burma
Mogilno,Poland
Abadiania,Brazil
Steha,Morocco
Cocentaina,Spain
Gravelines,France
Chakwai,India
Ahlaf,Morocco
Moss Bluff,United States
Bellegarde-sur-Valserine,France
Hanover,United States
Cantley,Canada
Esmoriz,Portugal
Humpolec,Czechia
Chitauria,India
Florestopolis,Brazil
Ouro Branco,Brazil
Madakai,India
Lauingen,Germany
Odatturai,India
Montanhas,Brazil
Baroni Khurd,India
Ban Saeo,Thailand
Satuek,Thailand
Lovington,United States
Mack,United States
Sideradougou,Burkina Faso
Mayate,Morocco
Weston,United States
Rychnov nad Kneznou,Czechia
Grunwald,Germany
Cumanda,Ecuador
Milici,Bosnia and Herzegovina
Toropets,Russia
Sonoita,Mexico
Dhalaa,Algeria
Ajijic,Mexico
Ridgefield,United States
Erin,Canada
Saubara,Brazil
Lendinara,Italy
Varzobkala,Tajikistan
Woodbury,United States
Caetanopolis,Brazil
Ochsenfurt,Germany
Markham,United States
Puerto Rico,Colombia
Barahkurwa,India
Volosovo,Russia
Gandhari,India
Hato Corozal,Colombia
Engen,Germany
Tlacolulan,Mexico
Emet,Turkey
Er Regueb,Tunisia
Home Gardens,United States
Shahpur,India
La Libertad,Nicaragua
Winton,United States
Ramallo,Argentina
Medroussa,Algeria
Tucson Mountains,United States
Notre-Dame-de-l'Ile-Perrot,Canada
San Jose de Guaribe,Venezuela
Kumari,India
Stradella,Italy
Koori,Japan
Mogogelo,South Africa
Belgrade,United States
Kuse,Japan
Dorog,Hungary
Pallipattu,India
New Garden,United States
Lahaina,United States
Malo Crnice,Serbia
Kalmiuske,Ukraine
Cangas de Narcea,Spain
Vakhrusheve,Ukraine
Nemyriv,Ukraine
Platteville,United States
Kinattukkadavu,India
Kondhali,India
Hohenkirchen-Siegertsbrunn,Germany
Haydock,United Kingdom
Casier,Italy
Qax,Azerbaijan
Naliya,India
Sanniquellie,Liberia
Jimani,Dominican Republic
Hoenheim,France
Novy Bor,Czechia
Mahagama,India
Tourougoumbe,Mali
Hamilton,United States
Kostinbrod,Bulgaria
Guinagourou,Benin
Sales Oliveira,Brazil
Pothia,India
Senduria,India
Raibari Mahuawa,India
Toprakkale,Turkey
Shchastia,Ukraine
Florennes,Belgium
Sao Amaro das Brotas,Brazil
Cabo Verde,Brazil
Recke,Germany
Oulad Friha,Morocco
Rejiche,Tunisia
Port Lavaca,United States
Polyarnyye Zori,Russia
Borcka,Turkey
Barro Alto,Brazil
Ovidiopol,Ukraine
Lopon,India
Prataparampuram,India
Sociedad,El Salvador
Elk City,United States
Lumaco,Chile
Tegueste,Spain
Majdal Shams,Israel
Tysvaer,Norway
Rostraver,United States
Ganserndorf,Austria
Pelileo,Ecuador
San Rafael Obrajuelo,El Salvador
Scottburgh,South Africa
Wilton Manors,United States
Kirchhundem,Germany
Muscoy,United States
Touama,Morocco
Kurim,Czechia
Buzhum,Kyrgyzstan
El Menzel,Morocco
Laren,Netherlands
Sharg`un,Uzbekistan
Bath,United States
Dawley,United Kingdom
East Glenville,United States
Dobbs Ferry,United States
Gundrajukuppam,India
Suffern,United States
Wealdstone,United Kingdom
Grosse Pointe Park,United States
East Grand Rapids,United States
San Michele al Tagliamento,Italy
Spencer,United States
Enebakk,Norway
Sao Joao das Lampas,Portugal
Montegrotto Terme,Italy
Yalluru,India
Greetland,United Kingdom
Higashiizu,Japan
La Homa,United States
Kincardine,Canada
Wittingen,Germany
Diez,Germany
Simrahi,India
Norvenich,Germany
Newport,United Kingdom
Eldorado,Brazil
Pihuamo,Mexico
Guacheta,Colombia
Rothenburg ob der Tauber,Germany
Mancha Real,Spain
Falimari,India
Sidi Tabet,Tunisia
Batesville,United States
Noeux-les-Mines,France
Oregon,United States
Anjuna,India
Lakhipur,India
Hejiaji,China
Saint-Junien,France
Konakondla,India
Campobello di Mazara,Italy
Chekmagush,Russia
Lijiacha,China
Samayanallur,India
Halavagalu,India
Grafenhainichen,Germany
Kranenburg,Germany
Buckhurst Hill,United Kingdom
Baghmaria,India
Harji,India
Bind,India
Santa Fe,Brazil
Garuva,Brazil
Welzheim,Germany
Vaux-le-Penil,France
Sarjapur,India
Campo do Meio,Brazil
Salamedu,India
Pir Maker,India
Rosario de Mora,El Salvador
Staden,Belgium
Harrow Weald,United Kingdom
Sevilla,Philippines
Great Bookham,United Kingdom
Little Bookham,United Kingdom
Bansbari,India
Uchchangidurgam,India
Kochkor,Kyrgyzstan
Buuhoodle,Somalia
Musile di Piave,Italy
Bridgeton,United States
Elliot Lake,Canada
Handewitt,Germany
Pelsall,United Kingdom
Kamiita,Japan
Okmulgee,United States
Humahuaca,Argentina
Alcantaras,Brazil
Bhagwatpur,India
Biddupur,India
Waihee-Waiehu,United States
Puyehue,Chile
Harsum,Germany
Zambrano,Colombia
Eichenzell,Germany
Byerazino,Belarus
Jodar,Spain
Parora,India
Rheinau,Germany
Baghra,India
Atharga,India
San Jose del Fragua,Colombia
Lonate Pozzolo,Italy
Resende,Portugal
Arumbakkam,India
Meghraj,India
Jamhor,India
Pachahi,India
Manpaur,India
Sidi Baizid,Algeria
Carnoustie,United Kingdom
Gardone Val Trompia,Italy
Zierikzee,Netherlands
Belen,Paraguay
Phulparas,India
Manappakkam,India
Kalinagar,India
Newtown,United Kingdom
Bromont,Canada
Parvatgiri,India
Perampuzha,India
Rancho Mission Viejo,United States
Bargaon,India
Bishunpur,India
Monte Sant'Angelo,Italy
Akola,India
Talaigua Nuevo,Colombia
Bataipora,Brazil
Vitry-le-Francois,France
Downham Market,United Kingdom
Tokol,Hungary
Douar Trougout,Morocco
Charouine,Algeria
Ploufragan,France
Cardoso,Brazil
Taurisano,Italy
Vaal Reefs,South Africa
Nalambur,India
Cherlagandlapalem,India
Calatrava,Philippines
Pimenteiras,Brazil
Cocoa Beach,United States
Lyuban,Belarus
Capaci,Italy
Fulton,United States
Teniet el Abed,Algeria
Polykastro,Greece
Kurgunta,India
Domnesti,Romania
Somerville,Australia
Moglingen,Germany
Dharmaj,India
Waidhofen an der Ybbs,Austria
Machados,Brazil
Yanahuanca,Peru
Gustavsberg,Sweden
Nussloch,Germany
Kozloduy,Bulgaria
Gouvea,Brazil
Rodenbach,Germany
Natshal,India
Besalampy,Madagascar
El Quisco,Chile
Santa Rosa de Viterbo,Colombia
Papireddippatti,India
Pemmperena,Mali
Sonseca,Spain
Tiruvennanallur,India
Roessleville,United States
Mashyal,India
Langarivo,Madagascar
Mitchellville,United States
Elon,United States
Barigarh,India
Ban Bang Lamung,Thailand
Virton,Belgium
Tabapua,Brazil
Saverne,France
Timperley,United Kingdom
Catskill,United States
Mulheim-Karlich,Germany
Masinigudi,India
Powdersville,United States
Holbrook,United States
Rudersberg,Germany
Varadarajampettai,India
Capitan Bado,Paraguay
Tosagua,Ecuador
Leatherhead,United Kingdom
Ban Yang Hom,Thailand
Gracemere,Australia
Bitritto,Italy
Burslem,United Kingdom
Marasesti,Romania
Clawson,United States
Denkendorf,Germany
Cadolzburg,Germany
Worb,Switzerland
Sebt Bni Garfett,Morocco
Tenenkou,Mali
Snyder,United States
Tazhakudi,India
Norwell,United States
Hipperholme,United Kingdom
Edasseri,India
Janow Lubelski,Poland
Fountain Inn,United States
Naryn,Kyrgyzstan
Dimmbal,Mali
Zimna Voda,Ukraine
Arnprior,Canada
Tudela,Philippines
Biganos,France
Villa Purificacion,Mexico
Tournon-sur-Rhone,France
Honmachi,Japan
Selma,United States
Ikhlaspur,India
Sabana Yegua,Dominican Republic
Periya Soragai,India
Jem'at Oulad 'Abbou,Morocco
Sebba,Burkina Faso
Lafrayta,Morocco
Caldogno,Italy
Inhassoro,Mozambique
Ichinohe,Japan
Estiva Gerbi,Brazil
Gualcince,Honduras
Batemans Bay,Australia
Caotan,China
Singura,India
Commune Sidi Youssef Ben Ahmed,Morocco
Arslanbob,Kyrgyzstan
Panpuli,India
Teano,Italy
Getulina,Brazil
Willistown,United States
Ravenna,United States
Golfito,Costa Rica
Drochtersen,Germany
Tikota,India
Antsambalahy,Madagascar
Amatenango del Valle,Mexico
Ban Kat,Thailand
Stamboliyski,Bulgaria
Meru,India
Anderson,United States
Pedro de Toledo,Brazil
Limavady,United Kingdom
Stanwell,United Kingdom
Beldibi,Turkey
De Doorns,South Africa
North Dundas,Canada
Tramore,Ireland
Derdara,Morocco
Whitestown,United States
Pipariya,India
Somavarappatti,India
Storm Lake,United States
Kanhaipur,India
Biri,Philippines
Majanji,Uganda
Healdsburg,United States
Caimanera,Cuba
Bhilavadi,India
Seneffe,Belgium
Iskapalem,India
Riedlingen,Germany
Curimata,Brazil
Covenas,Colombia
Astley,United Kingdom
Fallersleben,Germany
Simeria,Romania
Riebeeckstad,South Africa
Sinor,India
Asthal Bohar,India
Chornomorske,Ukraine
Caetano,Brazil
Samahuta,India
Burtonwood,United Kingdom
Banavar,India
Trecastagni,Italy
Groton,United States
Triangle,United States
Hagen im Bremischen,Germany
Kushk,Iran
Sirpanandal,India
Prien am Chiemsee,Germany
Santa Cruz,Ecuador
Newport East,United States
Montlouis-sur-Loire,France
Bara Belun,India
Isselburg,Germany
Largs,United Kingdom
Zawyat Ahancal,Morocco
Sogne,Norway
Beclean,Romania
Ventersburg,South Africa
Ocean City,United States
Wellesley,Canada
Edd,Eritrea
Sosenskiy,Russia
Warfield,United Kingdom
Boultham,United Kingdom
Tamba,India
Datiana,India
Kovurupalli,India
Sant'Ilario d'Enza,Italy
Niasso,Mali
Oulad Rahmoun,Morocco
Korb,Germany
Jadopur Shukul,India
Fredericksburg,United States
Poko,Congo (Kinshasa)
Narayanavanam,India
El Playon,Colombia
Kin,Japan
Roncador,Brazil
Bollullos de la Mitacion,Spain
Sajoszentpeter,Hungary
Deodha,India
Prachatice,Czechia
Tetyushi,Russia
Lang Suan,Thailand
Satellite Beach,United States
Pontchateau,France
Priolo Gargallo,Italy
Quebrangulo,Brazil
Klyetsk,Belarus
Bicske,Hungary
Tasova,Turkey
Farciennes,Belgium
Malkanur,India
Sao Joao do Manhuacu,Brazil
Scalea,Italy
Alburquerque,Philippines
Sahsaul,India
Waupun,United States
Las Charcas,Dominican Republic
Makhmalpur,India
Mannedorf,Switzerland
Herbolzheim,Germany
Eranapuram,India
Vasylkivka,Ukraine
Greasley,United Kingdom
Retie,Belgium
Saint-Jean,France
La Roche-sur-Foron,France
Kpandae,Ghana
Chintakunta,India
Bramhabarada,India
Bardiha Turki,India
Kariat Ben Aouda,Morocco
Nyirbator,Hungary
Attippattu,India
Gethaura,India
Kishunpur,India
Paimio,Finland
San Pablo Atlazalpan,Mexico
Sankt Johann im Pongau,Austria
Pueblo Viejo,Dominican Republic
Lavandevil,Iran
Akjoujt,Mauritania
Khera Kalan,India
Derbisek,Kazakhstan
Kourouma,Mali
Beniajan,Spain
Tentena,Indonesia
Bora,India
Betania,Brazil
Mineiros do Tiete,Brazil
Resende Costa,Brazil
Mountain Ash,United Kingdom
Inzago,Italy
Senillosa,Argentina
Pasaco,Guatemala
Moyuta,Guatemala
Monteforte Irpino,Italy
Lansing,United States
North Logan,United States
Rahiar Kunchi,India
Anenecuilco,Mexico
Crayford,United Kingdom
Pedersore,Finland
Amarchinta,India
Jagdishpur,India
Koog aan de Zaan,Netherlands
Aratuba,Brazil
Antonio Carlos,Brazil
Two Rivers,United States
Cold Springs,United States
Belauncha,India
Vahdattiyeh,Iran
Waldkirchen,Germany
Arta,Djibouti
Westwood,United States
Toliman,Mexico
Djemmorah,Algeria
Amala,India
Kassa,Mali
Bayou Blue,United States
Castle Bromwich,United Kingdom
Kaset Wisai,Thailand
Vanj,Tajikistan
Hamadanak,Iran
Tamazouzt,Morocco
Kedougou,Senegal
Miechow,Poland
Sayda,Syria
Pinheiro Machado,Brazil
Chassieu,France
Mannarai,India
Sanzana,Mali
Holic,Slovakia
Nilo Pecanha,Brazil
Dhakaich,India
Talupula,India
Hambantota,Sri Lanka
Forestville,United States
Ranti,India
Emba,Kazakhstan
Gonzalez,Mexico
Wustermark,Germany
Montechiarugolo,Italy
Nembro,Italy
Beni Ounif,Algeria
Khargram,India
Ifrane,Morocco
Morgan City,United States
Panazol,France
Tittachcheri,India
Kummarapurugupalem,India
Temamatla,Mexico
Lathasepura,India
Carbonera,Italy
Ichikai,Japan
Guilherand,France
Brooklyn,United States
Kavarna,Bulgaria
Bom Jesus,Brazil
Laukaria,India
Berriozar,Spain
Westtown,United States
Budili,India
Tagami,Japan
Lommedalen,Norway
Kuvandyk,Russia
Lowes Island,United States
Namli,India
Kalasa,India
Nelson,Canada
Lloro,Colombia
Sanjiaocheng,China
Eisenberg,Germany
Corbas,France
Canandaigua,United States
Waipio,United States
Valkeala,Finland
Sarab-e Taveh-ye `Olya,Iran
Petal,United States
Rutesheim,Germany
Borjomi,Georgia
Sirgora,India
Chamestan,Iran
Ladysmith,Canada
Werther,Germany
Chikni,India
Faxinal dos Guedes,Brazil
Bhisho,South Africa
Nafpaktos,Greece
Shahmirzad,Iran
Kazarman,Kyrgyzstan
Mpraeso,Ghana
Murska Sobota,Slovenia
Busumbala,"Gambia, The"
Siniscola,Italy
Agdz,Morocco
Yermolino,Russia
'Ain Tolba,Algeria
Nambour,Australia
Guntupalle,India
Damonojodi,India
Arambakkam,India
Prineville,United States
Pacoti,Brazil
Grand Rapids,United States
Linslade,United Kingdom
Collegedale,United States
Eura,Finland
Bucheya,India
Barka Gaon,India
Madala,India
Montopoli in Val d'Arno,Italy
Los Almacigos,Dominican Republic
Fortuna,Spain
Hernando,Argentina
North Branch,United States
Capilla del Monte,Argentina
Armstrong,Argentina
Parbata,India
Malkhaid,India
Salaya,Thailand
Aurelino Leal,Brazil
Hinwil,Switzerland
Pungulam,India
Harsinghpur,India
Kawadgaon,India
Baryshivka,Ukraine
Chikkarampalaiyam,India
Barbadanes,Spain
Surazh,Russia
Monmouth,United States
Moreira Sales,Brazil
Leek,Netherlands
Mhangura,Zimbabwe
Pia,France
Arvand Kenar,Iran
Arvand Kenar,Iran
Gora,Poland
Hoeilaart,Belgium
Grobbendonk,Belgium
Belzig,Germany
Seringueiras,Brazil
Kuzuculu,Turkey
Coldstream,Canada
Galbois,Algeria
Stonehaven,United Kingdom
Potukonda,India
Timberlane,United States
Romanshorn,Switzerland
Braunfels,Germany
Schoningen,Germany
Nagalapuram,India
Hormigueros,Puerto Rico
Rasaunk,India
Penne,Italy
Douar Ain Maatouf,Morocco
Palukudoddi,India
Marginea,Romania
Targu Lapus,Romania
Stansbury Park,United States
San Jose de Aerocuar,Venezuela
Wanaque,United States
Kumbadaje,India
Margherita di Savoia,Italy
Sater,Sweden
Baranivka,Ukraine
Creazzo,Italy
Vosselaar,Belgium
Capela de Santana,Brazil
Padre Burgos,Philippines
Gloucester Point,United States
Areiopolis,Brazil
Dorking,United Kingdom
Cacequi,Brazil
Bernardino de Campos,Brazil
Prymorsk,Ukraine
Honiton,United Kingdom
Sada,Mayotte
Fairview,United States
Gerasdorf bei Wien,Austria
Domazlice,Czechia
Mangalme,Chad
Urbana,United States
North Lindenhurst,United States
Tambaga,Mali
Rincon,United States
Unicov,Czechia
Aylestone,United Kingdom
Bhandarso,India
Baley,Russia
Zaragoza,Mexico
Dachne,Ukraine
Aukstieji Paneriai,Lithuania
Taylorville,United States
Somnaha,India
Hauterive,Canada
Antonio Cardoso,Brazil
Finale Ligure,Italy
Begogo,Madagascar
Planura,Brazil
Bailin,China
Mortugaba,Brazil
Sihaul,India
Sonbari,India
Progress,United States
Okhargara,India
Mayureswar,India
Cesson,France
Atru,India
Pulsano,Italy
Cerese,Italy
Dorridge,United Kingdom
Olaippatti,India
Elwood,United States
Hexham,United Kingdom
Cisternino,Italy
Lloyd,United States
Feldkirchen-Westerham,Germany
Saadatpur Aguani,India
Enfida,Tunisia
Warren,United States
Novska,Croatia
Banagi,India
Balehonnur,India
Oberwil,Switzerland
Pongalur,India
Kilkottai,India
Ecaussinnes-Lalaing,Belgium
Kanamadi,India
Udawantnagar,India
Finch'a'a,Ethiopia
Murapaka,India
Kurman,Ukraine
Evington,United Kingdom
Achankovil,India
Ambinanin'i Sakaleona,Madagascar
Sheron,India
Jamapa,Mexico
Kowdalli,India
Valmadrera,Italy
Iazizatene,Morocco
Palmerston,Ireland
Kumharsan,India
Amdel,Morocco
Fagersta,Sweden
De Panne,Belgium
Brugg,Switzerland
Quintanar de la Orden,Spain
Itanhomi,Brazil
Bannewitz,Germany
Panhar,India
Travilah,United States
Kiskunmajsa,Hungary
Svitlodarsk,Ukraine
Trofaiach,Austria
Raksaha,India
Le Luc,France
Hellesdon,United Kingdom
Sultanpur,India
Camisano Vicentino,Italy
Kriftel,Germany
Kachnar,India
Mortad,India
Congaz,Moldova
Shahrinav,Tajikistan
Gradiska,Bosnia and Herzegovina
Puerto Caicedo,Colombia
Langeloop,South Africa
Hillsborough,United States
Sao Jose do Campestre,Brazil
Nandayure,Costa Rica
Saint-Saulve,France
Nawalpur,India
Morant Bay,Jamaica
Matsuo,Japan
Candelaria,Mexico
Ait Hani,Morocco
Bol,Chad
Besiri,Turkey
Burr Ridge,United States
Iuiu,Brazil
Batonyterenye,Hungary
Ypsonas,Cyprus
Ar Rommani,Morocco
Haysville,United States
Millington,United States
Kattupputtur,India
Del Aire,United States
Phulgachhi,India
Oporapa,Colombia
Union Park,United States
Salcedo,Philippines
Alto Parnaiba,Brazil
Ikkadu,India
Peri-Mirim,Brazil
Balve,Germany
Caorle,Italy
Vila Frescainha,Portugal
Tha Chang,Thailand
An Phu,Vietnam
Marilandia,Brazil
Sorontona,Mali
Firoza,Pakistan
Canyon Lake,United States
Yamanouchi,Japan
Comarnic,Romania
East Hanover,United States
Mierlo,Netherlands
Yarovoye,Russia
Narimanov,Russia
Pleasant View,United States
'Ain Taghrout,Algeria
Ollerton,United Kingdom
Myronivka,Ukraine
Birch Bay,United States
Cha da Alegria,Brazil
Hatwans,India
Kariz,Iran
San Bernardo,Argentina
Castelvetro di Modena,Italy
Chuguyevka,Russia
Capitao de Campos,Brazil
Yemanzhelinsk,Russia
Sol'-Iletsk,Russia
Wyomissing,United States
Georgian Bluffs,Canada
Oud-Heverlee,Belgium
Bargas,Spain
Nagojanahalli,India
Parapua,Brazil
Duggirala,India
Alashankou,China
Ararenda,Brazil
Gucheng,China
Antonio Carlos,Brazil
Ksar Sbahi,Algeria
Yargatti,India
Bishunpur,India
Illintsi,Ukraine
Potosi,Nicaragua
Melsele,Belgium
Calcado,Brazil
Bhattiprolu,India
Bang Ban,Thailand
Panguipulli,Chile
Wulingshancun,China
Ban Wang Daeng,Thailand
Guebwiller,France
Terku Valliyur,India
San Luis de La Loma,Mexico
Si Wilai,Thailand
Kall,Germany
Planegg,Germany
Ceu Azul,Brazil
Cide,Turkey
El Trebol,Argentina
Divinolandia,Brazil
Gacheta,Colombia
Messstetten,Germany
Bagamanoc,Philippines
Abbeville,United States
Middle Island,United States
Juruaia,Brazil
Congonhal,Brazil
Sa'in Qal`eh,Iran
Ramanayakkanpalaiyam,India
Belen de los Andaquies,Colombia
Pata Ellamilli,India
Tadepalle,India
Moorslede,Belgium
Rackeve,Hungary
Paullo,Italy
Piazzola sul Brenta,Italy
Konnur,India
Pirapetinga,Brazil
Sturgis,United States
Erstein,France
Basaithi,India
Leicester,United States
Wen'anyi,China
Rio Cuarto,Costa Rica
Arenzano,Italy
Lalsaraia,India
Dayalpur,India
Karebilachi,India
Berane,Montenegro
Spout Springs,United States
Codigoro,Italy
Lower Saucon,United States
Nossa Senhora dos Milagres,Brazil
Kenzingen,Germany
Hebri,India
Elchuru,India
Asahi,Japan
Niemasson,Benin
Rio Novo do Sul,Brazil
El Aguila,Colombia
Yakymivka,Ukraine
Dourdan,France
Szprotawa,Poland
Great Neck,United States
Dois Riachos,Brazil
Kac,Serbia
Santa Mariana,Brazil
Barton upon Humber,United Kingdom
Cologno al Serio,Italy
Zavyalovo,Russia
Shamunpet,India
Kaniyambadi,India
Doesburg,Netherlands
Mahin,Syria
Lansdowne,United States
Fairview Shores,United States
Longtaixiang,China
Penagam,India
Columbia,United States
General Carneiro,Brazil
Red Hook,United States
La Calamine,Belgium
San Giustino,Italy
Marinette,United States
Dalippur,India
Jayaque,El Salvador
Hathidah Buzurg,India
Bangramanjeshvara,India
Susuman,Russia
Devanakavundanur,India
Caluco,El Salvador
Coshocton,United States
San Carlos Centro,Argentina
Aba,China
Shankarpalli,India
La Trinitaria,Mexico
Waterloo,United States
Gaillard,France
Chhabila,India
Kadur Sahib,India
Zira,Azerbaijan
Adendorf,Germany
Awash,Ethiopia
Mandal,Norway
Pharaha,India
Souq Sebt Says,Morocco
Nanpala,Mali
Novoazovsk,Ukraine
Thanh Xuan,Vietnam
Moita Bonita,Brazil
Wangjiabian,China
Larbert,United Kingdom
Lake Grove,United States
Fagundes,Brazil
Ruthen,Germany
Brzeszcze,Poland
Danville,United States
Barrington,United States
Stiring-Wendel,France
Ballymoney,United Kingdom
Kisara,India
Dumri,India
Madhopur,India
De Pinte,Belgium
Belle Chasse,United States
Herrsching am Ammersee,Germany
Mukasi Pidariyur,India
Andacollo,Chile
Haigerloch,Germany
Ono,Japan
Waynesboro,United States
Puliyara,India
Jacinto,Brazil
Mohlin,Switzerland
Joquicingo,Mexico
Grandview,United States
Villamarchante,Spain
Sao Sebastiao de Lagoa de Roca,Brazil
La Esperanza,Colombia
Feira,Portugal
Union City,United States
Gyangze,China
Sankhavaram,India
Sakkamapatti,India
Konen Agrahar,India
Hikawadai,Japan
Yuasa,Japan
Lindome,Sweden
Saint-Martin-Boulogne,France
Merriam,United States
Ilfracombe,United Kingdom
Athy,Ireland
Koch,India
Perali,India
Monument,United States
Aperibe,Brazil
Riorges,France
Tezoatlan de Segura y Luna,Mexico
Stollberg,Germany
Castelginest,France
Kenduadih,India
Murgod,India
Lorch,Germany
Tonse West,India
Delvada,India
Rezina,Moldova
Phanat Nikhom,Thailand
Anguera,Brazil
Donzdorf,Germany
Summerfield,United States
Chatteris,United Kingdom
Fanlu,Taiwan
Iowa Colony,United States
Holmen,United States
Sao Felix,Brazil
Tekkumbagam,India
Bertinoro,Italy
Chulym,Russia
Milicz,Poland
Botupora,Brazil
Amha,India
Greentree,United States
Qal`at an Nakhl,Egypt
Kongupatti,India
Ichikawa,Japan
Tirumayam,India
Shiloh,United States
Guthrie,United States
Burlington,United States
Rolla,India
Balingoan,Philippines
Dugulubgey,Russia
Sierra Madre,United States
Corinda,Australia
Carmo da Mata,Brazil
Brumunddal,Norway
Heartland,United States
Weyburn,Canada
Hasbergen,Germany
El Hamel,Algeria
Tavistock,United Kingdom
Allahdurg,India
Ekuvukeni,South Africa
Sant Joan de Vilatorrada,Spain
Nedelisce,Croatia
Likhoslavl,Russia
Celina,United States
Itatuba,Brazil
Bir Ghbalou,Algeria
Sannieshof,South Africa
Mawu,China
Easttown,United States
Mangalam,India
Lokhvytsya,Ukraine
Antanandava,Madagascar
Kiwoko,Uganda
La Palma,Colombia
Piedmont,United States
Burkburnett,United States
Sarauni Kalan,India
Cherry Creek,United States
Franklin Lakes,United States
Xinyaoshang,China
Vijes,Colombia
Schonaich,Germany
La Londe-les-Maures,France
Pompton Lakes,United States
Regen,Germany
Solymar,Hungary
Sun Village,United States
Damme,Belgium
Burgkirchen an der Alz,Germany
Walur,India
Patu,Brazil
Dolhasca,Romania
Gernsheim,Germany
Chinna Annaluru,India
Maromme,France
Siyana,India
Saucillo,Mexico
Neuhof,Germany
Almhult,Sweden
Chauki,India
Beachwood,United States
Chatham,United States
La Tuque,Canada
Norwich,Canada
Cerro Cora,Brazil
Zhamog,China
Pingcha,China
Chauke,India
Mahad,Iraq
Al `Amadiyah,Iraq
Santa Flavia,Italy
Abasingammedda,Sri Lanka
Morafeno,Madagascar
Ambotaka,Madagascar
Kalafotsy,Madagascar
Antsoha,Madagascar
Maroambihy,Madagascar
Voloina,Madagascar
Ambatomasina,Madagascar
Ambodiampana,Madagascar
Antsakanalabe,Madagascar
Antsahabe,Madagascar
Antakotako,Madagascar
Tsararano,Madagascar
Mahazony,Madagascar
Fotsialanana,Madagascar
Ambinanindovoka,Madagascar
Ranomafana,Madagascar
Ankavandra,Madagascar
Manambolosy,Madagascar
Marotandrano,Madagascar
Ambohidranandriana,Madagascar
Tsinjomitondraka,Madagascar
Amporoforo,Madagascar
Ambodimangavolo,Madagascar
Analamitsivalana,Madagascar
Bevata,Madagascar
Antsambahara,Madagascar
Androndrona Anava,Madagascar
Sampona,Madagascar
Marolinta,Madagascar
Andranomeva,Madagascar
Miandrarivo,Madagascar
Ambodimanary,Madagascar
Maroamalona,Madagascar
Marovantaza,Madagascar
Antanandava,Madagascar
Efatsy-Anandroza,Madagascar
Manandroy,Madagascar
Tranomaro,Madagascar
Vinaninkarena,Madagascar
Soaserana,Madagascar
Soamanova,Madagascar
Loikaw,Burma
Side,Turkey
Puerto Piritu,Venezuela
Itirucu,Brazil
Gottmadingen,Germany
Hadim,Turkey
North Bellport,United States
Edlapadu,India
Bagnan,India
Jagannathpur,India
Brandon,United States
Bolivar,United States
Elgin,United States
Sripur,India
Patori,India
Vengapalli,India
Wildau,Germany
Llandybie,United Kingdom
Farkhana,Morocco
Matino,Italy
Upanema,Brazil
Dhilwan Kalan,India
Meaford,Canada
Meliana,Spain
Ross on Wye,United Kingdom
Guspini,Italy
Komorniki,Poland
Arkadak,Russia
Ribeirao Bonito,Brazil
Brandywine,United States
Ma'ai,China
Gluckstadt,Germany
Bardipuram,India
Mansinghpur Bijrauli,India
Pinhalzinho,Brazil
Myjava,Slovakia
Byelaazyorsk,Belarus
Sabalito,Costa Rica
Gengenbach,Germany
Wambrechies,France
Dayr `Atiyah,Syria
Huntertown,United States
Altensteig,Germany
Nagar Nahusa,India
Springdale,United States
Santa Cruz Balanya,Guatemala
Honwada,India
Parauna,Brazil
Duas Barras,Brazil
Belousovo,Russia
Santa Croce Camerina,Italy
Pingtouchuanxiang,China
Northallerton,United Kingdom
Sendurai,India
Paura Madan Singh,India
Fao Rai,Thailand
Cudworth,United Kingdom
Singoli,India
Warden,South Africa
Malente,Germany
Junin,Peru
Chicureo Abajo,Chile
Oakham,United Kingdom
Yelpur,India
Sesto Calende,Italy
Adjala-Tosorontio,Canada
Ahmadli,Azerbaijan
Pirai do Norte,Brazil
Xintianfeng,China
Koronowo,Poland
Halfway,United States
Lehman,United States
Magnolia,United States
Manaira,Brazil
Victoria,United States
Punjai Turaiyampalaiyam,India
Rekovac,Serbia
Cachira,Colombia
Birpur,India
Mallagunta,India
Takha,India
Satosho,Japan
As Sabburah,Syria
Cabanillas del Campo,Spain
Bawali,India
Tixkokob,Mexico
Acanceh,Mexico
Quartz Hill,United States
Champua,India
Lovejoy,United States
Guiratinga,Brazil
Le Taillan-Medoc,France
Bhangha,India
Campagnano di Roma,Italy
Grand Haven,United States
Sarafand,Lebanon
Ongwediva,Namibia
Medog,China
Tres Cachoeiras,Brazil
Ramabhadrapuram,India
Clayton,United States
Terryville,United States
Vengur,India
Masakkavundanchettipalaiyam,India
Peschiera del Garda,Italy
Alamos,Mexico
Memunda,India
Volda,Norway
Quimili,Argentina
Dek'emhare,Eritrea
Boekel,Netherlands
Szydlowiec,Poland
Rogozno,Poland
Matias Olimpio,Brazil
Sultanhani,Turkey
Tarra,Colombia
El Tarra,Colombia
Port Salerno,United States
Punitaqui,Chile
Thouare-sur-Loire,France
Nacajuca,Mexico
Lyndon,United States
Highgate,United Kingdom
Keles,Turkey
Herxheim,Germany
Great Wyrley,United Kingdom
Tirupporur,India
Iioka,Japan
Cunha Pora,Brazil
Issoudun,France
Tortoli,Italy
Tamezmout,Morocco
Longford,Ireland
Mainvilliers,France
Bishunpur Hakimabad,India
Palsud,India
Red Bank,United States
Borsbeek,Belgium
Devgeri,India
Satai,India
Rosario,Philippines
Ibiraci,Brazil
Uttukkuli,India
Mahmuda,India
Al Ghayzah,Yemen
Volkermarkt,Austria
Nao Kothi,India
Cepagatti,Italy
Alberique,Spain
Vadamugam Vellodu,India
Pottireddippatti,India
Kamianka,Ukraine
Nallamada,India
Ruisui,Taiwan
Cassa de la Selva,Spain
Cacaopera,El Salvador
Ebreichsdorf,Austria
Hasseh,Iran
Little Ferry,United States
Hamilton Township,Canada
Kalavapudi,India
Rialma,Brazil
Lichtenau,Germany
Rokytne,Ukraine
Malvern,United States
Itamarati,Brazil
Pedappai,India
Nadendla,India
Mena,Ukraine
Semuto,Uganda
Texcatepec,Mexico
Vimmerby,Sweden
Cantagalo,Brazil
Alavus,Finland
Trets,France
Kabirpur,India
Garmeh,Iran
Mazzarino,Italy
Sangeorz-Bai,Romania
Kaniyur,India
Attard,Malta
Malden,Netherlands
Schkopau,Germany
Chaoke,India
Oued Amlil,Morocco
Orsta,Norway
Ingelmunster,Belgium
Swarna,India
Sao Pedro da Agua Branca,Brazil
Karakthal,India
Stratford,Canada
Minamiise,Japan
Abertillery,United Kingdom
Sisia,India
Hakone,Japan
Langenzenn,Germany
Sankhavaram,India
Chinnatadagam,India
Bariarpur Kandh,India
Selsey,United Kingdom
Basbiti,India
Madna,India
Hollinwood,United Kingdom
Kuttappatti,India
Pellezzano,Italy
Barberino di Mugello,Italy
Tibubeneng,Indonesia
Totowa,United States
Karlsdorf-Neuthard,Germany
Wronki,Poland
Gueoul,Senegal
Fondettes,France
Sontha,India
Santona,Spain
Tizi,Algeria
Barnoldswick,United Kingdom
Blitta,Togo
Varto,Turkey
Arniya,India
Venosa,Italy
White City,United States
Derinkuyu,Turkey
Bueno Brandao,Brazil
Lowell,United States
Groairas,Brazil
Conceicao do Castelo,Brazil
Agua Doce,Brazil
Kavaklidere,Turkey
Sedavi,Spain
Cumayeri,Turkey
Costesti,Moldova
Meulebeke,Belgium
Tifni,Morocco
Oued Sebbah,Algeria
Ogose,Japan
Krosno Odrzanskie,Poland
Yairipok,India
Koilakh,India
Roque Perez,Argentina
Fife,United States
Muswellbrook,Australia
Lincoln Park,United States
Romiley,United Kingdom
Shoo,Japan
Tayga,Russia
Khanjahanpur,India
Sangram,India
Staryya Darohi,Belarus
Karikad,India
Diamniadio,Senegal
Chiltiupan,El Salvador
West Caldwell,United States
Wantage,United States
Passa e Fica,Brazil
Tarwara,India
Minamisanriku,Japan
Summit,United States
Chevigny-Saint-Sauveur,France
Arcachon,France
Imeni Chapayeva,Kyrgyzstan
Xudat,Azerbaijan
Castel Mella,Italy
Oulad Hammou,Morocco
Nyakosoba,Lesotho
Gilbues,Brazil
Kodmial,India
Mineral de Angangueo,Mexico
Alto Rio Doce,Brazil
Kiratpur Rajaram,India
Tanant,Morocco
Great Harwood,United Kingdom
Hardia,India
Erraguntla,India
Ghanpur,India
Qasr-e Qomsheh,Iran
Soyalo,Mexico
Gornozavodsk,Russia
Bernardo de Irigoyen,Argentina
Pocono,United States
Troy,United States
Damascus,United States
Saire,Brazil
Yacopi,Colombia
Annoeullin,France
Wisla,Poland
Furth,Germany
Findikli,Turkey
Kapaa,United States
Tremonton,United States
San Roque,Argentina
Beni Abbes,Algeria
Inverurie,United Kingdom
Kandry,Russia
Gentio do Ouro,Brazil
Coroaci,Brazil
Yungay,Chile
Lavaur,France
Hambuhren,Germany
Carencro,United States
Boizenburg,Germany
Tarare,France
Roscoe,United States
Conceicao dos Ouros,Brazil
Rambilli,India
Chandur,India
Timonium,United States
Bofete,Brazil
Harri,India
Garkha,India
Petrovka,Kyrgyzstan
Wegorzewo,Poland
Mae Wang,Thailand
Sahoria Subhai,India
Khan Bebin,Iran
Serravalle,San Marino
Bedford Heights,United States
Rush,Ireland
Pallarimangalam,India
Siversk,Ukraine
Kothri Kalan,India
Douar El Mellaliyine,Morocco
Santa Rosa de Rio Primero,Argentina
Shing,Tajikistan
Hudson,United States
Stephanskirchen,Germany
Winnersh,United Kingdom
Estanzuela,Guatemala
Panetha,India
Anenii Noi,Moldova
Fox Lake,United States
Ville-d'Avray,France
Sagarejo,Georgia
Sugarmill Woods,United States
East Cocalico,United States
Churchdown,United Kingdom
Ankasakasabe,Madagascar
Manville,United States
Governador Lindenberg,Brazil
Steinbach am Taunus,Germany
Arouca,Trinidad and Tobago
Puck,Poland
Avelino Lopes,Brazil
Ramchandarpur,India
Rio dos Cedros,Brazil
Maryport,United Kingdom
Phrai Bueng,Thailand
Martin,United States
Guantingzhan,China
Bistan,India
Tanippadi,India
Amjhera,India
Mataili Khemchand,India
Canton,United States
Burrel,Albania
Etoumbi,Congo (Brazzaville)
Davos,Switzerland
Rumburk,Czechia
Vikhorevka,Russia
Sanjiangkou,China
Mogotes,Colombia
Soham,United Kingdom
Whitburn,United Kingdom
Wan Tau Tong,Hong Kong
Geldermalsen,Netherlands
Oak Ridge,United States
Nirpur,India
El Ghourdane,Morocco
Maltby,United States
West Hanover,United States
Sarmiento,Argentina
Ukal,India
Shamsabad,Iran
Belmonte Mezzagno,Italy
Adda-Doueni,Comoros
Risch,Switzerland
Nauheim,Germany
Bratsigovo,Bulgaria
Lezignan-Corbieres,France
Chirak,India
Cleveland,United States
Laghzawna,Morocco
Pleasanton,United States
Lichtenstein,Germany
Amneville,France
Rainhill,United Kingdom
Mudki,India
DeForest,United States
Passy,France
Grand Gosier,Haiti
Venafro,Italy
Asahi,Japan
Onna,Japan
Pir Bakran,Iran
Estevan,Canada
Anuppampattu,India
Tiruppalaikudi,India
Gol Tappeh,Iran
Venmani Padinjara,India
Dolbeau,Canada
Palakollu,India
Maryanaj,Iran
Mouans-Sartoux,France
Boaz,United States
Martinopole,Brazil
Sucua,Ecuador
Le Pont-de-Claix,France
Aurahi,India
Brunete,Spain
Patrasaer,India
Yellayapalem,India
Armutlu,Turkey
McKee City,United States
Phibun Mangsahan,Thailand
Pattanam,India
Villa Corzo,Mexico
Wald-Michelbach,Germany
Afonso Bezerra,Brazil
Ghagga,India
Kulgo,India
Forestville,United States
Amarpur,India
Avintes,Portugal
Berkley,United States
College,United States
Vargaur,India
Raymond,United States
Orthez,France
Ngorongoro,Tanzania
Tatarbunary,Ukraine
Khlung,Thailand
Peru,United States
Urubici,Brazil
Moengo,Suriname
Bondoufle,France
Pottipuram,India
South Dundas,Canada
Roseira,Brazil
Centenario do Sul,Brazil
Dabiya,Mali
Chenango,United States
Mutluru,India
Chiyoda,Japan
Pua,Thailand
Sitio Novo de Goias,Brazil
Sao Jeronimo da Serra,Brazil
Igaratinga,Brazil
Earlestown,United Kingdom
Khattab,Syria
Buenavista,Colombia
Jitwarpur Chauth,India
Jauli,India
Reguengos de Monsaraz,Portugal
Rajghat Garail,India
Laranja da Terra,Brazil
Hammelburg,Germany
Gamharia,India
Kurwar,India
Probistip,North Macedonia
Rampur Kalan,India
Zurrieq,Malta
Sao Luis do Curu,Brazil
Banu Chhapra,India
Lake Monticello,United States
Garden City,United States
Amatura,Brazil
Serekali,Benin
Biggin Hill,United Kingdom
Kurikuppi,India
Oliveirinha,Portugal
Montgomery,United States
Cividale del Friuli,Italy
De Witt,United States
Sohwal,India
San Valentino Torio,Italy
Los Corrales de Buelna,Spain
Yuncos,Spain
Alipur,India
Hejamadi,India
Citrus,United States
Olivenca,Brazil
Taufkirchen,Germany
Al M'aziz,Morocco
Kaurihar,India
Keza,Tanzania
Tacuru,Brazil
Balupur,India
Calarasi,Moldova
Bileca,Bosnia and Herzegovina
Ugrinovci,Serbia
Chhatapur,India
Andhana,India
Tyamagondal,India
Gympie,Australia
Riverton,United States
Darmaha,India
Matomou,Mali
West Vero Corridor,United States
Eugenopolis,Brazil
Icononzo,Colombia
Kirchseeon,Germany
Palamedu,India
Mangobandar,India
Abbigeri,India
Castano Primo,Italy
El Arba Des Bir Lenni,Morocco
Bouchagroun,Algeria
Methil,United Kingdom
Bara,India
Oulad Daoud,Morocco
Divrigi,Turkey
Amuru,Uganda
Eski Yakkabog`,Uzbekistan
Tallimarjon Shahri,Uzbekistan
Kyjov,Czechia
La Puebla de Cazalla,Spain
Pelissanne,France
Terra Boa,Brazil
Papraur,India
Kara-Tash,Kyrgyzstan
Panaon,Philippines
Guaraciaba,Brazil
Pleasant Hill,United States
Barbosa Ferraz,Brazil
Capena,Italy
Scornicesti,Romania
Atchison,United States
Rio Segundo,Costa Rica
Cornate d'Adda,Italy
Chanteloup-les-Vignes,France
Muzaffarnagar,India
Wooburn,United Kingdom
Zafarabad,India
Arakawa,Japan
Binbrook,Canada
Totolapan,Mexico
Bithlo,United States
Elmira,Canada
Dingelstadt,Germany
Seonar,India
Beaumont,France
Kuppachchipalaiyam,India
Paduma,India
Telkap,India
Marreddipalli,India
Kleinblittersdorf,Germany
Flixton,United Kingdom
Ambohidanerana,Madagascar
Myers Corner,United States
Villa Nougues,Argentina
Nurmo,Finland
Shiloh,United States
Sanson,Benin
Kondakomarla,India
Ravutulapudi,India
Susice,Czechia
Miyato,Japan
Emiliano Zapata,Mexico
Ousseltia,Tunisia
Russellville,United States
Mount Kisco,United States
Anavatti,India
Tamiang Layang,Indonesia
Sitalpur,India
Bougoula,Mali
Pineville,United States
Argeles-sur-Mer,France
Parkstone,United Kingdom
Paceco,Italy
Ovada,Italy
Guaraci,Brazil
Tafalla,Spain
Nekarikallu,India
Diedorf,Germany
Cave,Italy
Chiramanangad,India
Nilavarappatti,India
Matulji,Croatia
Bhanghi,India
Nuvem,India
Naranapuram,India
Itamogi,Brazil
Dallgow-Doberitz,Germany
Nirkunnam,India
Akhnur,India
Pipalrawan,India
Bhauradah,India
Waasmunster,Belgium
Osterwieck,Germany
Errahalli,India
Punjai Kalamangalam,India
Westwood Lakes,United States
Gounarou,Benin
Ban Bang Yai,Thailand
Abergavenny,United Kingdom
Suyo,Philippines
Pompton Plains,United States
Airway Heights,United States
Mutukuru,India
Langhirano,Italy
Kendall Park,United States
,Austria
Qal`eh Chan`an,Iran
Basht,Iran
Gleisdorf,Austria
Agouna,Benin
Vire,France
Sarsai Nawar,India
Vidalia,United States
Pine Hill,United States
Kuhbanan,Iran
Pedralva,Brazil
Kajhi Hridenagar,India
Jhundo,India
Gori,Mali
Niquen,Chile
Santo Domingo,Colombia
Bad Orb,Germany
Pont-Saint-Esprit,France
Burgos,Philippines
Mulsen,Germany
Kuruvambalam,India
Rudra Nagar,India
Antanandehibe,Madagascar
Otavi,Namibia
Jarjanaz,Syria
Lulhaul,India
Sambre,India
Odugattur,India
Pragadavaram,India
Kilrajakularaman,India
Alakamisy Anativato,Madagascar
Ilicakoy,Turkey
Villa Union,Mexico
Iramaia,Brazil
Laredo,Spain
Moda,India
Sunadkuppi,India
Bendougouba,Mali
Suhagi,India
Kattari,India
Ogano,Japan
Lyngdal,Norway
Doi Saket,Thailand
Manati,Puerto Rico
Rianxo,Spain
Briancon,France
Saint Ives,United Kingdom
Kuttattuppatti,India
Jaladurgam,India
Kingri,India
Kelilalina,Madagascar
Wang Sombun,Thailand
Lehigh,United States
Babhnoul,India
Komarolu,India
Jackson,United States
Lake Arrowhead,United States
Lieshout,Netherlands
Capela do Alto Alegre,Brazil
Shirebrook,United Kingdom
Goasi,India
Itacurubi de la Cordillera,Paraguay
Campo Largo,Argentina
Whitnash,United Kingdom
Na Sceiri,Ireland
Racale,Italy
Mogwase,South Africa
Jurua,Brazil
Northbrook,United States
Allonnes,France
Chantilly,France
Voisins-le-Bretonneux,France
Karuvelampatti,India
Padiyur,India
Doraville,United States
Brdovec,Croatia
Emsburen,Germany
Kumaravadi,India
Isola del Liri,Italy
Chandreru,India
Jaqma,Morocco
Newberry,United States
Bhalpatti,India
Vellavadanparappu,India
Raybag,India
Nandasmo,Nicaragua
The Hills,United States
Martinengo,Italy
Motta di Livenza,Italy
Santa Maria,El Salvador
Worth,United States
Placerville,United States
Choachi,Colombia
Cantillana,Spain
Royston,United Kingdom
Kerai,India
Scenic Oaks,United States
Saks,United States
Deh Bakri,Iran
Sonoma,United States
Uropa,Brazil
Gaohucun,China
Panamarattuppatti,India
Maniamkulam,India
Monte San Pietro,Italy
Amesbury,United Kingdom
Campton Hills,United States
Rogatica,Bosnia and Herzegovina
Leognan,France
Bazid Chak Kasturi,India
Andovoranto,Madagascar
Ankarabato,Madagascar
Tezontepec de Aldama,Mexico
Taimali,Taiwan
Milton,United States
Zwettl,Austria
Rajanagaram,India
Grezzana,Italy
Sapahi,India
Santa Barbara,Mexico
Asalem,Iran
Fujino,Japan
Zaragoza,Mexico
Sacueni,Romania
Cungus,Turkey
Essex Junction,United States
Alagappapuram,India
Otsuchi,Japan
Pebble Creek,United States
Ubala,Colombia
Gulbaar,Kyrgyzstan
Dharmavaram,India
Morro Bay,United States
Campolongo Maggiore,Italy
Novomyrhorod,Ukraine
Ormesby,United Kingdom
Imani,India
Meiwa,Japan
Villers-la-Ville,Belgium
Xiaozui,China
Parnera,India
Qaminis,Libya
Hartford,United States
Tigrana,India
Sosnivka,Ukraine
Nandiala,Burkina Faso
Thevur,India
Louvain-la-Neuve,Belgium
Candiota,Brazil
Yemva,Russia
Van Wert,United States
La Palma del Condado,Spain
Enumulapalle,India
Raeren,Belgium
Tamarana,Brazil
Aberystwyth,United Kingdom
Rewtith,India
Sidhap Kalan,India
Chittarkottal,India
Kenafif,Morocco
Indaw,Burma
Gages Lake,United States
Sesori,El Salvador
Tarboro,United States
Clermont,France
Villeneuve-Tolosane,France
Botticino Sera,Italy
Santa Catarina Ayotzingo,Mexico
Jyllinge,Denmark
Bou Khadra,Algeria
Marudur,India
Loano,Italy
Aliabad,Azerbaijan
Mara Rosa,Brazil
Schonwalde-Siedlung,Germany
Galsi,India
Shurobod,Tajikistan
Aduku,Uganda
Lwakhakha,Uganda
Bog'ot,Uzbekistan
Sangam,India
Qal`eh Tall,Iran
Borgloon,Belgium
San Felice sul Panaro,Italy
Ambohinihaonana,Madagascar
Fuller Heights,United States
Villahermosa,Colombia
Sam Ko,Thailand
Kearney,United States
Chettipalaiyam,India
Milattur,India
Sebin Karahisar,Turkey
Felida,United States
Kurdi,India
Saray,Azerbaijan
Etaples,France
Hatch End,United Kingdom
Sangalbahita,India
Trevignano,Italy
South Union,United States
Lexington,United States
Soquel,United States
Deville-les-Rouen,France
Baghuz Fawqani,Syria
Sidi Namane,Algeria
Chesterfield,United Kingdom
Lachhmipur,India
Sahuli,India
San Juan,Philippines
Morbach,Germany
Santa Ana Huista,Guatemala
Medesano,Italy
Querencia do Norte,Brazil
Darfield,United Kingdom
Gairtganj,India
Iretama,Brazil
Bottesford,United Kingdom
Jhundpura,India
Broomall,United States
Barmstedt,Germany
Peralillo,Chile
Gambettola,Italy
Matsuda-soryo,Japan
Baetov,Kyrgyzstan
Tisma,Nicaragua
Lenoir City,United States
Talsur,India
Kattipudi,India
Calimesa,United States
Yampil,Ukraine
Knowle,United Kingdom
Cerreto Guidi,Italy
Valadares,Portugal
Lake Barcroft,United States
Yorkshire,United States
Fo-Boure,Benin
Bestwig,Germany
Richmond Heights,United States
Frenstat pod Radhostem,Czechia
Mathigeri,India
Sebt Ait Ikkou,Morocco
Pine Ridge,United States
Cazzago San Martino,Italy
Iwai,Japan
Gammasa,Morocco
Aghbalou n'Kerdous,Morocco
Bela Crkva,Serbia
Gracanice,Kosovo
Sumner,United States
Pinto,Chile
Bhaur,India
Pulingom,India
Dakhram,India
Corozal,Puerto Rico
Neo Psychiko,Greece
Ardrossan,United Kingdom
Konganapuram,India
Hemavati,India
Darb-e Behesht,Iran
Lohariandava,Madagascar
Itarhi,India
Singapperumalkovil,India
Katra,India
Besagarahalli,India
Cricova,Moldova
Hosahalli,India
Douglass,United States
Sao Joao da Ocalina,Brazil
Anoviara,Madagascar
Corning,United States
Urgun,Afghanistan
Kivisto,Finland
Kankol,India
Salotgi,India
Dakhan,Iran
Cameri,Italy
Darby,United States
Capim Branco,Brazil
Tewkesbury,United Kingdom
West Haverstraw,United States
Maynard,United States
Tinqueux,France
Sao Bras de Alportel,Portugal
Krasnousol'skiy,Russia
Betsiaka,Madagascar
Monte Alegre do Piaui,Brazil
Chuqung,China
Joutseno,Finland
Chettimangurichchi,India
Ponnampatti,India
Felsberg,Germany
Oloron-Sainte-Marie,France
Al Atarib,Syria
Gurun,Turkey
Yeghvard,Armenia
Plan-les-Ouates,Switzerland
Aulla,Italy
Puranattukara,India
Kala Diara,India
Ukrainsk,Ukraine
Malapannanagudi,India
Huetor-Tajar,Spain
Leninskoe,Kyrgyzstan
Nakonde,Zambia
Bharra,India
Teus,India
Kursenai,Lithuania
Lamhadi,Morocco
Neuenhaus,Germany
Daganzo de Arriba,Spain
Clute,United States
Ponte Serrada,Brazil
Mysliborz,Poland
Bischofswerda,Germany
Antsaravibe,Madagascar
Corocoro,Bolivia
Ramareddi,India
Nowa Deba,Poland
Santo Andre,Portugal
Vel'ky Krtis,Slovakia
Cookstown,United Kingdom
Santa Terezinha de Goias,Brazil
Kadwa,India
Sant'Antioco,Italy
Filipstad,Sweden
Coite do Noia,Brazil
Gudibanda,India
Tiszafured,Hungary
Ambato,Madagascar
Isabela,Puerto Rico
Gobardhanpur Kanap,India
Karadichittur,India
Tolna,Hungary
Atlit,Israel
Amayan,India
Freeport,United States
Almoloya,Mexico
Lacarak,Serbia
Alachua,United States
St. Albans,United States
Kumbhari,India
Sirugudi,India
Maghra,India
Mount Vista,United States
Potomac Park,United States
Munhall,United States
Asfour,Algeria
Ngaputaw,Burma
Borshchiv,Ukraine
San Nicolas,Chile
Hajeb el Aioun,Tunisia
Mount Airy,United States
Lambton Shores,Canada
Great Dunmow,United Kingdom
Nueva Helvecia,Uruguay
Delareyville,South Africa
Fair Oaks Ranch,United States
Cottage Grove,United States
Burgau,Germany
Nedumpura,India
Sannicolau Mare,Romania
Svedala,Sweden
Fairview,United States
Epinay-sur-Orge,France
Lubawa,Poland
Memphis,United States
Sao Felix do Araguaia,Brazil
Chalco,United States
Jacinto Machado,Brazil
Valentigney,France
Jiwachhpur,India
Pella,United States
Winterville,United States
Veseli nad Moravou,Czechia
Chinnamandem,India
Santa Clara,United States
Adohoun,Benin
Pama,India
Crestwood,United States
Dinagat,Philippines
Kralendijk,"Bonaire, Sint Eustatius, and Saba"
Snovsk,Ukraine
Uzda,Belarus
Jesenik,Czechia
Ruppichteroth,Germany
Villa Jaragua,Dominican Republic
Opatija,Croatia
Groot-Brakrivier,South Africa
Shelton,United States
North Dumfries,Canada
Altamirano,Mexico
Yelm,United States
Longbenton,United Kingdom
Neo Vouprasio,Greece
Nakayama,Japan
Waggaman,United States
Kilibo,Benin
Usuppur,India
Tnine Sidi Lyamani,Morocco
Bel Air,United States
Partap Tanr,India
Kanur,India
Mittahalli,India
Hanson,United States
Bouhmama,Algeria
Avigliano,Italy
Urcos,Peru
Kraluv Dvur,Czechia
Cadelbosco di Sopra,Italy
Calcoene,Brazil
Plankstadt,Germany
Jilava,Romania
Ouedo-Agueko,Benin
Antardipa,India
Nanticoke,United States
Canapolis,Brazil
Ghattu,India
Blandford Forum,United Kingdom
Felton,United Kingdom
Sabnima,India
Munnuru,India
Khilok,Russia
Hollviken,Sweden
Pires Ferreira,Brazil
Barharia,India
San Ignacio Cohuirimpo,Mexico
Lunca Cetatuii,Romania
Lyakhavichy,Belarus
Aranda,India
Massa Lombarda,Italy
Mantasoa,Madagascar
Kucukkuyu,Turkey
Garrucha,Spain
Bajpe,India
Tubara,Colombia
Bad Wildbad,Germany
Khovaling,Tajikistan
Urucania,Brazil
Killiney,Ireland
Khokri Kalan,India
Kucuk Dalyan,Turkey
Souanke,Congo (Brazzaville)
Sokhodewara,India
East Bradford,United States
Ain Legdah,Morocco
Acari,Brazil
Itarana,Brazil
Le Mars,United States
Diessen am Ammersee,Germany
Mizerov,Czechia
Urrugne,France
Akbarpur,India
Inebolu,Turkey
Bonham,United States
Peschanokopskoye,Russia
Shepton Mallet,United Kingdom
La Maddalena,Italy
Sleepy Hollow,United States
Lake Morton-Berrydale,United States
Monte Dourado,Brazil
Ghoswari,India
Miro Khan,Pakistan
Karpuzlu,Turkey
Lymanka,Ukraine
Ormesson-sur-Marne,France
Dasai,India
Kabira,India
Kurhani,India
Ninheira,Brazil
Werlte,Germany
Worcester,United States
Hondo Valle,Dominican Republic
Ranko,India
Busayra,Jordan
Hoogland,Netherlands
Bohl-Iggelheim,Germany
Murtosa,Portugal
Ironton,United States
Piratininga,Brazil
Iaciara,Brazil
Machulishchy,Belarus
Sarospatak,Hungary
Vellipalaiyam,India
North Lakes,United States
Le Pradet,France
Maida Babhangawan,India
Sonakhal,India
Alcora,Spain
San Gaspar Ixchil,Guatemala
Kombai,India
Kartal,India
Jablanica,Bosnia and Herzegovina
Croissy-sur-Seine,France
Songo,Angola
Chorrocho,Brazil
Jaguari,Brazil
Yacuanquer,Colombia
Sao Joao de Ver,Portugal
Kimpese,Congo (Kinshasa)
Trofarello,Italy
Tenango del Aire,Mexico
Grijo,Portugal
Abergele,United Kingdom
Sirur Tajband,India
Pasil,Philippines
Lejanias,Colombia
Acate,Italy
Nakagawa,Japan
Pingree Grove,United States
Vienna,United States
Bad Iburg,Germany
Rocafuerte,Ecuador
Raghunathpur,India
Bodippatti,India
Pariconia,Brazil
'Ain Fekan,Algeria
Zapotitlan,Guatemala
Lagoa do Mato,Brazil
Reiskirchen,Germany
Kielczow,Poland
Kolarovo,Slovakia
Weingarten,Germany
Sawadah,Egypt
Igny,France
Shampur,India
Tekkattur,India
Jurbarkas,Lithuania
Fairview,United States
Mulungu,Brazil
Porto Firme,Brazil
Lenzburg,Switzerland
Gajiginhalu,India
Nevelsk,Russia
Monroe,United States
Daskasan,Azerbaijan
Catanduvas,Brazil
Tarazona de Aragon,Spain
Kasavanampatti,India
Monsenhor Gil,Brazil
Vouzela,Portugal
Puligunta,India
Ivankiv,Ukraine
Acushnet,United States
Corumba de Goias,Brazil
Teddington,United Kingdom
Bellefontaine Neighbors,United States
Bangshang,China
Flers-lez-Lille,France
Trabia,Italy
Flamanzi,Romania
Ban Ko,Thailand
Koppaka,India
Ambohitromby,Madagascar
Ambolotarakely,Madagascar
Ascope,Peru
Las Matas de Santa Cruz,Dominican Republic
Longuenesse,France
Al Fayd,Morocco
Kien Giang,Vietnam
Palatka,United States
Kamikawa,Japan
Kanagicho,Japan
Puente de Piedra,Costa Rica
Pachauth,India
Maryville,United States
Cachoeira de Minas,Brazil
Sawla,Ghana
Chitaga,Colombia
Loharda,India
Darauli,India
Kuiyibagecun,China
Nave,Italy
Fenglin,Taiwan
Smithville,United States
Muurame,Finland
Don Galo,Philippines
Bellmead,United States
Santa Margarita de Mombuy,Spain
Martensville,Canada
Sihma,India
`Utaybah,Syria
Linluo,Taiwan
Paddhari,India
Usmate Velate,Italy
Mancora,Peru
Ada,Serbia
Niel,Belgium
Sao Jose do Calcado,Brazil
Mathila,India
Little Canada,United States
Chervyen,Belarus
Sabaneta de Yasica,Dominican Republic
Tarabha,India
Heath,United States
Linthicum,United States
Aerzen,Germany
Phaphot,India
Kulrian,India
Secanj,Serbia
Scotchtown,United States
Yoko,Benin
Bir Ben Laabed,Algeria
Parana,Brazil
Sambalhera,India
Hrebinka,Ukraine
Bobrovytsia,Ukraine
Bischofshofen,Austria
Lasht-e Nesha,Iran
Bluffton,United States
Bogalusa,United States
Torpa,India
Madathapatti,India
Marotaolana,Madagascar
Chota Mollakhali,India
Jhonkar,India
Aravelli,India
Montalegre,Portugal
Dospat,Bulgaria
Pallattur,India
Antenetibe,Madagascar
Torotoro,Bolivia
Mario Campos,Brazil
Southwick,United Kingdom
Maevka,Kyrgyzstan
San Juanito,Mexico
Novotroitske,Ukraine
Nordkirchen,Germany
Nagambhotlapalem,India
Mfou,Cameroon
San Isidro,El Salvador
Kakhandiki,India
Weinbohla,Germany
Saint-Gely-du-Fesc,France
Tamarankottai,India
Novaya Lyalya,Russia
Rhar el Melah,Tunisia
Rabta,Algeria
Garag,India
Galena Park,United States
Mapleton,Canada
Cotacachi,Ecuador
Floresta Azul,Brazil
Hericourt,France
Skillounta,Greece
Delhi,United States
Dhilwan,India
New Albany,United States
Tulshia,India
Karukkalvadi,India
Wanderlandia,Brazil
La Virgen,Costa Rica
Simbach am Inn,Germany
Fairmount,United States
Frontera,Argentina
Benedito Novo,Brazil
Recreio,Brazil
Flawil,Switzerland
Sahuria,India
Nahargarh,India
Buttar Khurd,India
Montale,Italy
Rasebetsane,Lesotho
Parczew,Poland
Cedro,Brazil
Xambioa,Brazil
Paittur,India
Standish,United States
Raceland,United States
Tangerhutte,Germany
Simpelveld,Netherlands
Golyaka,Turkey
Malibu,United States
Pierre-Benite,France
Heris,Iran
Naganuma,Japan
Riverdale,United States
Saidia,Morocco
Perur,India
Itzer,Morocco
Shumanay,Uzbekistan
Vargem,Brazil
Caslav,Czechia
Boudouaou el Bahri,Algeria
Neuhausen am Rheinfall,Switzerland
Obuse,Japan
Al Karak,Syria
Lollar,Germany
Steinfeld,Germany
Bagrinagar,India
Okinawa Numero Uno,Bolivia
Kaufering,Germany
Monmouth,United Kingdom
Nallippalaiyam,India
Santiago Chimaltenango,Guatemala
Surinam,Mauritius
Beverly Hills,United States
San Josecito,Costa Rica
Murata,Japan
Plymouth,United States
Morsand,India
Imst,Austria
Heule,Belgium
Ertvelde,Belgium
Cristino Castro,Brazil
Andonabe Atsimo,Madagascar
Yuzhno-Sukhokumsk,Russia
Celic,Bosnia and Herzegovina
Agramonte,Cuba
Marcali,Hungary
Riesi,Italy
Tierra Colorada,Mexico
Aleksandrovsk,Russia
Excelsior Springs,United States
Jimenez,Costa Rica
Bibala,Angola
Court-Saint-Etienne,Belgium
Pocao,Brazil
Angostura,Colombia
Vembur,India
Balwa,India
Samakhiali,India
Yedappalli,India
Kamifurano,Japan
San Ricardo,Philippines
Ban Thung Khao Phuang,Thailand
Usmat Shaharchasi,Uzbekistan
Dehqonobod,Uzbekistan
Nuriston,Uzbekistan
Keila,Estonia
Rajapur,India
Rajapur,India
Paina,India
Rio do Pires,Brazil
Candelaria Loxicha,Mexico
Sadon,Burma
Buriti Alegre,Brazil
Kibichuo,Japan
Delta,Brazil
Bhopalia,India
Naini,India
Adalpur,India
Litomysl,Czechia
Devanakonda,India
Laqraqra,Morocco
La Chapelle-Saint-Mesmin,France
Cullompton,United Kingdom
Krishnamsettipalle,India
Nowe Miasto Lubawskie,Poland
Grinon,Spain
Gudlavalleru,India
Hoki,Japan
Forest Acres,United States
Soledar,Ukraine
Reading,United States
Regidor,Colombia
Likiskiai,Lithuania
Ontario,United States
Chencha,Ethiopia
Tarnok,Hungary
Duraiswamipuram,India
Begampur,India
Ingeniero White,Argentina
Rajpur Kalan,India
La Trinite,France
Milton,United States
Cheat Lake,United States
Ryhope,United Kingdom
Abadou,Morocco
Sweetwater,United States
Bastrop,United States
Presidente Vargas,Brazil
Jesenice,Czechia
Ouolodo,Mali
Wendeburg,Germany
Johvi,Estonia
Coacoatzintla,Mexico
River Grove,United States
Alfredo Wagner,Brazil
Buraan,Somalia
Ban Lueak,Thailand
White Marsh,United States
Saude,Brazil
Folomana,Mali
Las Veredas,Mexico
Ambhua,India
Akseki,Turkey
Fort Meade,United States
Tiruvalam,India
Padiham,United Kingdom
Gelves,Spain
Rokunohe,Japan
Marlton,United States
Espanola,United States
Hulshout,Belgium
Salvatierra de Mino,Spain
Taormina,Italy
Mospyne,Ukraine
Corzuela,Argentina
Budelsdorf,Germany
Balua Rampur,India
Tokigawa,Japan
La Plata,United States
Ambahy,Madagascar
Markt Indersdorf,Germany
Marck,France
Bordj Okhriss,Algeria
Kremiss,Mali
Dali,Cyprus
Al Musayfirah,Syria
Rifle,United States
Hartswater,South Africa
Gommern,Germany
Belao,India
Dighawani,India
Chestnut Ridge,United States
South Lebanon,United States
Itaipe,Brazil
Wepangandla,India
Vaddepalli,India
Santiago Tangamandapio,Mexico
Novodnistrovsk,Ukraine
Lighthouse Point,United States
Dhanwar,India
Hilter,Germany
Gemona del Friuli,Italy
Somers Point,United States
Floresta,Brazil
Holbeach,United Kingdom
Sainte-Savine,France
Vikrutamala,India
Burhia Dhanghatta,India
Little River,United States
Teotlaltzingo,Mexico
Vieux-Conde,France
Ymittos,Greece
Gokce,Turkey
Nova Vodolaha,Ukraine
Macajuba,Brazil
Palestina,Colombia
Nivala,Finland
Kopparam,India
Lakhna,India
Khurmi,Tajikistan
Vermilion,United States
Miribel,France
Valpoy,India
Phai Sali,Thailand
Schleusingen,Germany
Broughton,United Kingdom
Figuig,Morocco
Minanba,Mali
Santiago,Peru
Rockport,United States
Garrison,United States
Braine-le-Chateau,Belgium
Catanduvas,Brazil
Bakwa,India
Da,Mali
Waverly,United States
Lonkly,Benin
Fervedouro,Brazil
Cowes,United Kingdom
El Chol,Guatemala
Silverton,United States
Golden Hills,United States
Catunda,Brazil
Saidapet,India
Birzai,Lithuania
Krasnoilsk,Ukraine
Muquem de Sao Francisco,Brazil
Lamsabih,Morocco
Plaine Magnien,Mauritius
Timra,Sweden
Santa Teresinha,Brazil
Sao Sebastiao da Grama,Brazil
Scaggsville,United States
Southborough,United States
Burton Latimer,United Kingdom
Mochizuki,Japan
Minobu,Japan
Ulft,Netherlands
Thilogne,Senegal
Nova Europa,Brazil
Koth,India
Laukaha,India
Abay,Kazakhstan
Wapienica,Poland
Altenberge,Germany
Sidi Boushab,Morocco
Lowell,United States
Kamthi,India
Dumri,India
Sisai,India
Kaluvaya,India
Balia,India
Manakana,Madagascar
Warr Acres,United States
Dnestrovsc,Moldova
Yesilkoy,Turkey
Antsahadinta,Madagascar
Choyr,Mongolia
Salpazari,Turkey
Le Locle,Switzerland
Pernes-les-Fontaines,France
Eccleston,United Kingdom
Caspe,Spain
Melito di Porto Salvo,Italy
Plattekill,United States
Fatehpur,India
Venganellur,India
Crestline,United States
Altusried,Germany
El Alamo,Spain
Alexandria,United States
Ibiassuce,Brazil
Kiso,Japan
Pine Castle,United States
Klipphausen,Germany
Radyvyliv,Ukraine
Camden,United States
Floha,Germany
Estaimpuis,Belgium
Takon,Benin
Suhr,Switzerland
Labin,Croatia
Gunbarrel,United States
Vashon,United States
Fatehpur,India
Kamalapuram,India
Aulendorf,Germany
Firminopolis,Brazil
Valatt,India
Nagtala,India
Roca Sales,Brazil
Coriano,Italy
Bouderbala,Morocco
Hobart,United States
Flat Rock,United States
Jurbise,Belgium
Salo,Italy
Libanggaon,Nepal
Nahulingo,El Salvador
Garden Acres,United States
Scituate,United States
Waterford,United States
Rawdon,Canada
Bogue,Mauritania
Ciechocinek,Poland
Edwards,United States
Cabestany,France
Treillieres,France
Caudebec-les-Elbeuf,France
Chandera,India
Dona Ines,Brazil
Shenjiaba,China
Braunsbedra,Germany
El Khemis des Beni Chegdal,Morocco
Kragero,Norway
Trat,Thailand
Vetraz-Monthoux,France
Taineste,Morocco
Kalanak,Tajikistan
Prestonpans,United Kingdom
Targu Ocna,Romania
Kingston,Australia
Merzenich,Germany
Grafton,Australia
Scartho,United Kingdom
Machalpur,India
Sudogda,Russia
Waynesville,United States
Corral de Bustos,Argentina
Parempuyre,France
Dinard,France
Telsang,India
Baghin,Iran
Cunha Alta,Portugal
Urai,Brazil
Planalto,Brazil
Villeneuve-les-Maguelone,France
Bradford-on-Avon,United Kingdom
Lake Hiawatha,United States
Valley,United States
Luanco,Spain
Thorigny-sur-Marne,France
Barhi,India
San Vicente,Ecuador
Northfield,United Kingdom
Kotharpettai,India
Kiho,Japan
Prakhon Chai,Thailand
Cadillac,United States
Blackhawk,United States
Opglabbeek,Belgium
Podstrana,Croatia
London,United States
Burgstadt,Germany
Koduru,India
Koffiefontein,South Africa
Plombieres,Belgium
Pyetrykaw,Belarus
Betzdorf,Germany
Cislago,Italy
Ban Ueam,Thailand
Terra Alta,Brazil
Banta,India
Fayzobod,Tajikistan
Masindi Port,Uganda
Alhendin,Spain
Grevesmuhlen,Germany
Hachirud,Iran
Montecchio Emilia,Italy
Hithadhoo,Maldives
Madison Heights,United States
Scottdale,United States
Weilheim an der Teck,Germany
Nideggen,Germany
Anrochte,Germany
Sainkhera,India
Santiago Suchilquitongo,Mexico
Kamianka-Buzka,Ukraine
Fanja',Oman
Bobrynets,Ukraine
Madhopur,India
Velappadi,India
Eriyodu,India
Cuatro Cienegas de Carranza,Mexico
Lemmer,Netherlands
Kangaroo Flat,Australia
Uchoa,Brazil
Narkatpalli,India
Turmanin,Syria
Nieder-Olm,Germany
Jhaua,India
Newport,United States
Puerto Quijarro,Bolivia
Palestina,Ecuador
Tripurantakam,India
Suchanino,Poland
Winchendon,United States
Fair Oaks,United States
Leones,Argentina
Raunds,United Kingdom
Regedor Zavala,Mozambique
Lyons,United States
Santa Clara La Laguna,Guatemala
Ichnia,Ukraine
Jigani,India
Coronel Freitas,Brazil
Matsavaram,India
Dougba,Benin
Ickenham,United Kingdom
Gokinepalle,India
Alacati,Turkey
Constantina,Brazil
Molango,Mexico
East Setauket,United States
Morinville,Canada
Senhora dos Remedios,Brazil
Caem,Brazil
Paramoti,Brazil
Telkapalli,India
Nakasato,Japan
Flowood,United States
Gayaspur,India
Lake Hopatcong,United States
Cholchol,Chile
Versailles,United States
Faradabad,Bangladesh
Steinau an der Strasse,Germany
Jalihalli,India
Nova Dubnica,Slovakia
Valky,Ukraine
Capitolio,Brazil
Truseni,Moldova
Zdzieszowice,Poland
Akim Swedru,Ghana
Paraippatti,India
Sangrampur,India
Spa,Belgium
Belem de Maria,Brazil
Chantepie,France
Wabash,United States
Progress Village,United States
Nossen,Germany
Desuri,India
Nukan,Iran
Fasintsara,Madagascar
Spanish Fort,United States
East Bakersfield,United States
Villers-Cotterets,France
Ban Non Sombun,Thailand
Garden City,United States
Cristina,Brazil
Corfe Mullen,United Kingdom
Pilar,Philippines
Portage,United States
Merces,Brazil
Nalgora,India
Ordubad,Azerbaijan
Wildberg,Germany
Madhopur Hazari,India
Raghunathpur,India
Conceicao da Aparecida,Brazil
Sidi Brahim,Algeria
Phek,India
Douar Echbanat,Morocco
Mankur,India
Sarapui,Brazil
Portes-les-Valence,France
Brumath,France
Colwyn Bay,United Kingdom
Gharyala,India
Sarnen,Switzerland
Haikoucun,China
Puduppatti,India
Ain Beida,Morocco
Nova Olinda,Brazil
Atripalda,Italy
Lima,Paraguay
Brewster,United States
Sussen,Germany
Friedeburg,Germany
Kottapuram,India
Cori,Italy
Northampton,United States
Libante,Benin
Kalgi,India
Bommarbettu,India
Imi Mokorn,Morocco
Wittelsheim,France
Momanpet,India
Corleone,Italy
Namtsy,Russia
Ambalanur,India
Peravali,India
Ortakoy,Turkey
Itabirinha de Mantena,Brazil
Fakirtaki,India
Bassian,India
Taksimo,Russia
Galion,United States
Itri,Italy
Hirnyk,Ukraine
Dan,Benin
Jaguaribara,Brazil
Phulmalik,India
Bonate di Sopra,Italy
Sao Bento do Sapucai,Brazil
Khawaspur,India
Banga,Angola
Irupi,Brazil
Kemin,Kyrgyzstan
Millstone,United States
Villebon-sur-Yvette,France
Kelandis,Indonesia
Barah,Syria
Zhydachiv,Ukraine
Aesch,Switzerland
Blain,France
Siktiahi,India
Hisar,India
Rio do Fogo,Brazil
Neuenstadt am Kocher,Germany
Gourock,United Kingdom
Hirehadagalli,India
Rounia,India
Kiklah,Libya
Nijoni,Tajikistan
La Riche,France
Ravanusa,Italy
Harlau,Romania
Mallan,India
El Refugio,El Salvador
Inkerman,Ukraine
Fairmont,United States
Dario Meira,Brazil
Vellaturu,India
Coroneo,Mexico
Santa Maria de Itabira,Brazil
Maruteru,India
Delportshoop,South Africa
Masanasa,Spain
Srikrishnapur,India
Kiridh,Somalia
Shahrak-e Enqelab,Iran
Tipp City,United States
Maria Pinto,Chile
Brikama Ba,"Gambia, The"
Manikpur,India
Silea,Italy
Mokarrampur,India
Konkavaripalle,India
Canatlan,Mexico
Churapcha,Russia
Itape,Brazil
Cheruvannur,India
Salempur,India
Ganga Sagar,India
Hoek van Holland,Netherlands
Palmeiras,Brazil
Kirchlinteln,Germany
Limoux,France
Forde,Norway
Natonin,Philippines
Karabash,Russia
Sonwan,India
Atessa,Italy
Sao Luis do Paraitinga,Brazil
Tirkha,India
Farmersville,United States
Bowral,Australia
Erlenbach am Main,Germany
Sao Miguel das Matas,Brazil
New Richmond,United States
Geneseo,United States
Shasta Lake,United States
Bogen,Germany
Levanger,Norway
Dabuleni,Romania
Magas,Russia
Fort Oglethorpe,United States
Firou,Benin
Aydarken,Kyrgyzstan
Thanh Phu,Vietnam
Benalla,Australia
Ahogbeya,Benin
Matina,Brazil
Ben Nasseur,Algeria
Amurrio,Spain
Oppatavadi,India
Blumberg,Germany
Ban Dan Na Kham,Thailand
Melres,Portugal
Gagnef,Sweden
Santo Antonio do Jacinto,Brazil
Sao Domingos,Brazil
Qari Kola-ye Arateh,Iran
Osicala,El Salvador
Alvorada do Sul,Brazil
Kirchzarten,Germany
Ratnagiri,India
El Jicaral,Nicaragua
Ananas,Brazil
Pintadas,Brazil
Inhangapi,Brazil
Babhniyawan,India
Sirakoro,Mali
Meerhout,Belgium
Itaueira,Brazil
Vila Franca do Campo,Portugal
Loudoun Valley Estates,United States
Wallaceburg,Canada
Arvorezinha,Brazil
Riano,Italy
Arimalam,India
Hochst im Odenwald,Germany
Villacarrillo,Spain
Stranraer,United Kingdom
Southampton,United States
Ranchos,Argentina
Hameenkyro,Finland
Harsola,India
Dombachcheri,India
Hariana,India
Kamepalle,India
Caracol,Brazil
Karuzi,Burundi
Yadavolu,India
Azamnagar,India
Chong-Aryk,Kyrgyzstan
Teocuitatlan de Corona,Mexico
Etropole,Bulgaria
Arkadelphia,United States
Sao Romao,Brazil
Mildenhall,United Kingdom
Manhattan,United States
Wood River,United States
Blackfalds,Canada
Virginopolis,Brazil
Umbita,Colombia
Augustdorf,Germany
Agua Blanca Iturbide,Mexico
Paris,United States
Francisville,United States
General Salgado,Brazil
Ramchandrapur,India
Rotonda,United States
Solim,India
Qiushanxiang,China
Auhar Sheikh,India
Haspra,Ukraine
Chester,Canada
Riolandia,Brazil
Rodelas,Brazil
Astorga,Spain
Buriti do Tocantins,Brazil
Olbernhau,Germany
Khiram,India
Queens,Canada
Grossburgwedel,Germany
Comstock Park,United States
Moldava nad Bodvou,Slovakia
Maurilandia,Brazil
Jordania,Brazil
Mwaya,Tanzania
Lakkireddipalle,India
Kami-kawabe,Japan
Qanliko`l,Uzbekistan
Valley Center,United States
Trajano de Morais,Brazil
Caparrapi,Colombia
Bel Imour,Algeria
Santa Ines,Brazil
Kangning,China
Goldbach,Germany
Divonne-les-Bains,France
Orkelljunga,Sweden
Birsfelden,Switzerland
Rancho Arriba,Dominican Republic
Kalamula,India
Rubim,Brazil
Appenweier,Germany
Nana,India
Shahar Telpa,India
Boldesti-Scaeni,Romania
Bad Lauterberg,Germany
Apt,France
Locate di Triulzi,Italy
Bonfinopolis,Brazil
Bordj Zemoura,Algeria
Armanaz,Syria
Castelli Calepio,Italy
Lyuboml',Ukraine
Ouroeste,Brazil
Ratauli,India
Castelnovo ne' Monti,Italy
Demmin,Germany
Balaungi,India
Zawal,India
Dalgan,Iran
Vytegra,Russia
Serido,Brazil
Auterive,France
Vilkaviskis,Lithuania
Jordbro,Sweden
Berwick,United States
Guimaraes,Brazil
Santana,Sao Tome and Principe
Ma`raba,Syria
Ekinozu,Turkey
Port Townsend,United States
Lutry,Switzerland
Penarroya-Pueblonuevo,Spain
Broadstone,United Kingdom
Vylgort,Russia
Billdal,Sweden
Srisailain,India
Simarwara Durgapur,India
Miedzychod,Poland
Clay,United States
Arraias,Brazil
Lishuping,China
'Ain Tellout,Algeria
Calasparra,Spain
Mondeville,France
Spitalfields,United Kingdom
Rayen,Iran
Flowery Branch,United States
Cheam,United Kingdom
Hecelchakan,Mexico
Watervliet,United States
Bishopstoke,United Kingdom
Jankampet,India
Arlov,Sweden
Kandrawan,India
Douar Jwalla,Morocco
San Jose de Feliciano,Argentina
Sao Geraldo,Brazil
Sao Carlos,Brazil
Beilngries,Germany
Sant'Agata de' Goti,Italy
Sidi Bou Ali,Tunisia
Bandrele,Mayotte
Sidi Embarek,Algeria
Penn,United States
East Franklin,United States
Ganvie,Benin
Venecia,Colombia
Shirako,Japan
Candelaria,El Salvador
Exeter,United States
Kittery,United States
Itapitanga,Brazil
Oppeano,Italy
Zelenokumsk,Russia
Liberty,United States
San Maurizio Canavese,Italy
Ban Wisit,Thailand
Selkirk,Canada
Saint-Felicien,Canada
Mallapuram,India
Sidi Rahhal,Morocco
Woodlyn,United States
Pfastatt,France
Dora,India
Nanbu,Japan
Potiragua,Brazil
Weil im Schonbuch,Germany
Sotkamo,Finland
Mehdauli,India
Meghaul,India
Peddapuram,India
Loudonville,United States
Tello,Colombia
Aubiere,France
Jeumont,France
Bela,India
Tekkekara,India
Kilminnal,India
Gaunivaripalle,India
Gafour,Tunisia
Alpine,United States
Guadalupe,Brazil
Kauniainen,Finland
Ullur,India
Tabubil,Papua New Guinea
Yazoo City,United States
Emsworth,United Kingdom
Bhikkiwind Uttar,India
Mel Seval,India
Estreito de Camara de Lobos,Portugal
Lenguazaque,Colombia
Gerzat,France
Somireddipalle,India
Mali,India
Highland,United States
Meridianville,United States
Villa Elisa,Argentina
Saudade,Brazil
Appleton,United Kingdom
Jaltocan,Mexico
Indalvai,India
Chivhu,Zimbabwe
Tenente Ananias Gomes,Brazil
Axixa do Tocantins,Brazil
Nazaria,Brazil
Lahstedt,Germany
Morsbach,Germany
Rio Acima,Brazil
Nkurenkuru,Namibia
Oliveira de Frades,Portugal
Carroll,United States
Oignies,France
Tettuppatti,India
Ericeira,Portugal
Fronteiras,Brazil
Pola de Lena,Spain
Jaipur,India
Kut Chap,Thailand
Bolekhiv,Ukraine
Hopetown,South Africa
Westonaria,South Africa
Elkhorn,United States
Konigsbach-Stein,Germany
Chavinda,Mexico
Gohuma Bairia,India
Liminka,Finland
Sint-Lievens-Houtem,Belgium
Maxaranguape,Brazil
Steinen,Germany
Popovaca,Croatia
Shahmirpet,India
Tarar,India
Barai,India
Tawnza,Morocco
Phon Charoen,Thailand
Vernal,United States
Franklin,United States
Querfurt,Germany
Buxerolles,France
Bonito de Santa Fe,Brazil
Cukurca,Turkey
Lonquimay,Chile
Zumaia,Spain
Bougaribaya,Mali
Kulhudhuffushi,Maldives
Fenggeling,China
Puerto Santander,Colombia
Caudete,Spain
Fosses,France
Alberobello,Italy
Jaqueira,Brazil
Launceston,United Kingdom
Nayanagar,India
Murowana Goslina,Poland
Rovinari,Romania
Sao Tiago,Brazil
Baran,Belarus
Badru Khan,India
Induno Olona,Italy
Bueng Khong Long,Thailand
Santa Teresinha (2),Brazil
Vairampatti,India
San Marzano sul Sarno,Italy
Galimuyod,Philippines
Catarina,Brazil
Alcaudete,Spain
Raymondville,United States
Palmacia,Brazil
Lugovoy,Kazakhstan
Waimea,United States
Angelim,Brazil
Vila Muriqui,Brazil
Maheshram,India
Santa Isabel Ishuatan,El Salvador
Jean-Mermoz,Algeria
Khair Khan,India
Oneida,United States
Vellur,India
Sucupira do Norte,Brazil
Goldenstedt,Germany
Kiramangalam,India
Apparaopeta,India
Atoka,United States
Kennett,United States
Fuveau,France
Borgampad,India
Puvalur,India
Marawi,Sudan
Agudos do Sul,Brazil
Bernex,Switzerland
Olifantshoek,South Africa
Santa Maria Madalena,Brazil
Partibanur,India
Glogow Malopolski,Poland
Igarape Grande,Brazil
Minatitlan,Mexico
Gislaved,Sweden
North Bend,United States
Pierrelaye,France
Raibhir,India
Vigasio,Italy
Concordia Sagittaria,Italy
Samux,Azerbaijan
Tangermunde,Germany
Lieksa,Finland
Jitpur,India
Muttam,India
Isola Vicentina,Italy
Akbez,Turkey
Roberval,Canada
Villanueva de Arosa,Spain
Avranches,France
Alleroy,Russia
Potunuru,India
Monte San Juan,El Salvador
Duque Bacelar,Brazil
Luathaha,India
Ahiro,India
Marlton,United States
Benyahia Abderrahmane,Algeria
Koila Dewa,India
Robstown,United States
Sao Miguel de Touros,Brazil
Gengqing,China
Fort Madison,United States
Neo Karlovasi,Greece
Belma,India
Blackwells Mills,United States
Schalksmuhle,Germany
Tha Muang,Thailand
Esperance,Australia
Aizenay,France
Vadakku Ariyanayakipuram,India
Heath,United States
Dangriga,Belize
Algarrobo,Chile
Alella,Spain
Kowary,Poland
Columbia,United States
Safford,United States
Independent Hill,United States
Campo Redondo,Brazil
Santa Maria,Colombia
Multi,India
Nasaud,Romania
Sellersburg,United States
Tanggemu Nongchang,China
Nagasamudram,India
Divisopolis,Brazil
Lystrup,Denmark
Rainbow City,United States
Pantano Grande,Brazil
Duga Resa,Croatia
Kandulapuram,India
Minamiaso,Japan
Moimenta da Beira,Portugal
Charala,Colombia
Ramacca,Italy
Cedartown,United States
Milford,United States
Cedral,Brazil
Ostercappeln,Germany
Tlalixtac de Cabrera,Mexico
New Hyde Park,United States
Varre-Sai,Brazil
Centralina,Brazil
Lemington,United Kingdom
Rideau Lakes,Canada
Vejen,Denmark
Bonthe,Sierra Leone
Medina,Colombia
Porto Esperidiao,Brazil
Dettingen an der Erms,Germany
Alguazas,Spain
Fouesnant,France
Mosquera,Colombia
Miani,India
Ouangani,Mayotte
Hillcrest,United States
Fort Salonga,United States
Kastav,Croatia
Ramannapeta,India
Pintuyan,Philippines
Difficult Run,United States
Oudewater,Netherlands
Canta,Turkey
Birkenfeld,Germany
Munchberg,Germany
Lillers,France
Ellon,United Kingdom
Shakhunya,Russia
Nazyvayevsk,Russia
Navabad,Tajikistan
Chavkandak,Tajikistan
Kazo,Uganda
Rolesville,United States
Sechelt,Canada
Tetela del Volcan,Mexico
Cortes,Brazil
Foz,Spain
Nyazepetrovsk,Russia
Garhi,India
Bosanska Krupa,Bosnia and Herzegovina
Florania,Brazil
Biot,France
Irani,Brazil
Gemerek,Turkey
New Silksworth,United Kingdom
Kottapalem,India
Baragaon,India
Tokunoshima,Japan
Douar Mzoura,Morocco
Zakamensk,Russia
Hermantown,United States
Arataca,Brazil
Eleskirt,Turkey
Al Jazirah al Hamra',United Arab Emirates
Pescaria Brava,Brazil
Phra Pradaeng,Thailand
Narasingam,India
Barahi,India
Rehburg-Loccum,Germany
Carenage,Trinidad and Tobago
La Grange,United States
Sao Jose do Jacuipe,Brazil
Sao Jose do Jacuipe,Brazil
Mirante,Brazil
Souk et Tnine Jorf el Mellah,Morocco
San Blas,Mexico
Gudofredo Viana,Brazil
Carmo do Rio Verde,Brazil
Potosi,Colombia
Venkatapuram,India
Celano,Italy
Randazzo,Italy
Balangkayan,Philippines
Zaleze,Poland
Hazle,United States
Biandanshan,China
Poirino,Italy
Pechea,Romania
Chaungtha,Burma
Nanfang,China
Rudesheim am Rhein,Germany
Carice,Haiti
Csomor,Hungary
Amgachia,India
Jimbolia,Romania
Birao,Central African Republic
Spelle,Germany
Angwali,India
Aliganj,India
Alpena,United States
Pizarra,Spain
Kormend,Hungary
Kothi,India
Darwa,India
Toundout,Morocco
Baker City,United States
Snohomish,United States
Vera Cruz,Brazil
Shirbadgi,India
Halgur,India
Akil,Mexico
Kaynasli,Turkey
Olovo,Bosnia and Herzegovina
Fort William,United Kingdom
Bacioi,Moldova
Chikni,India
Remada,Tunisia
Sax,Spain
Cross Lanes,United States
Akabli,Algeria
Surla,India
Glenwood Springs,United States
Jhakhra,India
Panchi,India
Jandiala,India
Kulundu,Kyrgyzstan
Ajjipuram,India
Pipra Naurangia,India
Bellamkonda,India
Kranuan,Thailand
Svidnik,Slovakia
Ban Bong Tai,Thailand
Alderwood Manor,United States
Molalla,United States
Bela Vista de Minas,Brazil
Canteras,Spain
Seysses,France
Bomporto,Italy
Libertad,Uruguay
Evander,South Africa
Fanzhao,China
Labhgaon,India
Katalpur,India
Korolevo,Ukraine
Roddam,India
Ban Bang Toei,Thailand
Balikumbat,Cameroon
Crespellano,Italy
Biskupiec,Poland
Bargersville,United States
Itapiranga,Brazil
San Pablo,Chile
Astoria,United States
Zelfana,Algeria
Jadupatti,India
Mexicaltzingo,Mexico
Courrieres,France
Bordighera,Italy
Niebull,Germany
Castleton,United Kingdom
Bois-des-Filion,Canada
Rogerstone,United Kingdom
Piedimonte d'Alife,Italy
Toca,Colombia
Bobenheim-Roxheim,Germany
Ambalavao,Madagascar
Coweta,United States
Pabegou,Benin
Vochaiko,Greece
Togamalai,India
Sobral de Monte Agraco,Portugal
Mold,United Kingdom
Morlenbach,Germany
Vutukuru,India
East Rutherford,United States
Sidi Abdelaziz,Algeria
Akhaltsikhe,Georgia
Msila,Morocco
Batan,Argentina
Narot Mehra,India
Shioya,Japan
Higashikagura,Japan
Bleicherode,Germany
Valaparla,India
Ain Zohra,Morocco
Warrenton,United States
Kilkunda,India
Roslyn,United States
South Huntington,United States
Littleton,United States
Maur,Switzerland
Kaza,India
Tiruchchuli,India
Kanteru,India
Telnal,India
Arcola,Italy
Choele Choel,Argentina
Pilar,Philippines
Alkhan-Kala,Russia
El Espinar,Spain
Busca,Italy
Msoga,Tanzania
Lenggries,Germany
Cabries,France
Hackettstown,United States
Ouled Rabah,Algeria
Gakuch,Pakistan
Verkhivtseve,Ukraine
San Diego Country Estates,United States
Whitchurch,United Kingdom
Periyanegamam,India
Mungod,India
Clinton,United States
South Normanton,United Kingdom
Bibbiano,Italy
Ban Pa Hung,Thailand
Prelouc,Czechia
Villasagar,India
San Felice Circeo,Italy
Trumbull Center,United States
Montignies-le-Tilleul,Belgium
Knezha,Bulgaria
Okondja,Gabon
Rignano Flaminio,Italy
Elattur,India
Iizuna,Japan
Filippoi,Greece
Dhanur Kalyanwadi,India
Rathdrum,United States
Siswar,India
Haldipur,India
Aigle,Switzerland
San Vicente de Castellet,Spain
Rompicherla,India
Solindabad,India
Raparla,India
Hire Megalageri,India
Urlati,Romania
Qovlar,Azerbaijan
Potavaram,India
Serebryansk,Kazakhstan
Plaridel,Philippines
Scherpenzeel,Netherlands
Sarkikaraagac,Turkey
Genova,Colombia
Deulgaon Mahi,India
Serra Caiada,Brazil
Neuville-en-Ferrain,France
Bhagirathpur,India
Bilga,India
Kondalahalli,India
Auchel,France
Borim,India
Mawai,India
Doorn,Netherlands
Chernigovka,Russia
Sorsk,Russia
Mazamet,France
Manglur,India
Monaragala,Sri Lanka
San Elizario,United States
Sirigeri,India
Cajapio,Brazil
Parthenay,France
Pocklington,United Kingdom
Belagola,India
Sulagiri,India
Ankily,Madagascar
Eidsberg,Norway
Cody,United States
Novi Grad,Bosnia and Herzegovina
Oggaz,Algeria
Meymand,Iran
Altotting,Germany
Kabatas,Turkey
Binefar,Spain
Granada,Colombia
Rettanai,India
Hipparga,India
Marshall,United States
Visbek,Germany
Nathpur,India
Sedico,Italy
Aroali,India
Rasak,Iran
Ben Qarrich,Morocco
Torre Santa Susanna,Italy
Vaddadi,India
Kalakeri,India
Anandnagar,India
Ardal,Iran
Struer,Denmark
Douchy-les-Mines,France
Corcuera,Philippines
Komorowice,Poland
Gornyak,Russia
Masdi,India
Kondakindi Agraharam,India
Adigappadi,India
Garliava,Lithuania
Marondry,Madagascar
Uchtepa Qishlog'i,Uzbekistan
Bandixon,Uzbekistan
North Glengarry,Canada
Turkan,Azerbaijan
Tavriisk,Ukraine
M'Chouneche,Algeria
Raghunathpur,India
Videle,Romania
Paris,United States
Cordele,United States
Mori,Italy
Budd Lake,United States
Heubach,Germany
Zerizer,Algeria
Daruvar,Croatia
Mashhad Rizeh,Iran
Perumuchchi,India
Parnagua,Brazil
Willstatt,Germany
Pike Road,United States
Madridejos,Spain
Borgo,France
Gambissara,"Gambia, The"
Sycow,Poland
San Simon,El Salvador
Havanur,India
Nizza Monferrato,Italy
Cuapiaxtla de Madero,Mexico
Middleton,United States
Corte Madera,United States
Naftalan,Azerbaijan
Saint-Max,France
Forres,United Kingdom
Chauki Hasan Chauki Makhdum,India
Bou Zemou,Morocco
Nkokonjeru,Uganda
Jomasho`y,Uzbekistan
Shohimardon,Uzbekistan
Rokkasho,Japan
Robore,Bolivia
Le Beausset,France
Machchand,India
Shahpur Chaumukhi,India
Nogliki,Russia
Hull,United States
Williston,United States
Spring Valley Lake,United States
Czarnkow,Poland
Chapel en le Frith,United Kingdom
Talugai,India
Korosavada,India
La Mision,Mexico
South Huron,Canada
Eybens,France
Bardmoor,United States
Sahidganj,India
Guemoukouraba,Mali
Wood-Ridge,United States
Kendallville,United States
Marieville,Canada
Kadaladi,India
Douar Bouchfaa,Morocco
Procida,Italy
Werneck,Germany
Kirkel,Germany
Worsley,United Kingdom
Ekamba,India
Candelaria,El Salvador
Waldwick,United States
Nong Ki,Thailand
Jangalapalle,India
Advi Devalpalli,India
Independence,United States
Erutukada,India
Mellieha,Malta
Murrells Inlet,United States
Villerupt,France
Hardas Bigha,India
Karapa,India
Onan,Japan
Mihqan,Syria
Hillsdale,United States
Mikhaylov,Russia
Rosario,Uruguay
Alexandria,South Africa
Mittenwalde,Germany
Kele,Ethiopia
Padugaipattu,India
Vaals,Netherlands
Korablino,Russia
Kafr Takharim,Syria
Primeiro de Maio,Brazil
Fiuggi,Italy
Airmont,United States
Bingham,United Kingdom
Kilsyth,United Kingdom
Thikriwala,India
Zuidlaren,Netherlands
Kambarka,Russia
Sao Sebastiao do Maranhao,Brazil
Hongliuwan,China
Meuselwitz,Germany
Chichihualco,Mexico
Umarizal,Brazil
Pinczow,Poland
Mengen,Germany
Rath To,Ireland
Eumseong,South Korea
Penetanguishene,Canada
Hozin,Benin
Saladoblanco,Colombia
Kouinine,Algeria
Santa Catarina Masahuat,El Salvador
Malinagar,India
Sapkyo,South Korea
Bieber,Germany
Letychiv,Ukraine
Howell,United States
Naters,Switzerland
Kuroshio,Japan
Ghatawan,India
Novi di Modena,Italy
Khaira,India
Yaotsu,Japan
Roelofarendsveen,Netherlands
Sartana,Ukraine
Beccles,United Kingdom
Mesra,India
Badia Polesine,Italy
Neves,Sao Tome and Principe
Conway,United States
La Leonesa,Argentina
Goytapa,Azerbaijan
Ouedo,Benin
Porangaba,Brazil
Kasba,India
Stropkov,Slovakia
Cairo,United States
Glocester,United States
Mondai,Brazil
Bagalur,India
Antanananivo,Madagascar
Penn Forest,United States
Avelgem,Belgium
Vrnjacka Banja,Serbia
Kidira,Senegal
Swieqi,Malta
East Rockaway,United States
Kwale,Kenya
Ban Bu Sung,Thailand
Burtonsville,United States
Lysa nad Labem,Czechia
Were Ilu,Ethiopia
Sung Noen,Thailand
East Whittier,United States
Radlett,United Kingdom
Jafra,Morocco
Reedsburg,United States
Gudensberg,Germany
Clay Cross,United Kingdom
Dudhpura,India
Shahpur Undi,India
Bara Khurd,India
Chandralapadu,India
Mocharim,India
Alassio,Italy
Rupana,India
Burgum,Netherlands
Abjij,Egypt
Saint-Loubes,France
Soyaux,France
Macerata Campania,Italy
Jiji,Taiwan
Dhamua,India
Calan,Romania
Nyurba,Russia
San Ignacio de Moxo,Bolivia
'Ain Naga,Algeria
Dalawarpur,India
Begijnendijk,Belgium
Schotten,Germany
El Molar,Spain
Verucchio,Italy
Satipo,Peru
Neustadt,Germany
Wahlstedt,Germany
North Petherton,United Kingdom
Sidi Ouassay,Morocco
Shildon,United Kingdom
Rangasamudram,India
Vange,United Kingdom
Avren,Bulgaria
Takahama,Japan
Nishi,Japan
Namorona,Madagascar
Cambridge,United States
Woodburn,United States
Vilyuysk,Russia
Al Hamah,Syria
Brookdale,United States
Chapeltown,United Kingdom
Petmanhalli,India
Taiyur,India
Gauli Palasiya,India
Ciudad Tula,Mexico
Bad Frankenhausen,Germany
Alayor,Spain
Tinkoni,India
Lepakshi,India
Sakuho,Japan
Maywood,United States
Ludlow,United Kingdom
Mikuszowice,Poland
Lipova,Romania
White Horse,United States
Jouamaa,Morocco
Iliatenco,Mexico
Abaiara,Brazil
Masquefa,Spain
Lydney,United Kingdom
Moulay Driss Zerhoun,Morocco
Zaniena,Mali
Nallikodur,India
Sermoneta,Italy
Parilla,Mexico
Bou'nane,Morocco
Suntar,Russia
Vembaditalam,India
Maharajapuram,India
Baldeogarh,India
Volpago del Montello,Italy
Agourai,Morocco
Fairview,United States
Tay,Canada
Houthulst,Belgium
Suthalia,India
Puduparambubhagam,India
Olevsk,Ukraine
Sirugamani,India
Canelli,Italy
Nikaido-kaminoshocho,Japan
Massi,Benin
Gignac-la-Nerthe,France
Hajipur,India
Ganapavaram,India
Castlegar,Canada
Lauterach,Austria
Bela,India
Munagapaka,India
Goito,Italy
Tomboutou,Benin
Panrepatti,India
Lalmunia Munhara,India
Kuchesfahan,Iran
Benemerito,Mexico
Novooleksiivka,Ukraine
Bierbeek,Belgium
Steinhaus,Switzerland
Kaldenkirchen,Germany
Kirundo,Burundi
Loreto,Brazil
Kapuvar,Hungary
Kil Perambalur,India
Ertil,Russia
Dumont,Brazil
La Baneza,Spain
Snezhnogorsk,Russia
Harrison,United States
Hyrum,United States
Ploermel,France
Kingaroy,Australia
Toukoto,Mali
Mstsislaw,Belarus
Alcarraz,Spain
An Nayrab,Syria
Country Club,United States
Belpara,India
Cavan Monaghan,Canada
Valozhyn,Belarus
Ramiriqui,Colombia
Mery-sur-Oise,France
Montignoso,Italy
Huejuquilla el Alto,Mexico
San Ildefonso,El Salvador
Maxeville,France
Dhangaraha,India
Sidi Abdellah Ben Taazizt,Morocco
Pajacuaran,Mexico
San Pedro Huamelula,Mexico
Harqalah,Tunisia
North Gates,United States
Pakka Kalan,India
Silamalai,India
Manahari,Nepal
Cypress Gardens,United States
Juripiranga,Brazil
Cabanaquinta,Spain
Ware,United States
Mengibar,Spain
Couzeix,France
Piedrahita,Ecuador
Dagiapara,India
Willow Street,United States
Strasshof an der Nordbahn,Austria
Platon Sanchez,Mexico
Santa Maria de Palautordera,Spain
Sylva,Russia
Dores de Campos,Brazil
Capodrise,Italy
Tourza,Morocco
Moba,Congo (Kinshasa)
Suaita,Colombia
Zaruma,Ecuador
Senanga,Zambia
La Ferte-sous-Jouarre,France
Villiersdorp,South Africa
Mount Holly,United States
Bad Ems,Germany
Marpingen,Germany
Ainring,Germany
Horbury,United Kingdom
Tiri,India
Amwa Majhar,India
Rio Vista,United States
Harrisonville,United States
Detroit Lakes,United States
Shengping,China
Aniche,France
Kolagallu,India
Soahany,Madagascar
Haider Khel,Pakistan
Krynica,Poland
Tujg,Afghanistan
Boladi,Azerbaijan
Fatikchari,Bangladesh
Puerto America,Bolivia
Mboki,Central African Republic
Gar,China
Ziketan,China
Sola,Cuba
Matagua,Cuba
Morayra,Spain
Rebola,Equatorial Guinea
Pont Sonde,Haiti
Balatonalmadi,Hungary
Haria,Indonesia
Waghai,India
Ghargaon,India
Deh,India
Medarametla,India
Lakshmipuro,India
Palanswa,India
Hanzviur,India
Amsin,India
Muttalakanpatti,India
Karumulaikkal,India
Dhalai,India
Venkatapuram,India
Budwan,India
Khanpur,India
Chhimluang,India
Siddarampuram,India
Reha Mota,India
Paravakkottai,India
Chhatarpur,India
Tharial,India
Dewal Thal,India
Lakshmipuram,India
Fatehgarh,India
Isnapuram,India
Mevani,India
Kerwada,India
Ulipuram,India
Dijmur,India
Kochhor,India
Betnoti,India
Balagam,India
Mangalam,India
Sotik,Kenya
Kargi,Kenya
Kourani,Comoros
Srifa,Lebanon
Chartoun,Lebanon
Qana,Lebanon
Amioun,Lebanon
Ras el Metn,Lebanon
Ed Damour,Lebanon
Butha-Buthe,Lesotho
Ghadamis,Libya
Belavabary,Madagascar
Mahabako,Madagascar
Boanamary,Madagascar
Morafeno,Madagascar
Esira,Madagascar
Sandravinany,Madagascar
Bedidy,Madagascar
Vohitrafeno,Madagascar
Daraina,Madagascar
Masiaboay,Madagascar
Ambatomivary,Madagascar
Ambodisikidy,Madagascar
Ambohimiarivo,Madagascar
Bekodoka,Madagascar
Maroharatra,Madagascar
Ambararatabe,Madagascar
Ambatomifanongoa,Madagascar
Ambohitrambo,Madagascar
Ebelo,Madagascar
Tsararano,Madagascar
Analalava,Madagascar
Lohafary,Madagascar
Vatana,Madagascar
Antsoantany,Madagascar
Ambovonomby,Madagascar
Isahara,Madagascar
Ambodivoara,Madagascar
Vodiriana,Madagascar
Ambohimahazo,Madagascar
Ambodimadiro,Madagascar
Andranambolava,Madagascar
Marosakoa,Madagascar
Amborompotsy,Madagascar
Soavimbahoaka,Madagascar
Erada,Madagascar
Mahabe,Madagascar
Mahabo-Mananivo,Madagascar
Miary-Taheza,Madagascar
Ankadindambo,Madagascar
Antaretra,Madagascar
Betrandraka,Madagascar
Amparihy,Madagascar
Tanamarina,Madagascar
Sahanivotry-Manandona,Madagascar
Andranomenatsa,Madagascar
Ambodimandresy,Madagascar
Anontsibe-Sakalava,Madagascar
Amparihitsokatra,Madagascar
Ambatolava,Madagascar
Ankerana,Madagascar
Sihanamaro,Madagascar
Vinanitelo,Madagascar
Vinanitelo,Madagascar
Ifarantsa,Madagascar
Miarinarivo,Madagascar
Ampasimazava,Madagascar
Vohitany,Madagascar
Vohitsaoka,Madagascar
Andranopasy,Madagascar
Beheloka,Madagascar
Ankirondro,Madagascar
Tamponala,Madagascar
Ambatolahy,Madagascar
Katsepy,Madagascar
Vondrozo,Madagascar
Tanambao-Daoud,Madagascar
Sahatona-Tamboharivo,Madagascar
Beanana,Madagascar
Soatanana,Madagascar
Ampitahana,Madagascar
Anosimparihy,Madagascar
Ambalanjanakomby,Madagascar
Zoma-Bealoka,Madagascar
Jangany,Madagascar
Ianapera,Madagascar
Ambahatrazo,Madagascar
Fanjakana,Madagascar
Mora,Mali
Putao,Burma
China,Mexico
Padang Besar,Malaysia
Zavora,Mozambique
Al Mazyunah,Oman
Surmon Chogga Grong,Pakistan
Basla,Pakistan
Bunji,Pakistan
Ghota Fatehgarh,Pakistan
Setubal,Portugal
Diabougou,Senegal
Koumpentoum,Senegal
Gadoon,Somalia
Corinto,El Salvador
Murgap,Turkmenistan
Kadama,Uganda
Bukomansimbi,Uganda
Xishrov,Uzbekistan
Oyim,Uzbekistan
Ramamangalam,India
Bishunpur,India
Kolno,Poland
Bomareddipalli,India
Fairmount,United States
Czersk Pomorski,Poland
Saint-Pierre-du-Mont,France
Rakhwari,India
Atri,Italy
Melendugno,Italy
Malaya Vishera,Russia
Struthers,United States
Kosching,Germany
Kippax,United Kingdom
Vilpatti,India
Digora,Russia
San Marcos,Costa Rica
Euxton,United Kingdom
Erraballa,India
Paikpara,India
Takad Sahel,Morocco
Birkenau,Germany
Saint-Gregoire,France
Fatehabad,India
Woodbury,United States
Cambridge,United States
Yadwad,India
Monteriggioni,Italy
Marton,United Kingdom
Ketugram,India
Alta,Sweden
Serris,France
Schlitz,Germany
Rangamati,India
Outat Oulad Al Haj,Morocco
Praia do Carvoeiro,Portugal
Stenungsund,Sweden
Salemi,Italy
Barkly East,South Africa
Kapyl,Belarus
Ben N'Choud,Algeria
Fateha,India
Kengarai,India
Pullambadi,India
Chada,India
Dilra,India
Jefferson,United States
Asagi Ayibli,Azerbaijan
Bad Bevensen,Germany
Oldenburg in Holstein,Germany
Inungur,India
Simri,India
Nohfelden,Germany
Galleh Dar,Iran
Leninskiy,Kazakhstan
Mahajjah,Syria
Winfield,United States
Gulyam,India
Hosur,India
Crikvenica,Croatia
Itikalapalle,India
Painal,India
Madhuban,India
Willoughby Hills,United States
Ribadeo,Spain
Sulecin,Poland
Yueyaquan,China
Sweet Home,United States
El Cairo,Colombia
Kanyana,India
Mahalleh-ye Shirinu,Iran
Fort Stewart,United States
Cape Canaveral,United States
Waltenhofen,Germany
Ringkobing,Denmark
Tansandra,India
Columbia City,United States
Hamilton,Australia
Bolsward,Netherlands
Valdobbiadene,Italy
Quinto di Treviso,Italy
Erenler,Turkey
Sao Tome,Brazil
Inami,Japan
Tsuno,Japan
San Nicolas Buenos Aires,Mexico
Barda,Russia
Ivancice,Czechia
Bhawanipur,India
Barano d'Ischia,Italy
Bay St. Louis,United States
Kinnelon,United States
Boundji,Congo (Brazzaville)
Bananal,Brazil
Dumri,India
Mamobihat,India
Casino,Australia
Kottaipatti,India
Gaolingcun,China
Tzucacab,Mexico
West Point,United States
West Glens Falls,United States
Dujiashigou,China
Vegachi,Colombia
Great Missenden,United Kingdom
Erraguntlakota,India
Singera,Moldova
Alpu,Turkey
Tan Son,Vietnam
Cuesmes,Belgium
Trebbin,Germany
Aberaman,United Kingdom
Tokkavadi,India
Hiranai,Japan
Arapgir,Turkey
Rosstal,Germany
Kishunpur,India
Kambaliyampatti,India
Sufian,Iran
Iwashita,Japan
Anama,Brazil
Fenoughil,Algeria
Chakicherla,India
San Calixto,Colombia
Birchington,United Kingdom
Tutzing,Germany
Sagure,Ethiopia
Nairn,United Kingdom
Makale,Indonesia
Sundekuppam,India
Kapasiawan,India
Padinjarebagam,India
Khandsa,India
Bastak,Iran
Bertem,Belgium
Mahem,India
Teplodar,Ukraine
Sankt Andra,Austria
Handsworth,United Kingdom
Tympaki,Greece
Conselve,Italy
Siechnice,Poland
Grosse Pointe Farms,United States
Ettimadai,India
Khuran Milik,India
Kawara,Japan
Souama,Algeria
Saharbani,India
Zaozernyy,Russia
George Mason,United States
Fallston,United States
Vernouillet,France
Koloti,South Africa
Vettweiss,Germany
Anahuac,Mexico
DuPont,United States
Aich,Germany
Lambesc,France
Sorkheh,Iran
Hooglede,Belgium
Great Cornard,United Kingdom
Fil'akovo,Slovakia
Qufadah,Egypt
Araua,Brazil
Torrejon de la Calzada,Spain
Oulad Slim,Morocco
Boca del Rio,Mexico
Roanoke,United States
Vernon,United States
Birni Lafia,Benin
Irakleia,Greece
Puttige,India
Ennamangalam,India
Aboso,Ghana
Cuicatlan,Mexico
Heeze,Netherlands
Cedar Hills,United States
Tamzoura,Algeria
Bhado Khara,India
West Perrine,United States
Payerne,Switzerland
Ban Ngao,Thailand
San Antonio,Costa Rica
Consuegra,Spain
Kamalasai,Thailand
Thi Tran Mau A,Vietnam
Marysville,United States
Colts Neck,United States
Bellavista,Colombia
Saint-Laurent-de-la-Salanque,France
Erquelinnes,Belgium
Caraibas,Brazil
Nariar,India
Fino Mornasco,Italy
P'yongch'ang,South Korea
Kuldiga,Latvia
Pachchampalaiyam,India
Porto Xavier,Brazil
Binfield,United Kingdom
Ocsa,Hungary
Ammanabrolu,India
Gossau,Switzerland
Padilla,Colombia
Marly,France
Green Cove Springs,United States
Balal,India
Coycoyan de las Flores,Mexico
Cilimli,Turkey
Kensington,United States
Ipupiara,Brazil
Dongou,Congo (Brazzaville)
La Sierra,Colombia
Burscough,United Kingdom
Kamdoli,India
Bacliff,United States
East Brandywine,United States
Santa Maria,Brazil
Bagodar,India
Miandasht,Iran
Kraaipan,South Africa
River Vale,United States
Mulungu,Brazil
Beaumont-sur-Oise,France
Telwa,India
Locust Grove,United States
Mora,Spain
La Pointe,Haiti
Akalapura,India
Telpur,India
Kinalur,India
Hingyon,Philippines
Beneditinos,Brazil
Lalganj,India
Khapdeh,India
Bucine,Italy
Santa Clara,Portugal
Morden,Canada
Opochka,Russia
Mission,United States
Altenholz,Germany
Carmaux,France
Brentwood,United States
Karimunjawa,Indonesia
Kalimala,India
Kadrabad,India
Parwaha,India
Verkhniy Tagil,Russia
Grossos,Brazil
Talkhvoncheh,Iran
Farsund,Norway
Frydlant nad Ostravici,Czechia
Paval,India
Vedurupavaluru,India
Kargahia Purab,India
Ban Pong Yaeng Nai,Thailand
Bajwara,India
Sparta,United States
St. Augustine Shores,United States
Bee Ridge,United States
Welkenraedt,Belgium
Dongcha,China
Angalakuduru Malepalle,India
North Versailles,United States
Temiskaming Shores,Canada
Dharmavaram,India
Minnampalli,India
Setubinha,Brazil
Bekkaria,Algeria
Balderton,United Kingdom
Pavittiram,India
Honwada,India
Sant Julia de Loria,Andorra
Barni,India
Varzedo,Brazil
Crigglestone,United Kingdom
Pipraun,India
Mussomeli,Italy
Liskeard,United Kingdom
Pudimadaka,India
Strzelce Krajenskie,Poland
Mandello del Lario,Italy
Manduri,Brazil
Littleport,United Kingdom
Epanomi,Greece
Kunnur,India
Karajgi,India
Chambly,France
San Isidro,Philippines
San Bartolome Perulapia,El Salvador
Polistena,Italy
Olaine,Latvia
Ellisville,United States
Arroyohondo,Colombia
Fuente Palmera,Spain
Volodarsk,Russia
Boufatis,Algeria
Kaunra,India
Vaiano,Italy
Holsbeek,Belgium
Phak Hai,Thailand
Mayfield,United States
Nove Mesto na Morave,Czechia
Sande,Norway
El Metline,Tunisia
Pajaros,Puerto Rico
Glanmire,Ireland
Bharhopur,India
Lomazzo,Italy
Kaith,India
Muskegon Heights,United States
Latifpur,Bangladesh
La Escala,Spain
Zefyri,Greece
Tiszafoldvar,Hungary
Navinipatti,India
Maceira,Portugal
Woodfield,United States
Panjab,Afghanistan
Sursee,Switzerland
Merchweiler,Germany
Baldock,United Kingdom
Suhiya,India
Makaha,United States
Pachalum,Guatemala
Shankarampet,India
Villas,United States
Tonse East,India
San Jose Villanueva,El Salvador
Nenagh,Ireland
Wangi,India
Bilehra,India
Travis Ranch,United States
Salem,United States
Wilsele,Belgium
Huldenberg,Belgium
Dera Baba Nanak,India
Ippagudem,India
Asola,Italy
Brinkmann,Argentina
Siruvalur,India
Urgnano,Italy
Lincoln City,United States
Rodinghausen,Germany
Rochford,United Kingdom
Baghant,India
Jettihalli,India
Miadanandriana,Madagascar
Sturbridge,United States
Koflach,Austria
Worth,United Kingdom
Coello,Colombia
Friedrichsthal,Germany
Suknah,Libya
Gudgeri,India
Namakadu,India
Campi Salentina,Italy
Soulei,Mali
Muthabana,India
Bhadsara,India
Rye Brook,United States
Tutong,Brunei
Le Muy,France
Kadanganeri,India
Kaimati,India
Chintapalle,India
Gurwalia Biswas,India
Mohlanapeng,Lesotho
Hinton,Canada
Itapeva,Brazil
Petorca,Chile
Edenbridge,United Kingdom
Sultanpur,India
Saint-Sauveur,Canada
Vardenik,Armenia
Ankazotsifantatra,Madagascar
Kaiken,Argentina
Ottendorf-Okrilla,Germany
Meldola,Italy
Khrystynivka,Ukraine
Ga-Kgapane,South Africa
Avon Park,United States
Terra de Areia,Brazil
Hosahalli,India
Trancoso,Portugal
Barahra,India
Chupaca,Peru
Margarita,Colombia
Baltara,India
Loudeac,France
Tadiparti,India
Krasnyy Yar,Kazakhstan
Harvard,United States
Alfaro,Spain
Widhwidh,Somalia
Ban Pha Bong,Thailand
Kumcati,Turkey
Oelsnitz,Germany
Reddigudem,India
Nayagaon,India
Ruoqiang,China
Heerlerbaan,Netherlands
Plainville,United States
Qazigund,India
Kanjiza,Serbia
Metsamor,Armenia
Alcorta,Argentina
Ouled Brahim,Algeria
Chegur,India
Ommangi,India
Kushnarenkovo,Russia
San Miguel Siguila,Guatemala
Kisujszallas,Hungary
East Liverpool,United States
Sarkeghat,Nepal
Krzeszowice,Poland
Therwil,Switzerland
Wapakoneta,United States
Levski,Bulgaria
Lajes,Brazil
Succasunna,United States
Palepalli,India
Iwamuro-onsen,Japan
Berd,Armenia
Swan Hill,Australia
Muttattuteruvu,India
Heves,Hungary
Poggio a Caiano,Italy
Ntorosso,Mali
Peru,United States
Jesup,United States
Greencastle,United States
Laakirchen,Austria
Kummersbruck,Germany
Vettaikkaraniruppu,India
Ambodiriana,Madagascar
Ingleside,United States
Lingampet,India
Mahisanrh,India
Geylegphug,Bhutan
Bad Konig,Germany
Majhgawan,India
Tanichchiyam,India
San Carlos Yautepec,Mexico
Nueva Palmira,Uruguay
Paradarami,India
Schwaikheim,Germany
Humlebaek,Denmark
Abram,United Kingdom
Berikai,India
Philipstown,United States
Ciudad de Loreto,Argentina
Aranzazu,Colombia
Nordwalde,Germany
Pliezhausen,Germany
Roche-la-Moliere,France
Sovicille,Italy
Dandoli,Mali
Nhandeara,Brazil
Narasimharajapura,India
Plains,United States
Ilsfeld,Germany
Grigny,France
Pailon,Bolivia
Renaico,Chile
Norosi,Colombia
Fundeni,Romania
Rodynske,Ukraine
Coal,United States
Juru,Brazil
Lanskroun,Czechia
Achchippatti,India
Kadoli,India
Santo Stefano di Magra,Italy
Bisingen,Germany
Altofonte,Italy
Cuencame de Ceniceros,Mexico
Mariluz,Brazil
Tigaon,India
Alamosa,United States
Anjahamana,Madagascar
Fairfield,United States
Voreppe,France
Surir,India
Eerbeek,Netherlands
Kirkland,United States
Hochdorf,Switzerland
Tulin,India
Boriguma,India
Nanzhou,Taiwan
Katarmala,India
Mosjoen,Norway
Tha Mai,Thailand
Cavriago,Italy
Chimay,Belgium
Pluderhausen,Germany
Hansa,India
Veitshochheim,Germany
Dindanko,Mali
Nersingen,Germany
Kharial,India
Kokiladanga,India
Pedda Kotayalanka,India
Itamukkala,India
Kaimuh,India
Shahzadpur,India
Ingre,France
Manubolu,India
Partanna,Italy
Qarabalyq,Kazakhstan
Patsanda,India
Chandankiari,India
Ozieri,Italy
Karghar,India
Vigonovo,Italy
Carregal do Sal,Portugal
Touwu,Taiwan
Tekit,Mexico
Aramari,Brazil
Cachipay,Colombia
Furstenau,Germany
Osthofen,Germany
Tolmezzo,Italy
Picnic Point,United States
Parkes,Australia
Heilsbronn,Germany
Sieverne,Ukraine
Iraiyur,India
Pushpattur,India
Terku Narippaiyur,India
Birpur Barapatti Pindraun,India
Etchojoa,Mexico
Marathon,United States
Mudgee,Australia
Kodivalasa,India
Kamikita-kita,Japan
Bad Liebenzell,Germany
Mirleft,Morocco
College Place,United States
Basso,Benin
Toudja,Algeria
Gangapur Athar,India
Berilo,Brazil
Nisarpur,India
Hesarcheh-ye Pa'in,Iran
Kusugal,India
Bouabout,Morocco
Guia Lopes da Laguna,Brazil
Le Rheu,France
Jixian,China
Pithaura,India
Baragaon,India
Nodinge-Nol,Sweden
Ech Chaibat,Morocco
Erdokertes,Hungary
Amjhar,India
Nagulapadu,India
Castelletto sopra Ticino,Italy
Mogosoaia,Romania
San Vicente,Ecuador
Uniontown,United States
Chavusy,Belarus
Pillaro,Ecuador
Indurti,India
Morrovalle,Italy
Nong Wua So,Thailand
Matadepera,Spain
Caldicot,United Kingdom
Gorha,India
Oulad 'Azzouz,Morocco
Tsarevo,Bulgaria
Serafimovskiy,Russia
Capitola,United States
General Alvear,Argentina
Socota,Colombia
Selfoss,Iceland
DeRidder,United States
Apiuna,Brazil
San Juan del Puerto,Spain
Chuhal,India
Bauska,Latvia
Kouarfa,Benin
Kostrzyn,Poland
Santa Barbara,Venezuela
Frouzins,France
Aurahi,India
Basapatna,India
Pasupatikovil,India
Samabouro,Mali
Pechory,Russia
Sasaima,Colombia
Magstadt,Germany
Nurpur,India
Kalas,India
Jerissa,Tunisia
San Sebastian,Colombia
Vlist,Netherlands
Banino,Poland
London Colney,United Kingdom
Palkot,India
San Vendemiano,Italy
Grey Highlands,Canada
Lorgues,France
Dumri,India
Gangaur,India
Sorab,India
Kinhalu,India
Kalyanpur,India
Paravada,India
Ban Mae Sam Laep,Thailand
Belitsa,Bulgaria
Bernay,France
Kil Valur,India
Keshwari,India
Bergambacht,Netherlands
Honow,Germany
Devikapuram,India
Manushmuria,India
Djangoa,Madagascar
Olmos,Peru
Drezdenko,Poland
Rasht,Tajikistan
Altlandsberg,Germany
Mae O,Thailand
Portet-sur-Garonne,France
Thomaston,United States
Currumbin,Australia
Everswinkel,Germany
Velpuru,India
Imlil,Morocco
Pisac,Peru
Sukhsena,India
Boscotrecase,Italy
Resadiye,Turkey
Altmunster,Austria
Silvarpatti,India
Khathjari,India
Santa Rosa,Brazil
Dangcheng,China
Dangchengwan,China
Hawera,New Zealand
Lobez,Poland
Bukowno,Poland
Tarusa,Russia
Veppattur,India
Kominato,Japan
Pleasant Valley,United States
Ezanville,France
Trescore Balneario,Italy
Bagnolo in Piano,Italy
Aine Draham,Tunisia
Choppington,United Kingdom
Chak That,India
Bag,India
El Roble,Colombia
Kongen,Germany
Cosne sur Loire,France
Pasewalk,Germany
Bockenem,Germany
Bamora,India
Valpovo,Croatia
Ghariyah al Gharbiyah,Syria
Tottington,United Kingdom
Kotli Ablu,India
Gokceada,Turkey
Eagle Point,United States
Jhitkahiya,India
Alagarai,India
Koini,India
Kiban,Mali
Helston,United Kingdom
Ronda Alta,Brazil
Bourg-de-Peage,France
Dodworth,United Kingdom
Charne,India
Gangania,India
Sturovo,Slovakia
Frankfort Square,United States
Nueva Tolten,Chile
San Fernando,Colombia
San Fernando,Colombia
Saint-Lys,France
Bavanat,Iran
Alden,United States
Laubach,Germany
Muddanuru,India
Biei,Japan
Nallamadu,India
Ramnagar Bankat,India
Repatriacion,Paraguay
Quilombo,Brazil
Oberstdorf,Germany
Jalalpur,India
Semri,India
Derazhnia,Ukraine
Oulunsalo,Finland
Neshannock,United States
Sedona,United States
Xincun,China
Immingham,United Kingdom
Manalurpettai,India
Cittanova,Italy
Farako,Mali
Decatur,United States
Urdorf,Switzerland
Valsequillo de Gran Canaria,Spain
Pakri,India
Valantaravai,India
Tesalia,Colombia
Zuyevka,Russia
Ii,Finland
Vnukovo,Russia
Pepinster,Belgium
Bunol,Spain
Rute,Spain
Wolfersheim,Germany
Karankot,India
Perket,India
Sugbongkogon,Philippines
Puerto Tirol,Argentina
Zell am See,Austria
Montemarciano,Italy
Worpswede,Germany
Mahinathpur,India
Barracao,Brazil
Aytre,France
Agatogba,Benin
Wald,Switzerland
Kanchanpur,India
Jaisinghnagar,India
Kattagaram,India
Madera Acres,United States
Pavlikeni,Bulgaria
Figeac,France
Great Billing,United Kingdom
Salkhua,India
Ganguru,India
Pobiedziska,Poland
Ncora,South Africa
Mahomet,United States
Dassel,Germany
Erravaram,India
Kolnur,India
Aramangalam,India
Washington,United States
Guaraciaba,Brazil
Xiba,China
Shepperton,United Kingdom
Fultondale,United States
Gorom-Gorom,Burkina Faso
Dhamsain,India
Mesetas,Colombia
Twist,Germany
Sant'Egidio alla Vibrata,Italy
Fairview,United States
Sankt Johann in Tirol,Austria
Jagatpur,India
Chegurumomadi,India
Grigiskes,Lithuania
Glencoe,New Zealand
Wloszczowa,Poland
Satuluru,India
Shahganj,India
Maisenhausen,Germany
Ambinanintromby,Madagascar
Ghabrah,Syria
Dubliany,Ukraine
Keokuk,United States
Visselhovede,Germany
Giesen,Germany
Tsaramasoandro,Madagascar
Liesveld,Netherlands
Mount Airy,United States
Hacari,Colombia
La Farlede,France
Urlaha,India
Yamaguchi,Japan
Beius,Romania
Puerto Narino,Colombia
Dulce Nombre de Jesus,Costa Rica
Undavalli,India
Dhanwada,India
Hamrun,Malta
Basavilbaso,Argentina
Andrainjato,Madagascar
Fandrandava,Madagascar
Khorol,Russia
Ban Mae Chedi,Thailand
Sirdala,India
Hunasamaranhalli,India
Ribeirao do Largo,Brazil
Ciudad Cuauhtemoc,Mexico
Morrisville,United States
Cobham,United Kingdom
Redentora,Brazil
Sudlohn,Germany
Raynes Park,United Kingdom
Chausa,India
Murungattoluvu,India
Vidor,United States
Tanaina,United States
Arden Hills,United States
Ghusiya,India
Motipur,India
Birzebbuga,Malta
Novgorodskoye,Ukraine
Monett,United States
Semmarikulan,India
Quiculungo,Angola
Calca,Peru
Chadan,Russia
Tyukalinsk,Russia
Bou Nouh,Algeria
Foix,France
Kaithinia,India
Sidi Ahmed El Khadir,Morocco
Bom Jesus da Serra,Brazil
Lagos,Greece
Gambolo,Italy
Non Sung,Thailand
Merville,France
Moyogalpa,Nicaragua
Keansburg,United States
Alto Piquiri,Brazil
Feyzin,France
Rangasamudram,India
San Giorgio del Sannio,Italy
Hetane,Morocco
Middleton,United States
San Pedro,Chile
Shifnal,United Kingdom
Kusumha,India
Hadiaya,India
East St. Paul,Canada
Nova Floresta,Brazil
Sauk Village,United States
Rampur,India
Atlapadu,India
Grand-Couronne,France
Draganesti-Olt,Romania
Chiang Klang,Thailand
Seforong,Lesotho
Karattuppalaiyam,India
Elambalur,India
Zahed Shahr,Iran
Terralba,Italy
Primavera,Brazil
Oberhausen-Rheinhausen,Germany
Sniatyn,Ukraine
Sandy Hook,United States
Oudenburg,Belgium
Ledegem,Belgium
Tayakou,Benin
Bareh,India
Kakkat,India
Tivim,India
Idanha-a-Nova,Portugal
Lisbon,United States
Hartland,United States
Beverly Hills,United States
Moravska Trebova,Czechia
Mahuver,India
Aghbalou Aqourar,Morocco
Carnaubais,Brazil
Mikhaylovsk,Russia
South Amboy,United States
Tellar,India
Panganiban,Philippines
Portland,Australia
Estavayer-le-Lac,Switzerland
Qahjavarestan,Iran
Kem,Russia
New Square,United States
Wijnegem,Belgium
Rafelbunol,Spain
Leguevin,France
Haraiya,India
Aqadyr,Kazakhstan
Haraiya,Nepal
Ayvacik,Turkey
Kottampatti,India
Sundarapandiyam,India
Poggio Renatico,Italy
Zengjia Taizi,China
Zengjiaba,China
Pinos Puente,Spain
Lapanga,India
Lambertville,United States
Skidal',Belarus
Vitorino,Brazil
Wakoro,Mali
Lykovrysi,Greece
Tiruvengadam,India
Ranomafana,Madagascar
Kokologo,Burkina Faso
Periyapuliyur,India
Kannandahalli,India
Vanipenta,India
Croydon,United States
Lovendegem,Belgium
Punnavalli,India
Bararam,India
Belsara,India
Rampura,India
Sovata,Romania
Mount Evelyn,Australia
Saint-Jean-d'Illac,France
Pipra Dewas,India
Atturkuppam,India
Madhubani,India
Sturgeon Bay,United States
Purkersdorf,Austria
Eksjo,Sweden
Poloros,El Salvador
Hemau,Germany
Wadgira,India
Tungavi,India
Genemuiden,Netherlands
Huari,Peru
Cherepanovo,Russia
Ruzayevka,Russia
Chilanga,El Salvador
Sirka,Togo
McCordsville,United States
Imias,Cuba
Asuke,Japan
Zafargarh,India
Para,India
Morehead City,United States
Pai Bigha,India
Butler,United States
Kokoszki,Poland
Neu Bleckede,Germany
Celldomolk,Hungary
Latteri,India
Wittenbach,Switzerland
Belalcazar,Colombia
Saint-Amand-Montrond,France
Gorgab,Iran
Loreto,Philippines
Pakhtaobod,Tajikistan
Litovel,Czechia
Brandis,Germany
Kitee,Finland
Oostzaan,Netherlands
Sigtuna,Sweden
Tarashcha,Ukraine
Grado,Spain
Ban Bueng Kok,Thailand
Santamaguluru,India
Mohdra,India
Malhargarh,India
Velakkuttai,India
Revel,France
Raseiniai,Lithuania
Guifoes,Portugal
Aniva,Russia
Hoeselt,Belgium
Bohechio,Dominican Republic
Savja,Sweden
Kalymnos,Greece
Saint-Vith,Belgium
Jagtial,India
Santo Tomas de los Platanos,Mexico
Pueblo Viejo,Mexico
Canonsburg,United States
Stoneham-et-Tewkesbury,Canada
Ventania,Brazil
Concordia,Colombia
Fuli,Taiwan
Benkovac,Croatia
Lentvaris,Lithuania
Amritpur,Nepal
Radekhiv,Ukraine
Alfred and Plantagenet,Canada
Alberdi,Paraguay
Jennings,United States
Pulluru,India
Pondaluru,India
Perumbalam,India
Ak-Suu,Kyrgyzstan
Jibou,Romania
Makri,India
Piprai,India
Thap Khlo,Thailand
Ban Kang,Thailand
Ingichka,Uzbekistan
Lambeth,United Kingdom
Pindra,India
Crosia,Italy
Lurate Caccivio,Italy
Monki,Poland
Chuy,Uruguay
Saint-Sulpice-la-Pointe,France
Madanpur,India
Dinara,India
Ottappidaram,India
Castellamonte,Italy
Zoudjame,Benin
Tuta,Colombia
Grossrohrsdorf,Germany
Barcs,Hungary
Lindesberg,Sweden
Pathari,India
Sidi Bousber,Morocco
San Gregorio Atzompa,Mexico
Inacio Martins,Brazil
Byalynichy,Belarus
Makhar,India
Donabate,Ireland
Zumarraga,Spain
Tepetlan,Mexico
Montigny-en-Gohelle,France
Parmanpur,India
Laligam,India
Velpuru,India
Bithauli,India
Talachyn,Belarus
Klotze,Germany
Bondues,France
Manrar,India
Langar,Tajikistan
Flossmoor,United States
Huachipato,Chile
Schulzendorf,Germany
San Francisco la Union,Guatemala
Cepin,Croatia
Picture Rocks,United States
Orotina,Costa Rica
Lower Swatara,United States
Bradwell,United Kingdom
Thepaha Raja Ram,India
Reddippatti,India
Pareo,India
Alesd,Romania
Karimpur,India
Kishanpura Kalan,India
Embalse,Argentina
La Celia,Colombia
Canal Winchester,United States
Albert,France
Dundankop,India
Kadriye,Turkey
Sevilla La Nueva,Spain
Pembroke Dock,United Kingdom
Kannamangalam,India
Dahua,India
Monserrat,Spain
Talapalli,India
Salmanshahr,Iran
Hillsborough,United States
Jucurucu,Brazil
Bad Breisig,Germany
Inverell,Australia
Brewer,United States
Barahbatta,India
Darnetal,France
Dandkhora,India
Palmares Paulista,Brazil
Saint-Doulchard,France
Hardia,India
Tiruvambalapuram,India
Konidena,India
Nova Bassano,Brazil
Grimmen,Germany
Dhorgaon,India
Comala,Mexico
Sangonera la Verde,Spain
Ameskroud,Morocco
Lumina,Romania
Cervello,Spain
Tuam,Ireland
Simrol,India
Huittinen,Finland
Mont-Tremblant,Canada
Ikkarai Boluvampatti,India
Tirua,Chile
Akabira,Japan
Delcevo,North Macedonia
Topsham,United States
Glenfield,United Kingdom
Nanjundapuram,India
Kataha,India
Torihama,Japan
Sunbury,United States
Beltangadi,India
Ban Dong Mada,Thailand
Ban Lao Yao,Thailand
Segorbe,Spain
Fron,Norway
Hockley,United Kingdom
Bendrahalli,India
Piploda,India
Kathurah,India
San Lorenzo della Costa,Italy
Pereshchepyne,Ukraine
Venecia,Costa Rica
Fernan-Nunez,Spain
Adamankottai,India
Sidi El Hattab,Morocco
Burlington,United States
Hohenhameln,Germany
Bhagsar,India
Santa Ana,Venezuela
Matawan,United States
Tabernes Blanques,Spain
Broni,Italy
Argelato,Italy
Racconigi,Italy
Cerkes,Turkey
Brownsville,United States
Sallaumines,France
Aldenham,United Kingdom
Kranidi,Greece
Godhra,India
Madari Hat,India
South Strabane,United States
Filadelfia,Colombia
Huntington,United Kingdom
Vysokyi,Ukraine
Corro de Vall,Spain
Dobre Miasto,Poland
El Haouaria,Tunisia
Tiptree,United Kingdom
Bochaha,India
Banska Stiavnica,Slovakia
Lancon-Provence,France
Kudowa-Zdroj,Poland
Pinhel,Portugal
Walker Mill,United States
Wertingen,Germany
Gundi,India
Nambutalai,India
Uracoa,Venezuela
Kushijima,Japan
Boujediane,Morocco
Colonia Nicolich,Uruguay
Campo Ere,Brazil
Colmenarejo,Spain
Shyroke,Ukraine
Aweitancun,China
Miltenberg,Germany
Sigatoka,Fiji
Middletown,United States
Bala Cynwyd,United States
Narpes,Finland
Csorna,Hungary
Sabangan,Philippines
Villarrubia de los Ojos,Spain
Anantpur,India
Bilaspur,India
Masku,Finland
Tuzluca,Turkey
Port Elgin,Canada
Flexeiras,Brazil
Nowy Dwor Gdanski,Poland
Saint-Zotique,Canada
Basse-Goulaine,France
Tadhwa Nandpur,India
Babhantoli,India
Widnau,Switzerland
Neuville-les-Dieppe,France
Datori,Benin
Caernarfon,United Kingdom
Boves,Italy
Saint-Raymond,Canada
Judenburg,Austria
Caldas de Reyes,Spain
Karadka,India
Masar,India
Kfar Aabida,Lebanon
Wladyslawowo,Poland
Bowen,Australia
Rampur,India
Epalinges,Switzerland
Gandlapenta,India
Haripur,India
Mangalam,India
Douar Lehouifrat,Morocco
Muyinga,Burundi
Thogaduru,India
Kirlampudi,India
Tila,Mexico
Cuprija,Serbia
Tottenham,Canada
Mooresville,United States
Dasso,Benin
Mortagua,Portugal
Orange Cove,United States
Crosne,France
Yazikonak,Turkey
Dessel,Belgium
Sangyuan,China
Postojna,Slovenia
Sannicandro di Bari,Italy
Branquinha,Brazil
Guateque,Colombia
Bhawanandpur,India
Nakaechi,Japan
Gateway,United States
Gibsons,Canada
Eschenbach,Switzerland
Palu,Turkey
Hochberg,Germany
Hindoli,India
Fredonia,United States
Nurobod Shahri,Uzbekistan
Winchester,United States
Ogdensburg,United States
Khesht,Iran
Lititz,United States
Bethel,United States
Yalaguina,Nicaragua
Targu Frumos,Romania
Balsamo,Brazil
Petua,India
Psychiko,Greece
Dobhawan,India
Has,Syria
Xicotencatl,Mexico
Sabinanigo,Spain
Gonikoppal,India
Chavuttahalli,India
Ban Nam Dip Luang,Thailand
Ehringshausen,Germany
Chilpur,India
Trzebiatow,Poland
Ferros,Brazil
Kudayattur,India
Agoue,Benin
Soanpeta,India
Majali,India
Orange Lake,United States
Sulibele,India
Casaluce,Italy
Wiang Sa,Thailand
Greenville,United States
Henderson,Argentina
Luckau,Germany
Pachhapur,India
Banaso,India
Sarahs,Turkmenistan
Wielsbeke,Belgium
Boxley,United Kingdom
Enkakad,India
Ratnahalli,India
Ekma,India
Puduppattanam,India
Cingoli,Italy
Shiyuan,China
Rellivalasa,India
Talavadi,India
Ramree,Burma
Perumbalai,India
Pagidyala,India
Avanashipalaiyam,India
Lizzano,Italy
Aucamville,France
Vasilika,Greece
Hlinsko,Czechia
Ratne,Ukraine
Lago Ranco,Chile
Gamharia,India
Photharam,Thailand
Country Club Estates,United States
Silver City,United States
Petrolina de Goias,Brazil
Villa Aldama,Mexico
Mohelnice,Czechia
Parur,India
Cuervos,Mexico
Fauske,Norway
Ban Wiang Ka Long,Thailand
Sarmera,India
Jaisinghnagar,India
Cesa,Italy
Zorneding,Germany
Sanampudi,India
Greenwood,United States
Aire-sur-la-Lys,France
Gawan,India
Terkhed,India
Ittikelakunta,India
Ghomrassen,Tunisia
Molbergen,Germany
Aschheim,Germany
Kochgawan,India
Mae Rim,Thailand
Middletown,United States
Nandamuru,India
Karczew,Poland
Daulatpur,India
Sitebe,South Africa
North College Hill,United States
Maliano,Spain
Savignano sul Panaro,Italy
Sorbolo,Italy
Szubin,Poland
San Sebastian de la Gomera,Spain
Baretha,India
Oulad Amor,Morocco
Borogani,Moldova
Surany,Slovakia
Chansolme,Haiti
Kayyngdy,Kyrgyzstan
Browns Mills,United States
La Paz,Argentina
Xiada,China
Toging am Inn,Germany
Avalurpet,India
Adesar,India
Mianpur Dubauli,India
Nieuwleusen,Netherlands
Louisville,United States
Koranampatti,India
Traversetolo,Italy
Phangnga,Thailand
Palankottai,India
Bisaria,India
Paranacity,Brazil
Semri,India
Zymohiria,Ukraine
Vares,Bosnia and Herzegovina
Parauli,India
Virapandiyanpattanam,India
Dombarovskiy,Russia
Leers,France
Kamargani,India
Dumra,India
Vemulanarva,India
Senmanat,Spain
Saldus,Latvia
Wepener,South Africa
Herkimer,United States
Port Perry,Canada
Cacimbinhas,Brazil
Nazira,India
Ivangorod,Russia
Bladensburg,United States
Kondaparti,India
Fontoura Xavier,Brazil
Audenge,France
Ekalbehri,India
Bridge City,United States
Sirsa,India
Vardhamankota,India
Amherst,Canada
Teixeira Soares,Brazil
Burela de Cabo,Spain
Saint-Remy-de-Provence,France
Gobindpura,India
Dakpatthar,India
Kannulu,India
Sangi,India
Cape Elizabeth,United States
Salehpur,India
Atmakur,India
Arrapalli,India
Fitampito,Madagascar
Fishersville,United States
Igrim,Russia
Elizabethtown-Kitley,Canada
Cunday,Colombia
Thikri,India
Dabhaura,India
Naruar,India
Harding,South Africa
Oakland,United States
Litchfield Beach,United States
Rauco,Chile
Canoas,Costa Rica
Berchha,India
Gangadhar,India
Paso Canoas,Panama
Kadikoy,Turkey
Claymont,United States
Chita,Colombia
Bjarred,Sweden
Perols,France
Dodarasinakere,India
Conselice,Italy
Lototla,Mexico
Nieuw-Lekkerland,Netherlands
El Cacao,Dominican Republic
Lescar,France
Qorveh,Iran
Minakshipuram,India
Kanhai,India
Udburu,India
Capitan Mauricio Jose Troche,Paraguay
Esopus,United States
Listowel,Canada
Kakamas,South Africa
Sebnitz,Germany
Khundawandpur,India
Volterra,Italy
Mama Khel,Afghanistan
Padul,Spain
Newburn,United Kingdom
Navani,India
Ekhari,India
Khaspur,India
Mechanicsburg,United States
Maravilha,Brazil
Saint-Jean-le-Blanc,France
Rombas,France
Jalkaura,India
Piedras Blancas,Spain
Cervera,Spain
Barskoon,Kyrgyzstan
Chanal,Mexico
Ban Phan Chali,Thailand
Helena Valley Southeast,United States
South Abington,United States
Kaikaram,India
Vatakemuri,India
Menzel Kamel,Tunisia
Jianshi,Taiwan
Jinshui,Taiwan
Rampur Rajwa,India
Crystal Beach,Canada
Pagqen,China
Pedra Badejo,Cabo Verde
Cuellar,Spain
Somvarpet,India
Yamakita,Japan
Tounfafi,Niger
Mallampalli,India
Falam,Burma
Santa Rosa del Penon,Nicaragua
Dombasle-sur-Meurthe,France
Dar Si Aissa,Morocco
Barwadih,India
Madhopur,India
Castel Bolognese,Italy
Grinnell,United States
Santa Maria,Argentina
Arques,France
Kourimat,Morocco
Ankadimanga,Madagascar
Raun,India
Sroda Slaska,Poland
La Reina,El Salvador
Itasca,United States
Belmont,United States
Vallet,France
Cuorgne,Italy
Ivins,United States
Atari,India
Tadworth,United Kingdom
Burayevo,Russia
Byarozawka,Belarus
Manbazar,India
Valaiyampattu,India
Paharpur,India
Girard,United States
Countryside,United States
Farsala,Greece
Pryor Creek,United States
Aguia Branca,Brazil
Bad Gandersheim,Germany
Llantwit Major,United Kingdom
Nikel,Russia
Runkel,Germany
Madhura,India
Shevington,United Kingdom
Tlahualilo de Zaragoza,Mexico
Basco,Philippines
Oil City,United States
Smiths Falls,Canada
Castelfranco di Sopra,Italy
St. Anthony,United States
Janapul,India
Seybaplaya,Mexico
Sztum,Poland
Adivala,India
Byureghavan,Armenia
Sendamangalam,India
Oulad Chbana,Morocco
Salcea,Romania
Amityville,United States
Ban Nong Tong,Thailand
Anaconda,United States
Kalladai,India
Sabaoani,Romania
Bluefield,United States
Sikandarpur,India
Manchenahalli,India
Rampur Parhat,India
Oosterwolde,Netherlands
Llagostera,Spain
Khagam,India
Vandam,Azerbaijan
Trovagunta,India
Nittenau,Germany
Beauchamp,France
Vaprio d'Adda,Italy
Bougou,Benin
Kujri,India
Anjukulippatti,India
Tomah,United States
Olivares,Spain
Garlasco,Italy
Coamo,Puerto Rico
Wagner,Brazil
Dhantola,India
Arenapolis,Brazil
Onverwacht,South Africa
Pleasant Grove,United States
Lorraine,Canada
Sonsoro,Benin
Bisignano,Italy
Muh Hasan,Syria
Jingjiazhuang,China
Bagor,India
Nathana,India
Ranigaon,India
Mangrawan,India
Ngaparou,Senegal
Tambura,South Sudan
Bulisa,Uganda
Clarksville,United States
L'Isle-Jourdain,France
Habo,Sweden
Dagbe,Benin
Muddada,India
Gaada,Morocco
Fochville,South Africa
Saint-Barthelemy-d'Anjou,France
Szigetvar,Hungary
Ilami,India
Devmaudaldal,India
Aliabad,Azerbaijan
Pedro Luro,Argentina
Bom Principio,Brazil
Luchow,Germany
Sokotindji,Benin
Tixter,Algeria
Baghduma,India
Kaithwar,India
Valtoha,India
Kanchanadit,Thailand
Quincy-sous-Senart,France
Miastko,Poland
Saltsjobaden,Sweden
Madhuban Bediban,India
Karath,India
Mehdipur,India
Pokrovske,Ukraine
Springs,United States
Richmond Heights,United States
Astorp,Sweden
Ramara,Canada
Mentone,United States
Maizal,Dominican Republic
Narayanraopet,India
Hesarghatta,India
Malaudh,India
Katigang,India
Nadimpalem,India
Chevy Chase,United States
Florence,United States
Woodway,United States
Deh-e Shu,Afghanistan
Ekchari,India
Viralimalai,India
Parsons,United States
Nova Veneza,Brazil
Tamentit,Algeria
Bures-sur-Yvette,France
Eidson Road,United States
Solsona,Spain
Tepperumalnallur,India
Durgi,India
Terrace Heights,United States
Oakwood,United States
Zwenkau,Germany
Elne,France
Corella,Philippines
Periya Pattanam,India
Zhangping,China
Rochelle,United States
Ohrdruf,Germany
Gudalur,India
Bimun,India
Zawyat Sidi al Mekki,Morocco
Sabana Grande,Puerto Rico
Palamos,Spain
Molagavalli,India
Lugoff,United States
Highfields,Australia
Santa Maria Jacatepec,Mexico
Kisslegg,Germany
Berlin,United States
Rain,Germany
Brierfield,United Kingdom
Musapur,India
Malaimachchampatti,India
Israna,India
Sundarsi,India
Ban Krot,Thailand
Cekerek,Turkey
LaSalle,United States
Notre-Dame-des-Prairies,Canada
New Mills,United Kingdom
Anan'evo,Kyrgyzstan
Puszczykowo,Poland
The Village,United States
Elurpatti,India
Asahni,India
Berkine,Morocco
Marne,India
Alawalpur,India
Casca,Brazil
Savenay,France
Cherasco,Italy
Kobeliaky,Ukraine
Bull Mountain,United States
Leeds and the Thousand Islands,Canada
Uppur,India
Denyekoro,Mali
Nehoiu,Romania
Rockcreek,United States
Koufalia,Greece
Halen,Belgium
Quixabeira,Brazil
Wilkau-Hasslau,Germany
Tonneins,France
Inole,India
Brockton,Canada
Cambira,Brazil
Costesti,Romania
Syurte,Ukraine
Perg,Austria
Bitton,United Kingdom
Gangapur,India
Oakbrook,United States
Arenys de Munt,Spain
Legnaro,Italy
Jacinto City,United States
Monmouth Junction,United States
Mareno di Piave,Italy
Halls,United States
Borzna,Ukraine
Madeira,United States
Gold,India
Ban Sathan,Thailand
Kerap,India
Shahrak-e Ja`fariyeh,Iran
Dolianova,Italy
Beckett Ridge,United States
Lucon,France
West Manheim,United States
Laurentian Valley,Canada
Idumbavanam,India
Narsingi,India
Bijeraghogarh,India
Steger,United States
Nort-sur-Erdre,France
Khawad,India
Erikolam,India
Guney,Turkey
Kadanadu,India
Sidi Abdallah,Morocco
Cicevac,Serbia
Negrine,Algeria
Kommuru,India
Gonghaur,India
Tissaf,Morocco
Dachengzicun,China
Novi Banovci,Serbia
Deruta,Italy
Wau,Papua New Guinea
Jisrayn,Syria
Werneuchen,Germany
Raitar,India
Tavarede,Portugal
Bilenke,Ukraine
Jantho,Indonesia
Monnickendam,Netherlands
Rorschach,Switzerland
Hohr-Grenzhausen,Germany
Hailey,United States
Tarmount,Algeria
Dhanga,India
Kankanalapalle,India
Fairfield,United States
Ashland,United States
Grosshansdorf,Germany
Pipra,India
Ilsenburg,Germany
Assi-Ben Okba,Algeria
Had Dra,Morocco
Wasilla,United States
Villacanas,Spain
Danesfahan,Iran
Borovskoy,Kazakhstan
Ban Bang Phlap,Thailand
Villa Canas,Argentina
Wiener Neudorf,Austria
Banikane,Mali
San Juanito de Escobedo,Mexico
Chewara,India
Mizhhiria,Ukraine
Teisendorf,Germany
Newmarket,United States
Aidlingen,Germany
Celtik,Turkey
Berezivka,Ukraine
Harlakhi,India
Rasol,India
Ghosrawan,India
Saidoke,India
Sgamna,Morocco
Huinca Renanco,Argentina
Swanage,United Kingdom
Medleri,India
Abra Pampa,Argentina
Lerici,Italy
Ban San Pong,Thailand
Khanpur Khairanti,India
Bairiya,India
Soubakaniedougou,Burkina Faso
Catral,Spain
Elurupadu,India
Santa Monica,Philippines
Odobesti,Romania
Ahus,Sweden
Hertzogville,South Africa
Carneirinho,Brazil
Aurahi,India
Dibraghani,India
Vadakethara,India
Ghanipur Bejha,India
Osterburg,Germany
Bray,United Kingdom
Basni,India
Alma,United States
Mono,Canada
Ipiranga do Piaui,Brazil
Budalur,India
Anjehalli,India
Naurhiya,India
Barrington,United States
Andergrove,Australia
Braslaw,Belarus
Embrach,Switzerland
Sadiqpur Maraul,India
Bendarhalli,India
Simarbani,India
Sivamalai,India
Estrela d'Oeste,Brazil
Jawasa,India
Bobil,India
San Francisco Libre,Nicaragua
An Chau,Vietnam
Sarpamari,India
Nirna,India
Barga,Italy
Chaplynka,Ukraine
Mezobereny,Hungary
Iawar,India
Khari,India
Cavriglia,Italy
Bystrzyca Klodzka,Poland
Charter Oak,United States
Mokrisset,Morocco
Carqueiranne,France
Muhammadganj,India
Kasba Tanora,Morocco
Halacho,Mexico
Ngoc Son,Vietnam
Sa Pa,Vietnam
Dharir,India
Tha Maka,Thailand
Dunblane,United Kingdom
Kallayi,India
Mohanpur,India
Yaxley,United Kingdom
St. Stephens,United States
Benbutucun,China
San Giovanni in Marignano,Italy
Gumusova,Turkey
Bastrop,United States
Anisio de Abreu,Brazil
Obernkirchen,Germany
Kovilpatti,India
Siano,Italy
Bellinzago Novarese,Italy
Southside,United States
Chahar Borj-e Qadim,Iran
Elmas,Italy
San Juan Bautista,Guatemala
Voitsberg,Austria
Ichenhausen,Germany
Hani i Elezit,Kosovo
Danau Kandimarg,India
Ramdeora,India
Altdorf,Switzerland
Ponneri,India
Mutis,Colombia
Kandel,Germany
Thames Ditton,United Kingdom
Hayle,United Kingdom
Ehningen,Germany
Ramkali,India
Recco,Italy
Tecklenburg,Germany
Pettampalaiyam,India
Dushanove,Kosovo
Pfedelbach,Germany
Devarapalle,India
Uppalaguptam,India
Piombino Dese,Italy
Kapelle-op-den-Bos,Belgium
Makamba,Burundi
Hohenmolsen,Germany
Negrete,Chile
Umbrete,Spain
Singhana,India
Taisar,India
Hazrat Shiura,India
Rokietnica,Poland
Saint-Philbert-de-Grand-Lieu,France
Resana,Italy
Hsenwi,Burma
Novopskov,Ukraine
Schlangen,Germany
Magnago,Italy
Cetraro,Italy
Sint Willebrord,Netherlands
Makariv,Ukraine
Capriolo,Italy
Tazarka,Tunisia
North Mimms,United Kingdom
Vempatti,India
Jamunamukh,India
Ja`fariyeh,Iran
Ukwa,India
Gaurdah,India
Cutro,Italy
Kolkwitz,Germany
Horsell,United Kingdom
Verkhneyarkeyevo,Russia
Angola,United States
Sutton,United States
Adelsdorf,Germany
Kadimetla,India
Kungsangen,Sweden
Nepi,Italy
Grigoriopol,Moldova
San Lorenzo,Puerto Rico
Curepto,Chile
Rhosllanerchrugog,United Kingdom
Manchester,United States
Marvast,Iran
Karkamis,Turkey
Sao Jorge d'Oeste,Brazil
Jhabrera,India
Sarakkayhalli,India
Cermenate,Italy
Kharagbani,India
Kakarati,India
Acton,Canada
Dornstadt,Germany
San Giorgio di Piano,Italy
Dymka,Ukraine
Zhongguancun,China
Haapsalu,Estonia
Rangapuram,India
Ait Touil,Morocco
Tirubhuvane,India
Heiligenhafen,Germany
Tocina,Spain
Broadwater,United Kingdom
Pumalakkundu,India
Bakharia,India
Foum Jam'a,Morocco
Topoloveni,Romania
Ripoll,Spain
Clermont-l'Herault,France
Ukhai Purbari Patti,India
Douar Oulad Bouziane,Morocco
Pustomyty,Ukraine
Helotes,United States
Coral Hills,United States
Sierning,Austria
Madaya,Syria
Fallon,United States
Pau Brasil,Brazil
Elsenfeld,Germany
Mega,Ethiopia
Hamira,India
Barjhar,India
Zacualpan de Amilpas,Mexico
Hathaura,India
Chhapera,India
Ecatzingo,Mexico
Puig,Spain
Santa Maria de Cayon,Spain
Tivat,Montenegro
Langnau,Switzerland
Rehau,Germany
Tandarampattu,India
Baisuhalli,India
Roxborough Park,United States
Barahpur,India
Langhnaj,India
Shahr-e Majlesi,Iran
Punta Indio,Argentina
Jarville-la-Malgrange,France
Tiruvaduturai,India
Muppalla,India
Taouloukoult,Morocco
Eemnes,Netherlands
Denham Springs,United States
Sebastiao Laranjeiras,Brazil
Le Passage,France
Tadangam,India
Taouz,Morocco
Opalenica,Poland
Indianola,United States
Maraial,Brazil
Miajadas,Spain
Mirjaveh,Iran
Tassera,Algeria
Wilnecote,United Kingdom
Ubbergen,Netherlands
Bagchini,India
Mahalgaon,India
Ntchisi,Malawi
Lesquin,France
Robertson,South Africa
Bayaram,India
Kirangur,India
Awans,Belgium
Magny-les-Hameaux,France
Lutterworth,United Kingdom
Chinnampalaiyam,India
Ruffano,Italy
Finestrat,Spain
Gore,Ethiopia
Orlu,Nigeria
Queensferry,United Kingdom
Sherborne,United Kingdom
Asudapuram,India
Igarata,Brazil
Chilmil,India
Tiztoutine,Morocco
Olekminsk,Russia
Chiman,India
Palhano,Brazil
Qutubpur,India
Oravita,Romania
Modra,Slovakia
Freystadt,Germany
Muro del Alcoy,Spain
Suan,Colombia
Barpathar,India
Kalaikunda,India
Laanoussar,Morocco
Oulad Imloul,Morocco
Dubrovytsya,Ukraine
Ladhuka,India
San Agustin de las Juntas,Mexico
Yezhi,China
Polegate,United Kingdom
Chandwara,India
Bhogapuram,India
Lago Vista,United States
Sankt Valentin,Austria
Pirpirituba,Brazil
Vesele,Ukraine
Frodsham,United Kingdom
Parol,India
Doctor Arroyo,Mexico
Bolokhovo,Russia
Minano,Japan
Diamondhead,United States
Hastings,United States
Rum,Austria
Nattakkadaiyur,India
Redon,France
Katuria,India
Takkali,India
Torrinha,Brazil
Agua Branca,Brazil
Mallappadi,India
Santa Teresa di Riva,Italy
Macomer,Italy
Blachownia,Poland
Ban Khi Lek,Thailand
Sheffield,United States
Nagyatad,Hungary
Moore,United States
Havre,United States
Tres Rios,Costa Rica
San Lorenzo de Descardazar,Spain
Manteswar,India
Kesli,India
Nulivedu,India
Sainte-Julienne,Canada
Southport,United States
Chinnakkavundanur,India
Boddikurapadu,India
Jaffar Khanpet,India
Dowlatabad,Iran
Wehrheim,Germany
Molsheim,France
Harpur,India
Tarawan,India
Pelagor,India
Tleta Taghramt,Morocco
Samdrup Jongkhar,Bhutan
Sujapur,India
Vanzago,Italy
Gatteo,Italy
Chupinguaia,Brazil
Sosale,India
Kaleybar,Iran
Zafferana Etnea,Italy
Concepcion,Philippines
Moskovskiy,Russia
Bordj Mokhtar,Algeria
Lubuagan,Philippines
Pesca,Colombia
Wallerfangen,Germany
Borna,India
Hasanpura,India
Nagayalanka,India
Kopong,Botswana
Lac des Oiseaux,Algeria
Unao,India
Telkathu,India
Kalvarpatti,India
Oued Essalem,Algeria
Santa Comba,Spain
Maihma Sarja,India
Jahangirpur Salkhani,India
La'tamna,Morocco
St. Francis,United States
Peixe,Brazil
Baisa,India
Moisei,Romania
Timmapuram,India
Zawyat Sidi Ben Hamdoun,Morocco
Boali,Central African Republic
Shanhur,Egypt
Vallendar,Germany
La Victoria de Acentejo,Spain
Rudraprayag,India
Janpur,India
Mohammad Yar,Iran
San Pablo Huixtepec,Mexico
Imielin,Poland
Chianki,India
Ouled Rached,Algeria
Irthlingborough,United Kingdom
Ralla,India
Pangunattam,India
Bang Khla,Thailand
Studenka,Czechia
San Sebastian,Puerto Rico
Nor Hachn,Armenia
Welwyn,United Kingdom
Rupahi,India
Lunner,Norway
Chesapeake Ranch Estates,United States
Laurens,United States
Sadarak,Azerbaijan
Weissenthurm,Germany
Schaafheim,Germany
Choix,Mexico
Quirino,Philippines
Bohemia,United States
Eisenberg,Germany
Tiana,Spain
Nogent-le-Rotrou,France
Shimizu,Japan
Nove Mesto nad Metuji,Czechia
Hualane,Chile
Frickenhausen,Germany
Patchur,India
Mariyadau,India
Khajuri,India
Satravada,India
Qualicum Beach,Canada
Severance,United States
Sanger,United States
Ochsenhausen,Germany
Hagondange,France
Pasraha,India
Kalachinsk,Russia
Yuryevets,Russia
San Jose Guayabal,El Salvador
Leonia,United States
Elhovo,Bulgaria
Draksharama,India
Uranganpatti,India
Quakertown,United States
Conde-sur-l'Escaut,France
Mumaradikop,India
Barros Cassal,Brazil
Pica,Chile
Honganur,India
Xinpi,Taiwan
Porto de Pedras,Brazil
Rosario do Catete,Brazil
Isua,India
Magdalena,Argentina
Wunsiedel,Germany
Bo`z,Uzbekistan
Riverdale,United States
Shende,Ethiopia
Hardeeville,United States
Kanajanahalli,India
Khandaich,India
Ikeda,Japan
Jackson,United States
Bridgeport,United States
Malahide,Canada
Perwez,Belgium
Modavandisatyamangalam,India
Kharahara,India
Gassino Torinese,Italy
Titu,Romania
Poienile de sub Munte,Romania
Haiku-Pauwela,United States
Gibsonville,United States
Juprelle,Belgium
La Jigua,Honduras
Dahi,India
Milajerd,Iran
Saumalkol,Kazakhstan
Kruszwica,Poland
Betania,Colombia
Asarhi,India
Suzdal,Russia
Jandaira,Brazil
Valreas,France
Marano Vicentino,Italy
Lagunia Raghukanth,India
Kollankulam,India
Mont-Saint-Martin,France
Kunnattur,India
Uppalapadu,India
Analaroa,Madagascar
Sariz,Turkey
Mabeskraal,South Africa
Wohleiberg,Switzerland
Binisalem,Spain
Cisterniga,Spain
San Pancrazio Salentino,Italy
Ban Bo Phlap,Thailand
Ilvesheim,Germany
Salzhemmendorf,Germany
Kemberg,Germany
Bagnara Calabra,Italy
Herculandia,Brazil
Sauzal,Spain
Chicholi,India
Moldova Noua,Romania
Nakhon Thai,Thailand
East Stroudsburg,United States
Pozo Almonte,Chile
Bad Schussenried,Germany
Palomares del Rio,Spain
Villa de Guadalupe,Mexico
Blanchard,United States
Washington,United States
Tisnov,Czechia
Coleford,United Kingdom
Majhariya,India
Bhachhi,India
Altun Kawbri,Iraq
Nakoushi,Japan
Chornobaivka,Ukraine
Urbach,Germany
Gomaringen,Germany
Kiato,Greece
Thakurainia,India
Kurort Steinbach-Hallenberg,Germany
Bhadran,India
Almagro,Philippines
Warren,United States
Livron-sur-Drome,France
Kiskunlachaza,Hungary
Abuzar-e Ghaffari,Iran
Gaggiano,Italy
Nakao,Japan
Mascota,Mexico
Skwierzyna,Poland
Bruchhausen-Vilsen,Germany
Belley,France
Anandpur,India
Gainrha,India
Teplohirsk,Ukraine
Woodbury,United States
Goldach,Switzerland
Torgelow,Germany
Deokali,India
Charlotte,United States
Joghtay,Iran
Petersberg,Germany
Le Cres,France
Rajapudi,India
Punnaikkayal,India
Macedon,United States
Oppicherla,India
Guneysinir,Turkey
Delta,United States
Sene,France
Pappampatti,India
Niederhasli,Switzerland
Tlahuiltepa,Mexico
Alukkuli,India
Chilakhana,India
Padinska Skela,Serbia
Newfane,United States
Bewdley,United Kingdom
Kuvshinovo,Russia
Ouistreham,France
Piru,India
Rampur,India
Eunice,United States
Ain el Hadjar,Algeria
Douar Oulad Sidi Moussa,Morocco
Smithville,United States
Barei,Benin
Rinopolis,Brazil
Piamonte,Colombia
Killamarsh,United Kingdom
Riscani,Moldova
Walworth,United States
Empedrado,Argentina
Itiki,India
Barnaon,India
Bilozerka,Ukraine
Middlesborough,United States
Waldfeucht,Germany
Aljustrel,Portugal
Bojaca,Colombia
Paray-le-Monial,France
Pedda Tumbalam,India
Lahfayr,Morocco
Las Tablas,Panama
Risaralda,Colombia
Granada,Colombia
Bad Liebenwerda,Germany
Zavitinsk,Russia
Borgholzhausen,Germany
Elze,Germany
Towcester,United Kingdom
Pasian di Prato,Italy
Augusta,United States
Pine Lake Park,United States
Ganaram,India
Algun,India
Samalpur,India
Kudelstaart,Netherlands
Schubelbach,Switzerland
San Jose La Arada,Guatemala
Douar Ezzerarda,Morocco
San Fructuoso de Bages,Spain
Gandikunta,India
Vittuone,Italy
Manzanares el Real,Spain
Bendapudi,India
Katteragandla,India
Rensselaer,United States
Sitanagaram,India
Ratangarh,India
Matar,India
Ban Son Loi,Thailand
Capilla del Senor,Argentina
Diouna,Mali
Sandpoint,United States
Bethalto,United States
Smoline,Ukraine
Mels,Switzerland
Ahmadpur,India
Harbatpur,India
Loria,Italy
Otumba,Mexico
Chunakhali,India
Montescaglioso,Italy
Sidi Bounaga,Morocco
Madhopur,India
Talata-Angavo,Madagascar
Chala,Peru
Fatao,Mali
Barleben,Germany
Montlhery,France
Iarpur,India
Raipur Buzurg,India
Kawai,Japan
Romang,Argentina
Bandio,Niger
Gooik,Belgium
Zoubiria,Algeria
Mamidipalli,India
Aranya Kalan,India
Nutakki,India
Shawano,United States
Momchilgrad,Bulgaria
Mirante da Serra,Brazil
Tanamarina-Sakay,Madagascar
Brooksville,United States
Conshohocken,United States
Tasso,Benin
Juraqan,Iran
Palm Beach,United States
Plymouth,United States
Kahla,India
Sugar Grove,United States
Oakville,United States
Nossa Senhora Aparecida,Brazil
Sandalpur,India
Bahabad,Iran
Rethen,Germany
Giardini,Italy
Neuenkirchen,Germany
Stevenston,United Kingdom
Karsaut,India
Vallapuram,India
McFarland,United States
Brugnera,Italy
Ryki,Poland
Philippeville,Belgium
Carrillos,Costa Rica
Bowdon,United Kingdom
Kondrukota,India
Vaikuntam,India
Castelleone,Italy
Zaggota,Morocco
Stillwater,United States
San Fausto de Campcentellas,Spain
Milnrow,United Kingdom
Kaujalgi,India
Kesap,Turkey
La Bruyere,Belgium
Sao Domingos,Brazil
Fazendinha,Brazil
Bom Jesus do Norte,Brazil
Hlyboka,Ukraine
I-n-Amenas,Algeria
Baia da Traicao,Brazil
Evian-les-Bains,France
Kondayampalaiyam,India
Merrill,United States
Kalavryta,Greece
Jajireddigudem,India
Oromocto,Canada
Bude,United Kingdom
Shannon,Ireland
Lakkavaram,India
Gudimulakhandrika,India
Borja,Paraguay
Cabo Rojo,Puerto Rico
Southwick,United States
Freetown,United States
Baluntaicun,China
Gandhwani,India
Badagabettu,India
Vallahbhapuram,India
Gangaura Behra,India
Ventnor City,United States
Hooper,United States
Japaratinga,Brazil
Antonio Dias,Brazil
Mejillones,Chile
Capbreton,France
Inverigo,Italy
Park Ridge,United States
Helena-West Helena,United States
Chaponost,France
Badnor,India
Nonea,India
Saraunja,India
Kandiyankovil,India
Salisbury,United States
Launaguet,France
Ottapparai,India
Swamimalai,India
Neman,Russia
Riverside,United States
Waldheim,Germany
Le Teich,France
Ghattupal,India
Sholaqqorghan,Kazakhstan
Melgaco,Portugal
Babadag,Romania
Nong Kung Si,Thailand
Chesterfield,United States
Kharika,India
Kodakkal,India
Castrolibero,Italy
Qarqaraly,Kazakhstan
Caracuaro,Mexico
Kannavam,India
Blackstone,United States
Commerce,United States
Crozet,United States
Pudukkottai,India
Pong Nam Ron,Thailand
Bestensee,Germany
Jambukuttaippatti,India
Chokkalingapuram,India
Badanahatti,India
Ban Kham Pom,Thailand
Pohrebyshche,Ukraine
Waseca,United States
Alsbach-Hahnlein,Germany
Brandon,United Kingdom
Surak,Iran
Covasna,Romania
Chechen-Aul,Russia
Villamediana de Iregua,Spain
Dhamnod,India
Lukovit,Bulgaria
Brockworth,United Kingdom
Golbaf,Iran
Falan,Colombia
Bad Laer,Germany
Guichen,France
Belaya Glina,Russia
Arlesheim,Switzerland
Cullercoats,United Kingdom
Rutland,United States
Vadavalam,India
Irungalur,India
Had Laaounate,Morocco
Gnarrenburg,Germany
Loeches,Spain
Mudhol,India
Gothurutha,India
Ramayipatti,India
Xalqobod,Uzbekistan
Qorovulbozor,Uzbekistan
Marlboro Village,United States
Araujos,Brazil
Laheji,India
Edeleny,Hungary
Paredes de Coura,Portugal
Landivisiau,France
Damargidda,India
Une,Colombia
Ville-la-Grand,France
Jamhra,India
Susari,India
Valkurti,India
Washington Terrace,United States
La Cruz,Costa Rica
Kodigenahalli,India
Hickam Housing,United States
Whitecourt,Canada
San Lorenzo,El Salvador
Glenshaw,United States
Nowra,Australia
Tenedla,Algeria
Leichi,China
Muli,India
Vignate,Italy
Ban Chang Phuak,Thailand
Altenbeken,Germany
Stovring,Denmark
Cobanlar,Turkey
Chalkari,India
Shirguppi,India
Jogaili,India
Mamidipalli,India
Elsfleth,Germany
Tibana,Colombia
Tepe-Korgon,Kyrgyzstan
As Sidrah,Libya
Tilehurst,United Kingdom
Chikkala,India
Sewa,India
Santa Maria Ajoloapan,Mexico
Samashki,Russia
Keuruu,Finland
Aberbargoed,United Kingdom
Olds,Canada
Jagannadapuram,India
Himmatpura,India
Rajepur,India
Sukkampatti,India
Suwannaphum,Thailand
Keskin,Turkey
Roux,Belgium
Canela Baja,Chile
Laufenburg (Baden),Germany
Hirehalli,India
Cusseta,United States
Clayton,United Kingdom
Guntramsdorf,Austria
Harpur Bhindi,India
Richmond Heights,United States
Cerro Grande,Brazil
Arceburgo,Brazil
Galten,Denmark
Madepalli,India
Nelali,India
Horr-e Riahi,Iran
Kagalnik,Russia
Waterford,United States
Hacine,Algeria
Budhma,India
Nashtifan,Iran
Taghbalt,Morocco
Mound,United States
Perkasie,United States
Dorverden,Germany
Itapebi,Brazil
Ussel,France
Bryans Road,United States
Makow Mazowiecki,Poland
Murfatlar,Romania
Toccoa,United States
Gorseinon,United Kingdom
Onchan,Isle of Man
Gudalur,India
Oulad Khallouf,Morocco
Jerez de los Caballeros,Spain
Waiuku,New Zealand
Ban Wat Chan,Thailand
Seven Corners,United States
Mahopac,United States
Marale,Honduras
Bangaon,India
Matelica,Italy
Ban Yaeng,Thailand
Ecorse,United States
Verdejante,Brazil
Xiangping,China
Xiangpingcun,China
Salsitz,Germany
Zinkiv,Ukraine
Monte Rico,Argentina
Trittau,Germany
Maidencreek,United States
Cuetzala del Progreso,Mexico
Boekenhouthoek,South Africa
Dommasandra,India
Wa,Mali
Corumbaiba,Brazil
Imilchil,Morocco
Stonegate,United States
Yvoir,Belgium
Abalessa,Algeria
Les Sorinieres,France
Irshava,Ukraine
Gadabay,Azerbaijan
Reggiolo,Italy
Zabalj,Serbia
Beauraing,Belgium
Ifigha,Algeria
La Matanza de Acentejo,Spain
Op,India
Talnique,El Salvador
Domokos,Greece
Sampgaon,India
Banbhag,India
Bariariya Tola Rajpur,India
University of Virginia,United States
Entre Ijuis,Brazil
Halgeri,India
North Codorus,United States
Gualaquiza,Ecuador
Middlebury,United States
Sungal,India
Pilikodu,India
Hostivice,Czechia
Karis,Finland
Wysokie Mazowieckie,Poland
Aiea,United States
La Ravoire,France
Amfilochia,Greece
Fateh Nangal,India
Zupanja,Croatia
Imotski,Croatia
Coolum Beach,Australia
Piripa,Brazil
Grunheide,Germany
Barwell,United Kingdom
Morubagalu,India
Anjur,India
Narayanpur,India
Incline Village,United States
Cachoeira dos Indios,Brazil
Rivesaltes,France
Belakvadi,India
Elsmere,United States
Buenopolis,Brazil
Cavalcante,Brazil
Chinnayagudem,India
Felino,Italy
Lavis,Italy
Razanj,Serbia
Santiago de La Frontera,El Salvador
Old Orchard Beach,United States
Al Bardiyah,Libya
Zacapoaxtla,Mexico
Sangeorgiu de Mures,Romania
Merrydale,United States
Forestdale,United States
Fairfield Glade,United States
Grossbeeren,Germany
Sansa,India
Gondizalves,Portugal
Ust'-Nera,Russia
Sabie,South Africa
Glens Falls North,United States
Veinticinco de Diciembre,Paraguay
Jessup,United States
Mangasamudram,India
O'Hara,United States
Aliquippa,United States
Biblis,Germany
Maserada sul Piave,Italy
Hawthorn Woods,United States
Des Peres,United States
Japura,Brazil
Dielheim,Germany
Niesky,Germany
Eurajoki,Finland
Santa Lucia di Piave,Italy
Kaithahi,India
Damu,India
Sibkund,India
Nerinjippettai,India
Weare,United States
Penkridge,United Kingdom
Solita,Colombia
Cajvana,Romania
Dallas,United States
Lagbe,Benin
Pleternica,Croatia
Dihri,India
Bhargaon,India
Copceac,Moldova
Stony Brook University,United States
Willowbrook,United States
Huron East,Canada
Obukhivka,Ukraine
Pepillo Salcedo,Dominican Republic
Guano,Ecuador
Stotfold,United Kingdom
Gavirate,Italy
Ipuiuna,Brazil
Bezliudivka,Ukraine
Tecoh,Mexico
Ban Wang Krachae,Thailand
Cajobi,Brazil
Ciudad Insurgentes,Mexico
Westampton,United States
Malingaon,India
Cherniakhiv,Ukraine
Lopatcong,United States
Dazhuangzi,China
Nurmes,Finland
Haddington,United Kingdom
Govindapalle,India
Yenmangandla,India
Malalbergo,Italy
Lanta,Benin
Basudebpur,India
Mokri,India
Hampstead,United States
Chillicothe,United States
Auerbach,Germany
Boulder Hill,United States
San Manuel Chaparron,Guatemala
Masera di Padova,Italy
Jandola,Pakistan
Harrodsburg,United States
Denekamp,Netherlands
Umburetama,Brazil
Sandiacre,United Kingdom
Amatlan de los Reyes,Mexico
Raipur,India
Chitrada,India
Nandiyalam,India
Peresecina,Moldova
Olesno,Poland
Rothrist,Switzerland
Guatape,Colombia
El Molino,Colombia
Tettu,India
Pokotylivka,Ukraine
Dayton,United States
Piranguinho,Brazil
Palocabildo,Colombia
Breckerfeld,Germany
Arico el Nuevo,Spain
Shanklin,United Kingdom
Dodji-Bata,Benin
Bamaiya Harlal,India
Killimangalam,India
Groenlo,Netherlands
Hilzingen,Germany
Kongnolli,India
Pencoed,United Kingdom
Alawandi,India
Kaglipur,India
Mwaline al Oued,Morocco
Gretna,United States
Lake Mohawk,United States
Sauce,Argentina
Phagu,India
Sihali Jagir,India
Eshkanan,Iran
San Jorge,El Salvador
San Jorge,El Salvador
Kyritz,Germany
Kuduru,India
Istrana,Italy
Velykyi Bychkiv,Ukraine
Nechmeya,Algeria
Alajarvi,Finland
Dumri,India
Pattiswaram,India
Sunset Hills,United States
Mainaschaff,Germany
La Cienaga,Dominican Republic
Zeydabad,Iran
Fujisawacho-niinuma,Japan
Tunari,Romania
Montes Altos,Brazil
Ledbury,United Kingdom
Andre Fernandes,Brazil
Miryal,India
Odayarpatti,India
Tilmi,Morocco
Zarbdor Shaharchasi,Uzbekistan
Bogota,United States
Herenthout,Belgium
Carmen de Carupa,Colombia
Prabhat Pattan,India
Flemington,Australia
Mendig,Germany
Uchti,India
Satghara,India
San Zenon,Colombia
Tekpanja,India
Govindapuram,India
Rebordosa,Portugal
Steynsrus,South Africa
Grants,United States
Kod,India
Kottapalem,India
Chaukhata,India
Datian,India
Belek,Turkey
Nalbach,Germany
Oborniki Slaskie,Poland
Omutinskiy,Russia
Cresskill,United States
Governador Archer,Brazil
Usworth,United Kingdom
Gok,India
Hirske,Ukraine
Katakwi,Uganda
Ouedeme,Benin
Consaca,Colombia
Guryongpo,South Korea
Absecon,United States
Rada Tilly,Argentina
Rincao,Brazil
Rondon,Brazil
Lamorlaye,France
Ambara,India
Crawford,United States
Chotebor,Czechia
Tineo,Spain
Douglas,United States
Futami,Japan
Sogam,India
Coatetelco,Mexico
Little Falls,United States
Rockingham,United States
Sarkad,Hungary
Kenar,India
Zeerust,South Africa
Mount Pleasant,United States
Suances,Spain
Davuluru,India
Nagaoki,Japan
Bonnievale,South Africa
Campamento,Colombia
Calamar,Colombia
Bemarivo,Madagascar
Logatec,Slovenia
Ouaregou,Burkina Faso
Portlethen,United Kingdom
Koila Belwa,India
Yeldurti,India
Greytown,South Africa
Marinka,Ukraine
Dasaut,India
Hokur Badasgom,India
Umreth,India
Haripura,India
Gadzhiyevo,Russia
Springfield,United States
Paraparaumu Beach,New Zealand
Zorbig,Germany
Bimawan,India
Kozuchow,Poland
Dorogobuzh,Russia
Mauji,India
Yui,Japan
Pawlowice,Poland
Majhaulia,India
Periyamuttur,India
Tuscumbia,United States
New Scotland,United States
Essen,Germany
Bougival,France
Hussepur,India
Daita,India
Jemaat Oulad Mhamed,Morocco
Velampatti,India
Brejao,Brazil
Bageshwar,India
Riverside,United States
Beuvry,France
Andiyappanur,India
Benahavis,Spain
Dinnington,United Kingdom
Mirzanagar,India
Banaruyeh,Iran
Kanasanapalle,India
Gurmia,India
Carignano,Italy
Jamunia,India
Ban Tha Phra,Thailand
Scionzier,France
Mendicino,Italy
Karayilan,Turkey
Pontardulais,United Kingdom
Suganwan,India
Fiumefreddo di Sicilia,Italy
Jumla,Nepal
Kirchberg,Switzerland
Mosciano Sant'Angelo,Italy
Notodden,Norway
Sibilia,Guatemala
Pedda Mupparam,India
Marai Kalan,India
Sinaia,Romania
Luis Gomes,Brazil
Hagaranahalli,India
Sergiyevsk,Russia
Mbuzini,South Africa
Tuskegee,United States
Hook,United Kingdom
Fatehpur Bala,India
Nykobing Mors,Denmark
Sarzeau,France
Viravada,India
Gidha,India
Bernalillo,United States
Ghat Borul,India
Alampur,India
East Grand Forks,United States
Chalastra,Greece
Chandpur,India
Vinhais,Portugal
Carregado,Portugal
Puttai,India
Orte,Italy
Amal,Sweden
Berndorf,Austria
Adjido,Benin
Iquira,Colombia
Kawara,Niger
West Athens,United States
Berching,Germany
Venkatadripalem,India
Oggiono,Italy
Ewo,Congo (Brazzaville)
Neuotting,Germany
Campobello di Licata,Italy
Hampstead,United States
Orange Park,United States
Wenzenbach,Germany
Sarauni,India
Kings Grant,United States
Wollert,Australia
Nova Paka,Czechia
Grabels,France
Escaudain,France
Saraiya,India
Uppugunduru,India
Booneville,United States
Mendon,United States
Tarhjicht,Morocco
Strehaia,Romania
Bansko,Bulgaria
Magny-le-Hongre,France
Wadhraf,Tunisia
Almusafes,Spain
Vert-Saint-Denis,France
Joigny,France
Tala,India
Lacchiarella,Italy
Lapeer,United States
Micco,United States
Townsend,United States
Sao Francisco,Brazil
Januario Cicco,Brazil
Udarband,India
Ayanikkad,India
Bocaiuva do Sul,Brazil
Salto Grande,Brazil
Bonhill,United Kingdom
Lanark,United Kingdom
Fehrbellin,Germany
Montoro,Spain
Leppavirta,Finland
Kegen,Kazakhstan
Colac,Australia
Prados,Brazil
Intich'o,Ethiopia
Mohon,France
Manoke,India
Sanatoga,United States
La Florida,Colombia
Mamnur,India
Borgosatollo,Italy
Poiana Mare,Romania
Lynwood,United States
Clinton,United States
Khasbalanda,India
Abu Khashab,Syria
Livno,Bosnia and Herzegovina
Banire Kore,Mali
Mostyska,Ukraine
Citrus Hills,United States
Tadla,Morocco
Janhapara,India
Fossombrone,Italy
Andilana Avaratra,Madagascar
Altinova,Turkey
Economy,United States
Podenzano,Italy
Santa Sylvina,Argentina
Tomblaine,France
Leven,United Kingdom
Warkan,India
Dadrewa,India
Ban Ngio Ngam,Thailand
Newark,United States
Fuldabruck,Germany
Grenade,France
Charakunda,India
Monteroni d'Arbia,Italy
Corona de Tucson,United States
Krichim,Bulgaria
Kusterdingen,Germany
Neuried,Germany
Iijima,Japan
Yenice,Turkey
Meridiala,Mali
Beregadougou,Burkina Faso
Aadorf,Switzerland
Tajpur,India
Villa Castelli,Italy
Tiburon,United States
Roztoky,Czechia
Adami Tulu,Ethiopia
Gohi Bishunpur,India
Harleysville,United States
Ksar Belezma,Algeria
Nagykallo,Hungary
Westerland,Germany
Poisy,France
Fontaine-les-Dijon,France
Porto Tolle,Italy
Oak Grove,United States
Furtwangen im Schwarzwald,Germany
Dunbar,United Kingdom
Rice Lake,United States
Dharampur,India
Monticello Conte Otto,Italy
Nanzhuang,Taiwan
Velyki Luchky,Ukraine
Nhan Trach,Vietnam
Kurichedu,India
Kannal,India
Katsuyama,Japan
Sint-Martens-Lennik,Belgium
Rampur Khajuriya,India
Pivnichne,Ukraine
Coqueiral,Brazil
Reinfeld,Germany
Breuillet,France
Ampasimpotsy-Gara,Madagascar
Ceelbuur,Somalia
Benton Harbor,United States
Cheste,Spain
Sahapur,India
Manatuto,Timor-Leste
Craig,United States
East Nottingham,United States
Reshetylivka,Ukraine
Beckwith,Canada
Blairgowrie,United Kingdom
Cupar,United Kingdom
Nadol,India
Bockhorn,Germany
Kaniwara,India
Mali,India
Foiano della Chiana,Italy
Hohenbrunn,Germany
Moman Barodiya,India
San Francisco,Honduras
San Ignacio,Costa Rica
Mandishah,Egypt
Babai Kalan,India
Ban Wang Pradu,Thailand
Karliova,Turkey
Cape St. Claire,United States
Coronel Du Graty,Argentina
Oakengates,United Kingdom
Lakhna,India
Dhauni,India
Madhurapur,India
Aplao,Peru
Estanzuelas,El Salvador
Narsingi,India
Basdeopur,India
Hatti Mattur,India
Summit View,United States
Audubon,United States
Treia,Italy
Akat Amnuai,Thailand
Mburucuya,Argentina
Meltham,United Kingdom
Harua,India
Kaeng Khro,Thailand
Labrador City,Canada
Moranha,India
West Donegal,United States
Kasane,Botswana
Hemmoor,Germany
Caxias,Portugal
Mishrikot,India
Burgos,Philippines
Yarmouth,United States
Perondi,Albania
Lake Park,United States
Rafard,Brazil
Venturina,Italy
Omurtag,Bulgaria
Chanco,Chile
Chanco,Chile
Kambaneri Pudukkudi,India
Tha Luang,Thailand
Madhavaram,India
Crvenka,Serbia
Vuktyl,Russia
Lo Miranda,Chile
Diabugu,"Gambia, The"
Jangalapalli,India
Urpaar,India
Lohara,India
Ugamedi,India
Tikar,India
Ain el Mediour,Morocco
Chitcani,Moldova
Maropaika,Madagascar
Morafeno,Madagascar
Soamahamanina,Madagascar
Ambodivoanio,Madagascar
Tsimafana,Madagascar
Sahatsiho-Ambohimanjaka,Madagascar
Ranopiso,Madagascar
Ivandrika,Madagascar
Marotolana,Madagascar
Ambatoria,Madagascar
Lanivo,Madagascar
Sarasambo,Madagascar
Antambohobe,Madagascar
Ambalajia,Madagascar
Nato,Madagascar
Mahamaibe,Madagascar
Mitanty,Madagascar
Salobe,Madagascar
Ambariokorano,Madagascar
Vohilava,Madagascar
Vatananto,Madagascar
Iara,Madagascar
Ampary,Madagascar
Ambalaromba,Madagascar
Ambatoharanana,Madagascar
Befotaka,Madagascar
Soamanonga,Madagascar
Bemaharivo,Madagascar
Anteza,Madagascar
Bekopaka,Madagascar
Antaly,Madagascar
Anjialava,Madagascar
Ankarana-Miraihina,Madagascar
Tsaratanana,Madagascar
Antsaidoha-Bebao,Madagascar
Nosibe,Madagascar
Soanierana,Madagascar
Ambatolahy,Madagascar
Soanenga,Madagascar
Mahabo,Madagascar
Manampaneva,Madagascar
Manja,Madagascar
Ambinanin' Andravory,Madagascar
Belinta,Madagascar
Marovatolena,Madagascar
Morarano,Madagascar
Antsahavaribe,Madagascar
Antseza,Madagascar
Andribavontsona,Madagascar
Ankiliabo,Madagascar
Antanankambano,Madagascar
Alakamisy-Ambohimahazo,Madagascar
Benato-Toby,Madagascar
Ankirihitra,Madagascar
Antsatramidola,Madagascar
Amboronabo,Madagascar
Manevy,Madagascar
Beparasy,Madagascar
Tandrano,Madagascar
Fierenana,Madagascar
Ambarimaninga,Madagascar
Ambodimahabibo,Madagascar
's-Gravendeel,Netherlands
Tatarsk,Russia
Dhiban,Syria
Velyka Dymerka,Ukraine
Stryzhavka,Ukraine
Dahbed,Uzbekistan
Qahramon,Uzbekistan
Gisborne,Australia
Carneiros,Brazil
Marcacao,Brazil
Puerto Octay,Chile
Patut,India
Hetanpur,India
Kalicherla,India
Furth im Wald,Germany
Rarz,Tajikistan
Dholbaja,India
San Pedro Atocpan,Mexico
Mbamba Bay,Tanzania
Seneca Falls,United States
Morieres-les-Avignon,France
Hirehaluhosahalli,India
Nueva Guadalupe,El Salvador
Novyi Svit,Ukraine
Bad Lauchstadt,Germany
Rajod,India
Panasapadu,India
Druento,Italy
Meadow Lakes,United States
Hurtgenwald,Germany
Settivaripalle,India
Peddannavaripalle,India
Ixtapa Zihuatanejo,Mexico
Podu Iloaiei,Romania
Windsor,United States
Icaraima,Brazil
Devanangurichchi,India
Saffle,Sweden
Indian Harbour Beach,United States
Gacko,Bosnia and Herzegovina
Oststeinbek,Germany
Kandra,India
Kulpsville,United States
Iscuande,Colombia
Pullach im Isartal,Germany
Gudluru,India
Chundale,India
'Ain Leuh,Morocco
Apahida,Romania
Hillcrest,United States
Shelburne,Canada
Ardooie,Belgium
Santana do Manhuacu,Brazil
Liffre,France
Kanchanpalli,India
Togou,Mali
Dulce Nombre de Maria,El Salvador
Urdinarrain,Argentina
Bassenge,Belgium
Hirayama,Japan
Fairless Hills,United States
Arboledas,Colombia
Veauche,France
Telaprolu,India
Kosum Phisai,Thailand
Tiou,Burkina Faso
Seydunganallur,India
Almargem,Portugal
Puerto Lleras,Colombia
Khiriawan,India
Chilon,Mexico
Pithiviers,France
Stanley,Canada
Zschopau,Germany
Dardilly,France
Kattamuru,India
San Francisco Ixhuatan,Mexico
Acobamba,Peru
North Kensington,United States
Akpassi,Benin
Bayabas,Philippines
Zwiesel,Germany
Hosuru,India
Sanganakallu,India
Pulimakkal,India
Taber,Canada
Huasco,Chile
Pedda Pendyala,India
Kalanchak,Ukraine
Higuera de Zaragoza,Mexico
Saline,United States
Lapinlahti,Finland
Linares,Colombia
Ponnada,India
Bhirua,India
Barwan,India
Purcellville,United States
Iseo,Italy
Pena Forte,Brazil
Yekambarakuppam,India
Sidi Dahbi,Morocco
Tepechitlan,Mexico
Neustadt,Germany
Talevad,India
Lerma,Mexico
Thung Sai,Thailand
Mahamda,India
Pararia,India
Borgoricco,Italy
Valea lui Mihai,Romania
Ianca,Romania
Vrhnika,Slovenia
Tulbagh,South Africa
Aberdeen,United States
Kelso,Australia
Miradouro,Brazil
Lolokhur,India
Lincoln Village,United States
Westwood,United States
Monforte del Cid,Spain
Ashbourne,United Kingdom
Beni Oulid,Morocco
Al Yadudah,Syria
Llanharan,United Kingdom
Saint Sampson,Guernsey
Tzitzio,Mexico
Bosel,Germany
Kharsawan,India
Siachoque,Colombia
Mudgere,India
Fitzgerald,United States
Tovala,India
Aver-o-Mar,Portugal
Fredensborg,Denmark
Segni,Italy
Nuqui,Colombia
Unagatla,India
Slavgorod,Russia
Tysmenytsia,Ukraine
Perkiomen,United States
Ibitirama,Brazil
Sarenja,India
Gazulapalle,India
Orting,United States
Wetter,Germany
Sileby,United Kingdom
Hlobyne,Ukraine
Rio das Flores,Brazil
Wangdue Phodrang,Bhutan
Sanchi,India
Bir Tam Tam,Morocco
Khodoriv,Ukraine
Kennedale,United States
La Fare-les-Oliviers,France
Bayyavaram,India
Kusmaul,India
San Francisco Chimalpa,Mexico
Velden am Worthersee,Austria
Yaguara,Colombia
Al Hammamiyah,Egypt
Noventa Vicentina,Italy
Bazimini,Comoros
Tvrdosin,Slovakia
Donnacona,Canada
Sucha Beskidzka,Poland
Mnichovo Hradiste,Czechia
Cebazat,France
Karadge,India
Phulhara,India
Vanavasi,India
Morropon,Peru
Flanders,United States
Edgewater Park,United States
Gross Kreutz,Germany
Ouled Rahou,Algeria
Checy,France
Sambhu Chak,India
Bawana,India
Aviano,Italy
Kangal,Turkey
Ladue,United States
Villa Aberastain,Argentina
Angelopolis,Colombia
Steinheim am Albuch,Germany
Ben Chicao,Algeria
San Mateo,Guatemala
Baba Bakala,India
Sheffield Lake,United States
Natuba,Brazil
Bhelsi,India
Jasauli Patti,India
Dalavaypattanam,India
Attnang-Puchheim,Austria
Ramnagar,India
Acucena,Brazil
Chitvel,India
Czarna Bialostocka,Poland
Yasenivskyi,Ukraine
Nanmucun,China
Ferryhill,United Kingdom
Munagala,India
Manteno,United States
Colmeia,Brazil
Tena,Colombia
Corgao,India
Bikkatti,India
Yellanda,India
Esanai,India
Malior,India
Kotabommali,India
Colorno,Italy
Peebles,United Kingdom
Broughton Astley,United Kingdom
Buyukorhan,Turkey
Viale,Argentina
Tshabong,Botswana
Policka,Czechia
Gonfreville-l'Orcher,France
Brimington,United Kingdom
Borio,India
Nawada,India
Ramgarha,India
Almoloya del Rio,Mexico
Harahan,United States
Meadowbrook,United States
West Caln,United States
Rio del Mar,United States
Messini,Greece
Montagnana,Italy
Valley Center,United States
Pulaski,United States
Caputira,Brazil
Ban Nikhom Phatthana,Thailand
Haledon,United States
Khagaur,India
Kafr Sajnah,Syria
Boucau,France
Gouvieux,France
Chinna Kalaiyamputtur,India
Hurzuf,Ukraine
Cloverdale,United States
Glastonbury,United Kingdom
Monteforte d'Alpone,Italy
Bounaamane,Morocco
Seddouk Oufella,Algeria
Guttikonda,India
Qashyr,Kazakhstan
Thap Than,Thailand
Bni Sidel,Morocco
La Junta,Mexico
Plainedge,United States
Nunchia,Colombia
Zalishchyky,Ukraine
Chachersk,Belarus
Shahr-e Pir,Iran
Zhur,Kosovo
Juncos,Puerto Rico
Kovvali,India
Floro,Norway
Horokhiv,Ukraine
Balvadi,India
Castelnuovo Berardenga,Italy
Cholavaram,India
Kara-Bak,Kyrgyzstan
Vila Nova de Cerveira,Portugal
Wesley Chapel,United States
Libonik,Albania
Tlahuitoltepec,Mexico
Thi Tran Dong Dang,Vietnam
Ramapattanam,India
Bodaybo,Russia
Terra Nova,Brazil
Eslohe,Germany
Mangalpur Gudaria,India
Nanguneri,India
Maldah,India
Chirongui,Mayotte
Upper Leacock,United States
Plon,Germany
Khoragachhi,India
Guarani,Brazil
Vohburg an der Donau,Germany
Santa Maria del Tule,Mexico
Sai Ngam,Thailand
Filottrano,Italy
Florida,Chile
Barhagarh,India
Asolo,Italy
Borskoye,Russia
Kui Buri,Thailand
Gerstungen,Germany
Penaballi,India
Kilankundal,India
Sepolno Krajenskie,Poland
Dashouping,China
Mansfield,United States
Plymouth,United States
Santa Isabel do Ivai,Brazil
Ingenbohl,Switzerland
Argelia,Colombia
Bellheim,Germany
Dayr as Sanquriyah,Egypt
Ampthill,United Kingdom
North Londonderry,United States
Dumri,India
Periyapodu,India
Kodikkulam,India
Krasnoslobodsk,Russia
Seneca,United States
Irigny,France
Dunavarsany,Hungary
Collier,United States
Corman Park No. 344,Canada
Virginia,Brazil
Brand-Erbisdorf,Germany
Felling,United Kingdom
Segarai,India
Northwest Harborcreek,United States
Evergreen,United States
Almagro,Spain
Basaha,India
Channubanda,India
Skidaway Island,United States
Helsinge,Denmark
Montmelo,Spain
Queven,France
Ayas,India
Bhadwar,India
Perl,Germany
Belvedere Marittimo,Italy
Makhambet,Kazakhstan
Chartiers,United States
Lakhanapuram,India
Palmeira d'Oeste,Brazil
Potangal,India
North Merritt Island,United States
Poteau,United States
Florstadt,Germany
Tullukuttinayakkanur,India
Ramon Santana,Dominican Republic
Vadasikarambattu,India
Wanaka,New Zealand
Amuria,Uganda
Yangiobod,Uzbekistan
Karor,India
Bellerive-sur-Allier,France
Cortez,United States
Caldwell,United States
Quetigny,France
Greenville,United States
Oxford,United States
Ibirapua,Brazil
Punjai Lakkapuram,India
Kishtwar,India
Maddur,India
San Jose de Gracia,Mexico
Zavolzhsk,Russia
Matias Cardoso,Brazil
Wabagai,India
Eruh,Turkey
Prienai,Lithuania
Tepetitlan,Mexico
San Marzano di San Giuseppe,Italy
Kanhauli,India
Tummalacheruvu,India
Tummalacheruvu,India
Hallstadt,Germany
Entraigues-sur-la-Sorgue,France
Zunilito,Guatemala
Douar Ait Taleb,Morocco
Awfouss,Morocco
Oak Island,United States
Shoshong,Botswana
Rimbach,Germany
Le Thor,France
Allahpur,India
Barhauna,India
Tarcento,Italy
Tiachiv,Ukraine
Ap Tan Ngai,Vietnam
Titz,Germany
Holywell,United Kingdom
Melpanaikkadu,India
Bidkhun,Iran
Ladan Kara,Kyrgyzstan
Summit,United States
Beaver Falls,United States
Metsemotlhaba,Botswana
Obernburg am Main,Germany
Partick,United Kingdom
Belisce,Croatia
Tharike,India
Francisco Caballero Alvarez,Paraguay
London Grove,United States
Nangis,France
Smimou,Morocco
L'Epiphanie,Canada
Ifield,United Kingdom
Rewahi,India
San Antonio,Philippines
Bainbridge,United States
Rio Claro,Trinidad and Tobago
Carmen de Apicala,Colombia
Sucre,Colombia
Palangavangudi,India
Village St. George,United States
Halikko,Finland
Majhariya Sheikh,India
Lansdowne,United States
Oberriet,Switzerland
Kurichchi,India
Polakala,India
Liteni,Romania
Tutrakan,Bulgaria
Makaya,India
Gurmaila,India
Teruel,Colombia
Alwa Tirunagari,India
Zuchwil,Switzerland
Khem Karan Saray,India
Balumath,India
Nanan,India
Bhagatpur,India
Monistrol-sur-Loire,France
Padakanti,India
Alvarado,Colombia
Kharsod B,India
Mosrah,India
Ortenberg,Germany
Pedras de Maria da Cruz,Brazil
Khandrauli,India
Camenca,Moldova
Silleda,Spain
Bhataulia,India
Agadallanka,India
Minerbio,Italy
Warrenton,United States
Ghorbanki,India
Diamou,Mali
Tataltepec de Valdes,Mexico
East York,United States
Unterageri,Switzerland
Dobris,Czechia
Mallaram,India
Gangapatnam,India
Dara,India
Blacklick Estates,United States
Clayton,United States
Papara,CÙte d'Ivoire
Angmering,United Kingdom
Kambur,India
Golakpur,India
Chiranellur,India
Hunduan,Philippines
Maipu,Argentina
Kanakpur,India
Ainapur,India
Katahra,India
Teolo,Italy
West Perth,Canada
Ratanpur,India
Ayapango,Mexico
Olney,United States
Kos,Greece
Mannamangalam,India
Muriyad,India
Lambarkiyine,Morocco
Kelle,Congo (Brazzaville)
Sorisole,Italy
Ponta do Sol,Portugal
Clanton,United States
Whippany,United States
Collingdale,United States
Pullalacheruvu,India
Sirikonda,India
Jogiara,India
Gondauli,India
Viagrande,Italy
Al Abraq,Libya
Signal Mountain,United States
Larkfield-Wikiup,United States
Bee Cave,United States
Rocas de Santo Domingo,Chile
Striano,Italy
North Cornwall,United States
Yanchep,Australia
Gonzalez,Colombia
Japura,Brazil
Devnya,Bulgaria
Achacachi,Bolivia
Ak'ordat,Eritrea
Vannikkonendal,India
Pandino,Italy
Amtala,India
Sulahpet,India
Pleasant Hill,United States
Burnham on Crouch,United Kingdom
Kilchberg,Switzerland
Mandalavadi,India
Sakaddi,India
Gilgit,Pakistan
Monastyryshche,Ukraine
Harwood Heights,United States
Australia,Cuba
Keora,India
Kadiyadda,India
Khetko,India
Ait Ouaoumana,Morocco
Landquart,Switzerland
Shankarpur,India
Kressbronn am Bodensee,Germany
Saarijarvi,Finland
Cockermouth,United Kingdom
Malangam,India
Aradeo,Italy
Ait Hadi,Morocco
Jaimalpura,India
Karariya,India
Moka,Mauritius
Ban Pong Tao,Thailand
Tirumalaippatti,India
Bersenbruck,Germany
Sewari,India
Kalkuni,India
Duvvuru,India
Nimmekal,India
Casorate Primo,Italy
Marina del Rey,United States
Bansang,"Gambia, The"
Zoeterwoude,Netherlands
Sabanozu,Turkey
Orivesi,Finland
Nellutla,India
Pallippatti,India
Drazinda,Pakistan
Caturama,Brazil
Madnur,India
Thief River Falls,United States
Andalusia,United States
Pearsall,United States
Chak Habib,India
Pa'in Chaf,Iran
Bloomingdale,United States
Panthersville,United States
Ergoldsbach,Germany
Smizany,Slovakia
Ban Noen Kum Nueng,Thailand
Garching an der Alz,Germany
Vinjam,India
Ban Muang Kham,Thailand
Saeby,Denmark
Timmapuram,India
Madanancheri,India
Machadodorp,South Africa
Armazem,Brazil
Ospina,Colombia
Weilmunster,Germany
El Realejo,Nicaragua
Pitman,United States
Rockwood,United States
Potengi,Brazil
Urania,Brazil
Sanwas,India
Moslem Ebn-e `Aqil,Iran
Campbellton,Canada
Muhlhausen,Germany
Birpur,India
Al Buwaydah,Syria
St. Pete Beach,United States
San Juan de la Costa,Chile
Winslow,United States
Bayport,United States
Jackson,United States
Qizilhacili,Azerbaijan
Cumnock,United Kingdom
Ablu,India
Tamganj,India
Piriapolis,Uruguay
Maria Enzersdorf,Austria
Upper Makefield,United States
Pibrac,France
Hamsavaram,India
Tirano,Italy
Lienen,Germany
Muhos,Finland
Golbey,France
Velaux,France
Kai,Mali
Con Dao,Vietnam
Hucclecote,United Kingdom
Higham Ferrers,United Kingdom
Mahagaon,India
Reyes,Bolivia
Neuenhof,Switzerland
Le Portel,France
Satwar,India
Ramgarh,India
Missaglia,Italy
Bouati Mahmoud,Algeria
Roquevaire,France
Montecito,United States
Sabaudia,Brazil
Memmelsdorf,Germany
Balneario Monte Hermoso,Argentina
Jonnagiri,India
Chakla Waini,India
Kodavatipudi,India
Sekimachi,Japan
Entrerrios,Colombia
Arbaa Sahel,Morocco
Carbondale,United States
Sonsbeck,Germany
Woodmoor,United States
Valasa,India
Kukraun,India
Baciu,Romania
Basmanpur,India
Vadapalanji,India
Albinea,Italy
Hish,Syria
Adigoppula,India
Soresina,Italy
Sao Sebastiao do Curral,Brazil
Neuhaus am Rennweg,Germany
Mahela,Madagascar
Takua Pa,Thailand
Yacimiento Rio Turbio,Argentina
Rangvasa,India
Baramandougou,Mali
Ban Si Don Chai,Thailand
San Martin de Valdeiglesias,Spain
Le Teil,France
Mansong,India
Horodenka,Ukraine
Takouta,Benin
Naunhof,Germany
Hoyo de Manzanares,Spain
Parame,France
Barun,India
Sorala,India
Schuylkill,United States
Jolfa,Iran
Porto Santo Stefano,Italy
Park Forest Village,United States
Kampong Tunah Jambu,Brunei
Saint-Jean-de-Monts,France
Nagykovacsi,Hungary
Mokhotlong,Lesotho
Bolszewo,Poland
Fort Valley,United States
Hunenberg,Switzerland
Malipakar,India
Ineu,Romania
Savoy,United States
Aransas Pass,United States
Mousoulou,Benin
San Miguel,Ecuador
Lusca,Ireland
Ala,Italy
Tagapul-an,Philippines
Nartan,Russia
Baxter,United States
Rreshen,Albania
Caapiranga,Brazil
Playa de Aro,Spain
Iklod,India
Dhobipet,India
Boonton,United States
Brownfield,United States
Valley Cottage,United States
Pittsgrove,United States
Alvorada,Brazil
Akom II,Cameroon
Perigny,France
Ranjal,India
Tausa,Colombia
Tillaivilagam,India
Rabo de Peixe,Portugal
Bernolakovo,Slovakia
Beni Hassane,Tunisia
Angor,Uzbekistan
Bath,United States
Dehri,India
Taragi,Japan
Hlevakha,Ukraine
G`ozg`on,Uzbekistan
Vel'ke Kapusany,Slovakia
Madison Park,United States
Highland Park,United States
Penugolanu,India
Vanduvancheri,India
Tissint,Morocco
Ulstein,Norway
Cristuru Secuiesc,Romania
Paloma Creek South,United States
Waldenbuch,Germany
Grossenluder,Germany
San Ignacio,Honduras
Madhuban,India
Bommayapalaiyam,India
Uta,Italy
Gopalpur,India
Maisaram,India
Santa Maria Xadani,Mexico
Hernando,United States
Alfreton,United Kingdom
Gudibanda,India
Baikunthapur,India
Monmouth,United States
Whitehouse,United States
Lichtervelde,Belgium
Obertraubling,Germany
Puraini,India
Ntossoni,Mali
Strijen,Netherlands
Hateg,Romania
Chok Chai,Thailand
Chichkah,Afghanistan
Branston,United Kingdom
Hoquiam,United States
Hornsea,United Kingdom
Gudivada,India
Rautara,India
Abcoude,Netherlands
Fort Irwin,United States
Engerwitzdorf,Austria
Lontra,Brazil
La Grande Racine,Switzerland
Bridgewater,Canada
Falla,Cuba
Volkach,Germany
Miyar,India
Kukrahill,Nicaragua
Efringen-Kirchen,Germany
Schleiz,Germany
Heek,Germany
Varatanapalli,India
Gholia Kalan,India
Porcari,Italy
Treze Tilias,Brazil
El Outaya,Algeria
Longvic,France
Khanapur,India
Hope,United States
Bad Bergzabern,Germany
Sarlat-la-Caneda,France
Tlagasana,Indonesia
Soeda,Japan
Dock Junction,United States
Sowan,India
Madhubani,India
La Loggia,Italy
Toulou,Niger
Koekelare,Belgium
Dharawat,India
Ban Sai Yoi,Thailand
Costa Volpino,Italy
Cofimvaba,South Africa
La Chapelle d'Armentieres,France
Dunn Loring,United States
Belsh,Albania
Chahana,Algeria
Bhasaula Danapur,India
Garsekurti,India
Topanga,United States
Cherry Hinton,United Kingdom
Annan,United Kingdom
Nueva Ocotepeque,Honduras
Kampel,India
Bachchannapet,India
Yelandur,India
Kunimedu,India
Moe,Australia
Bundehra,India
Edgemere,United States
Maysville,United States
Brikcha,Morocco
Saint-Paul-Trois-Chateaux,France
Cowley,United Kingdom
Adiyakkamangalam,India
Komijan,Iran
Deodora,India
Lovosice,Czechia
Somarasampettai,India
Kusumbe,India
Highland Park,United States
Pereiras,Brazil
Cinderford,United Kingdom
Gessate,Italy
Mtal,Morocco
Neves Paulista,Brazil
Luzzi,Italy
Amberomanga,Madagascar
Aleksandrov Gay,Russia
Brevik,Sweden
Paratdiha,India
Guntersville,United States
Redlands,United States
South Londonderry,United States
Coaldale,Canada
Muturkha,India
La Ferte-Bernard,France
Aleksandrovsk-Sakhalinskiy,Russia
Sefaatli,Turkey
Brighton,United States
Vicentinopolis,Brazil
Kirrayach,India
Cunupia,Trinidad and Tobago
Ottobeuren,Germany
Chinna Mupparam,India
Hirni,India
Boukhralfa,Algeria
Sriramapuram,India
Hardiya,India
Aragona,Italy
Pizzo,Italy
Roetgen,Germany
Amtala,India
Marlborough,United States
Idupugallu,India
Bertrix,Belgium
Rampatti,India
Vidapanakallu,India
Ashtian,Iran
Kennett,United States
Zapatoca,Colombia
Abiramam,India
Otaki,Japan
Marrupa,Mozambique
Borgo a Buggiano,Italy
Galela,Indonesia
Zulakallu,India
Pukkulam,India
Fully,Switzerland
Kibaya,Tanzania
Rani Sawargaon,India
Pa Mok,Thailand
Graham,United States
Franklin,United States
North Haledon,United States
Riacho dos Machados,Brazil
Hombrechtikon,Switzerland
Pacuarito,Costa Rica
Shiu,India
Hiramandalam,India
San Pedro de Coche,Venezuela
Damal,India
Budamangalam,India
Natividade,Brazil
Lachen,Switzerland
Angichettippalaiyam,India
Daping,China
Banak,Iran
San Juan Ixcaquixtla,Mexico
Coffeyville,United States
Pasivedalajimma,India
Tilvalli,India
Sremski Karlovci,Serbia
Kozova,Ukraine
Altoona,United States
Buenavista,Colombia
Reddipalle,India
Sant'Angelo in Lizzola,Italy
Mozzate,Italy
Coccaglio,Italy
Shopokov,Kyrgyzstan
Sanrha,India
Castagneto Carducci,Italy
Civitella in Val di Chiana,Italy
Afumati,Romania
Benner,United States
Roccastrada,Italy
Rudewa,Tanzania
Milton,United States
Jabera,India
Ranod,India
Wervershoof,Netherlands
Tanudan,Philippines
Stary Sacz,Poland
Toppenish,United States
Leopoldo de Bulhoes,Brazil
Flieden,Germany
Hadleigh,United Kingdom
Kanavaypudur,India
Rahta,India
Pararia,India
Oulad Said,Morocco
Notre-Dame-de-Gravenchon,France
Hoshoot,Mongolia
Koror,Palau
Teranikallu,India
Dhanauli,India
Mascoutah,United States
Rio Jimenez,Costa Rica
Sawbridgeworth,United Kingdom
Olalapadi,India
Pullanvidudi,India
Vadakadu,India
Nam Som,Thailand
Comendador Levy Gasparian,Brazil
Hakka,India
Pedda Nindrakolanu,India
Parabita,Italy
Nyzhnohirskyi,Ukraine
Lichana,Algeria
Rudravaram,India
Doornkop,South Africa
Temple Hills,United States
Sanjat,India
Krompachy,Slovakia
Queimada Nova,Brazil
Le Petit-Couronne,France
Lari,Italy
Lancaster,United States
Malaimarpuram,India
Mirchpur,India
Harsova,Romania
Kargopol,Russia
Wattwil,Switzerland
Bussy,Switzerland
Aktepe,Turkey
Presque Isle,United States
Freeport,United States
Moranbah,Australia
Igana,Benin
Ranai,Indonesia
Bhui,India
Ekangar Sarai,India
Velakalnattam,India
Bharno,India
Hillview,United States
Rodeo,United States
Wingles,France
Gundumal,India
Folignano,Italy
Essey-les-Nancy,France
Karuveppampatti,India
Satgachia,India
Lowenberg,Germany
Jalalkhera,India
Hostotipaquillo,Mexico
Maiquinique,Brazil
Wietze,Germany
Majra,India
Nagaiyampatti,India
Smithfield,United States
Faro,Brazil
San Juan de Arama,Colombia
Cabras,Italy
Carlosama,Colombia
Rauenberg,Germany
Tsrar Sharif,India
Pendekallu,India
Galmaarden,Belgium
Messkirch,Germany
Narona,India
Montalto di Castro,Italy
Village Green-Green Ridge,United States
Yelsk,Belarus
Gendou,Mali
Stara Tura,Slovakia
Ragampet,India
Kamen'-Rybolov,Russia
Buved,Tajikistan
Pont-Rouge,Canada
Pillutla,India
Guneysu,Turkey
Irondale,United States
Cutrofiano,Italy
Siggiewi,Malta
Cameron,United States
Hualaihue,Chile
Junin,Colombia
Virapalle,India
Cosmorama,Brazil
Jeannette,United States
Navappatti,India
Punnappatti,India
Ponte Buggianese,Italy
Ustrzyki Dolne,Poland
Aniskino,Russia
Santanopolis,Brazil
El Golaa,Tunisia
Angallu,India
Barbana,India
Akalgarh,India
Bommagondanahalli,India
Sarbisheh,Iran
Glencoe,United States
Fort Knox,United States
Azizpur Chande,India
Inekar,Mali
Mockmuhl,Germany
Uchen,India
Tomesti,Romania
Ouando,Benin
Corella,Spain
Crest,France
Bishunpur,India
Gigmoto,Philippines
Al Quway`iyah,Saudi Arabia
Wyoming,United States
Besozzo,Italy
Millersville,United States
California,Brazil
Kolbuszowa,Poland
Sohta,India
Doiwala,India
Port Jervis,United States
Sao Jose do Cerrito,Brazil
Lillebonne,France
Silsden,United Kingdom
Gangajalghati,India
Nanzhangcheng,China
Aigues-Mortes,France
Lenox,United States
Lake Villa,United States
Gyumai,China
Bhanuvalli,India
Roccapiemonte,Italy
Ait Rami,Morocco
Paola,Malta
Shelby,United States
White Meadow Lake,United States
Champlain,Canada
Ain Zora,Morocco
Janglot,India
Lazaro Cardenas,Mexico
San Sebastian,Philippines
Hamlin,United States
Asagi Quscu,Azerbaijan
Havsa,Turkey
Iles,Colombia
Richterich,Germany
Anthony,United States
Tashir,Armenia
Margny-les-Compiegne,France
Sini,India
Bududa,Uganda
Jondor Shaharchasi,Uzbekistan
Sande,Germany
Biederitz,Germany
Pardanjan,Iran
Volodymyrets,Ukraine
Othello,United States
Audubon,United States
Millis,United States
Heikendorf,Germany
Vadacheri,India
Raia,India
Pulivalam,India
Flero,Italy
Caprino Veronese,Italy
Zawiat Moulay Brahim,Morocco
Coaticook,Canada
Untergruppenbach,Germany
Mountsorrel,United Kingdom
York,United States
Simon Bolivar,Ecuador
Tonk Khurd,India
Gonzaga,Italy
Phimai,Thailand
Coutras,France
Karadipara,India
Roverbella,Italy
Milliken,United States
Les Angles,France
Pokhraira,India
Pappakudi,India
Torre Boldone,Italy
Stauceni,Moldova
Malov,Denmark
Indurti,India
Nattarasankottai,India
Yakakent,Turkey
Cullinan,South Africa
Leisure World,United States
Stevensville,United States
Mirdoddi,India
Derby,United States
Conthey,Switzerland
Stansted Mountfitchet,United Kingdom
Zubovo,Russia
Spring Hill,United States
Sao Pedro do Ivai,Brazil
Timmendorfer Strand,Germany
Mrakovo,Russia
Dharhwa,India
Tlumach,Ukraine
Heusden,Belgium
Reichenbach an der Fils,Germany
Gadaul,India
Katridih,India
Painkulam,India
Koshanam,India
Lequile,Italy
Ellicott,United States
Limeira d'Oeste,Brazil
Pedreguer,Spain
Pokrovka,Russia
Stainz,Austria
Zanica,Italy
Msemrir,Morocco
Duchcov,Czechia
Azandarian,Iran
Kappeln,Germany
Norten-Hardenberg,Germany
Monte Escobedo,Mexico
Newstead,United States
Rock Falls,United States
Ballenstedt,Germany
L'Ile-Saint-Denis,France
Gretz-Armainvilliers,France
Murajpur,India
Gobindpur,India
Bagalvad,India
Barth,Germany
Kambhampadu,India
Kambhampadu,India
Kaldsletta,Norway
Katuete,Paraguay
Vega Alta,Puerto Rico
Arizona City,United States
Brightlingsea,United Kingdom
Narborough,United Kingdom
Pyalakurti,India
Kursaha,India
Brandizzo,Italy
Embrun,Canada
Siklos,Hungary
Suttamalli,India
Rompicherla,India
Kottur,India
Kalinagar,India
Orosi,United States
Herzberg,Germany
Chartres-de-Bretagne,France
Arbaa Ayacha,Morocco
Aratuipe,Brazil
Marilandia do Sul,Brazil
Tilaran,Costa Rica
Chetma,Algeria
La Mujer,Spain
Chakand,India
Guntapalli,India
Castellabate,Italy
Nettersheim,Germany
Glodeni,Moldova
Fort Mitchell,United States
Midland,United States
Rouvroy,France
Teotitlan,Mexico
Providence,United States
Solebury,United States
Catuipe,Brazil
Aulnoye-Aymeries,France
Kilcock,Ireland
Briceno,Colombia
Borgentreich,Germany
Chamonix-Mont-Blanc,France
Herseh Chhina,India
Gokcebey,Turkey
Bhatkhori,India
Parasbani,India
Triuggio,Italy
Perry Heights,United States
Maraveh Tappeh,Iran
Ter Apel,Netherlands
Al Qardahah,Syria
Wharton,United States
Minto,Canada
Malhada de Pedras,Brazil
Denbigh,United Kingdom
Budenheim,Germany
Saint-Chamas,France
Owani,Japan
Lehrhi,Morocco
Chelmek,Poland
Avabodji,Benin
Passo do Sertao,Brazil
Altavilla Milicia,Italy
Atherstone,United Kingdom
Amiawar,India
Park Hills,United States
Yang Talat,Thailand
Domerat,France
Mustafabad,India
Jujharpur,India
Rodeiro,Brazil
Pueblorrico,Colombia
Pathraha,India
San Sebastiano al Vesuvio,Italy
Bryan,United States
Ohata,Japan
Chocen,Czechia
Harike,India
Ait Tagalla,Morocco
Busk,Ukraine
Chintakommadinne,India
Koscielisko,Poland
Gillitts,South Africa
Foum Zguid,Morocco
South Lockport,United States
Paula Candido,Brazil
Schnaittach,Germany
Ramsey,United Kingdom
Nagdah,India
Aars,Denmark
Tumberi,India
Dilawarpur,India
Karavan,Kyrgyzstan
Tatoufet,Morocco
Abu Hardub,Syria
Najrij,Egypt
Zabok,Croatia
Belhatti,India
Belinskiy,Russia
Ballina,Australia
Tecumseh,United States
Cheviot,United States
East Donegal,United States
Zacharo,Greece
Bel Aire,United States
Campos Lindos,Brazil
Isbergues,France
Eduttavaynattam,India
Bikrampur Bande,India
Chak Pahar,India
Ankatafa,Madagascar
Deutsch-Wagram,Austria
Adjarra,Benin
Logten,Denmark
Onda,India
Seosaeng,South Korea
Bedum,Netherlands
Farob,Tajikistan
Vodice,Croatia
Salar,India
Talsi,Latvia
Wissen,Germany
Tudela de Duero,Spain
Thathupur,India
Vanukuru,India
Kottadindulu,India
Sint-Job-in-'t-Goor,Belgium
Belvadi,India
Halawah,Jordan
Ouda-daito,Japan
Totma,Russia
Lempdes,France
Bishamagiri,India
Redlynch,Australia
Dirusumarru,India
Serramazzoni,Italy
Pa Sang,Thailand
Nandnawan,India
Bovalino Marina,Italy
Nansio,Tanzania
Solleftea,Sweden
Evergreen,United States
Laughlin,United States
San Bartolome Milpas Altas,Guatemala
Aibonito,Puerto Rico
Clarendon Hills,United States
Lint,Belgium
Vergiate,Italy
Buckie,United Kingdom
Sant'Agnello,Italy
Ajdir,Morocco
Olmsted Falls,United States
Sobhapur,India
Skowhegan,United States
Ueckermunde,Germany
Tordesillas,Spain
Kaoni,India
Mahadipur,India
Anyksciai,Lithuania
Cumberland Hill,United States
Conewago,United States
Le Poire-sur-Vie,France
Nayagaon,India
Bisaul,India
Panfilovka,Kyrgyzstan
Lourosa,Portugal
La Peche,Canada
Bouaiche,Algeria
Ras el-Barr,Egypt
Pinjranwan,India
's-Heerenberg,Netherlands
Livingston,United States
Digar,China
Maina,India
Plabennec,France
Serafimovich,Russia
Beibu,Taiwan
Zuera,Spain
Yarm,United Kingdom
Rangwasa,India
Nierstein,Germany
Thorigne-Fouillard,France
Wiang Haeng,Thailand
Staufenberg,Germany
Slateng Dua,Indonesia
Parsad,India
Maddur,India
Tokatippa,India
Aklim,Morocco
East Foothills,United States
Ortuella,Spain
Pantelho,Mexico
Chanute,United States
Meine,Germany
Haibach,Germany
Gokhulapur,India
Ulatu,India
Belo Vale,Brazil
Monte Alegre do Sul,Brazil
Kilakkurichchi,India
Kattirippulam,India
Rajhanpur,India
Sa`idi,Iran
Chop,Ukraine
Salinas,Uruguay
Cradock,South Africa
Santiponce,Spain
Midalam,India
Khandauli,India
Shahrak-e Pars,Iran
El Amim,Morocco
Perryton,United States
Montvale,United States
Garesnica,Croatia
Montrose,United States
Porto Alegre do Norte,Brazil
Artigues-pres-Bordeaux,France
Beutelsbach,Germany
Basrur,India
Mannegudam,India
Chettiyapatti,India
Rothwell,United Kingdom
Hakubacho,Japan
Ouro Verde,Brazil
Canford Cliffs,United Kingdom
Segaon,India
Martano,Italy
Glenwood,United States
Trujillo,Spain
Tarazu,India
Panjampatti,India
Hathiakan,India
Trissino,Italy
Ferreira do Zezere,Portugal
Highland Heights,United States
Janze,France
Hire Vadvatti,India
Raiparthi,India
Soverato Marina,Italy
Mikhaylovka,Russia
Caister-on-Sea,United Kingdom
Fair Lakes,United States
Rottenburg an der Laaber,Germany
Kanchanpur,India
Za'roura,Morocco
Bad Rothenfelde,Germany
Magam,India
Saidabad,India
Chanp,India
Petilia Policastro,Italy
Moribila,Mali
Arealva,Brazil
Santa Cruz do Monte Castelo,Brazil
Bremgarten,Switzerland
Manpur,India
Pirojgarh,India
Munnad,India
Covington,United States
Didymoteicho,Greece
Thirumeni,India
Vostochnyy,Kyrgyzstan
Carneys Point,United States
Ammanford,United Kingdom
Paty,Hungary
New Ross,Ireland
Antargangi,India
Ilarionove,Ukraine
Tombos,Brazil
Steti,Czechia
Aurisina,Italy
Long Hill,United States
Monachil,Spain
Pomichna,Ukraine
Templeton,United States
Harrisburg,United States
Kharod,India
Sadovoye,Kyrgyzstan
Teghra,India
Oulad Khallouf,Morocco
Achchampeta,India
Laishevo,Russia
Monona,United States
Narino,Colombia
Heiden,Germany
San Juan de Palamos,Spain
Khaur,India
Amalou,Algeria
Pasaul,India
Jainagar,India
Silaiyampatti,India
Kanavaypatti,India
Bientina,Italy
Mudichchur,India
Shyamnagar,India
Nefasit,Eritrea
Chamba,Ghana
Velim,India
Douar Sidi Msour,Morocco
Zaandijk,Netherlands
Nakaseke,Uganda
Vyetka,Belarus
Jagannathpur,India
Hata,India
Marcoussis,France
Apaneca,El Salvador
Long Hill,United States
Egg,Switzerland
Egg,Switzerland
La Belleza,Colombia
Vendin-le-Vieil,France
Balakrishnanpatti,India
Serramanna,Italy
Hamilton,United States
Le Loroux-Bottereau,France
Amingaon,India
Pariyari,India
Fort Riley,United States
Koila,India
Miyada,Japan
Vrable,Slovakia
Fern Park,United States
Dobrada,Brazil
La Huerta,Philippines
Zuromin,Poland
La Cruz,Argentina
Grossbottwar,Germany
Saint Agnes,United Kingdom
Kanyakulam,India
Amudalapalle,India
Piliv,India
Quezalguaque,Nicaragua
Jalhay,Belgium
Furstenzell,Germany
Yellareddi,India
Rayon,Mexico
Conning Towers Nautilus Park,United States
Srirangapur,India
Dobele,Latvia
Merksplas,Belgium
Anantasagaram,India
Tibro,Sweden
San Pedro Puxtla,El Salvador
Horice,Czechia
Wootton,United Kingdom
Gundur,India
Bargaon,India
Miramar Beach,United States
Pallappalaiyam,India
Adalar,Turkey
Greenville,United States
Mareeba,Australia
El Ghomri,Algeria
Mauleon,France
Roussillon,France
Vinica,North Macedonia
Alnwick,United Kingdom
Tarxien,Malta
Jagta,India
Gidan Ider,Niger
Dekanme,Benin
Buda-Kashalyova,Belarus
Karkkila,Finland
Monte Porzio Catone,Italy
Kizilcasar,Turkey
Tirschenreuth,Germany
Tamza,Algeria
Beebe,United States
Moss Vale,Australia
Tougouni,Mali
Sinimbu,Brazil
Ouled Abbes,Algeria
Vicam Pueblo,Mexico
Liubymivka,Ukraine
Nuevo Paysandu,Uruguay
Yali,Colombia
Waltham Cross,United Kingdom
Trebisacce,Italy
Kalaun,Nepal
Kennedy,United States
Ergue-Gaberic,France
Bandamurlanka,India
Sonterra,United States
West Long Branch,United States
Fallanden,Switzerland
Kaliganj,India
El Espinal,Mexico
Ahumada,Mexico
Hosuru,India
Seyyedan,Iran
Sutherlin,United States
Nunihat,India
Hale Dyamavvanahalli,India
Virapperumanallur,India
Arab,United States
Bushkill,United States
Schwarzenbruck,Germany
Bucksburn,United Kingdom
Nettadahalli,India
Rani Sagar,India
Torre de Moncorvo,Portugal
Cornebarrieu,France
Lalam,India
Kirk of Shotts,United Kingdom
Charuanwan,India
Shiddapur,India
Babhangaon,India
Bundala,India
Gamail,India
Ban Ratchakrut,Thailand
Landupdih,India
Amtar,Morocco
Locogahoue,Benin
Biberist,Switzerland
Onnaing,France
Castelnuovo di Porto,Italy
Gering,United States
Semere,Benin
Neuenburg,Germany
Reinosa,Spain
Coahuitlan,Mexico
Hollymead,United States
Murphy,United States
Obersiggenthal,Switzerland
Hirson,France
Swaffham,United Kingdom
Youghal,Ireland
Dharmajigudem,India
Castel Gandolfo,Italy
Anjahamarina,Madagascar
Kamien Pomorski,Poland
Na Yung,Thailand
Baltimore Highlands,United States
Pimenta,Brazil
Navipet,India
Vicopisano,Italy
Shediac,Canada
Loenen,Netherlands
Sompting,United Kingdom
San Pedro Ixtlahuaca,Mexico
Napoleon,United States
Tanmpegre,Benin
Piliscsaba,Hungary
Chapalamadugu,India
Outa Bouabane,Morocco
Reeuwijksebrug,Netherlands
Innsbrook,United States
Dala,India
Raonta,India
Ayotoxco de Guerrero,Mexico
Nerubaiske,Ukraine
La Cresta,United States
Vif,France
Brembate,Italy
Dougoufe,Mali
Corrales,United States
Saint-Claude,France
Harewa,India
Lohna,India
Wedgefield,United States
Polinya,Spain
Southampton,United States
Kodaimangalam,India
Yaragol,India
Modachchur,India
Takieta,Niger
Nerk'in Getashen,Armenia
Worrstadt,Germany
Staufen im Breisgau,Germany
East Leake,United Kingdom
Sakhua,India
Nesarg,India
Skiatook,United States
Sallisaw,United States
Privas,France
Vairichettipalaiyam,India
Nulvi,India
Ad Darbasiyah,Syria
Sukand,India
Troina,Italy
Monte San Savino,Italy
Uspenka,Ukraine
Ellsworth,United States
Furstenfeld,Austria
Pattanam,India
Iwaizumi,Japan
San Fernando,Nicaragua
Muzo,Colombia
Tadinada,India
Tifra,Algeria
Arkalochori,Greece
Pata Uppal,India
Sokyriany,Ukraine
Cumberland,United States
Rhymney,United Kingdom
Yamkanmardi,India
Imsida,Malta
Hadibu,Yemen
Summit Park,United States
Viechtach,Germany
Dubovskoye,Russia
Closter,United States
Aqsu,Kazakhstan
Reddiyapatti,India
Kolumalapalle,India
Colindres,Spain
Karmaskaly,Russia
Taftanaz,Syria
Socorro,United States
Zogno,Italy
Bacobampo,Mexico
Alfonso Castaneda,Philippines
Chyhyryn,Ukraine
Olivette,United States
Bifeng,China
Vidreras,Spain
Tizoual,Morocco
Tsallagundla,India
Puran Bigha,India
Kandanati,India
Clusone,Italy
Doberlug-Kirchhain,Germany
Talwandi Chaudhrian,India
Nangal Chaudhri,India
Dietmannsried,Germany
Talakulam,India
Guria,India
Chak Thathi,Pakistan
Kuppenheim,Germany
Sautron,France
Ban Charoen Mueang,Thailand
Marcolandia,Brazil
Karuppur,India
Ban Wat Phrik,Thailand
Old Forge,United States
Schierling,Germany
Bartica,Guyana
Dattapara,India
Mangala,India
Banki,India
Poninguinim,India
Hernani,Philippines
Delavan,United States
Descanso,Brazil
Chamusca,Portugal
Perryville,United States
Hollis,United States
Siegsdorf,Germany
Keregodu,India
Hongtuliang,China
Hermsdorf,Germany
Khajuri,India
Lamesa,United States
Secovce,Slovakia
Gonzales,United States
Ararica,Brazil
Nossa Senhora dos Remedios,Brazil
Kasap,India
Phopnar Kalan,India
Le Mont-sur-Lausanne,Switzerland
Kirn,Germany
Nijgaon Paranpur,India
Barntrup,Germany
Clayton le Moors,United Kingdom
Pokrovka,Kyrgyzstan
Lanco,Chile
Bessancourt,France
Nawanagar,India
Hundested,Denmark
Medikunda,India
Thandewala,India
Khutha Baijnath,India
Kandanur,India
Elektrougli,Russia
Ra's al Ma`arrah,Syria
Qoravul,Uzbekistan
Qorovul,Uzbekistan
Ahuimanu,United States
Andanappettai,India
San Isidro,Philippines
Olamze,Cameroon
Chantonnay,France
Myrina,Greece
Kond Rud,Iran
Dar El Kebdani,Morocco
Poniatowa,Poland
Sangaree,United States
Perungulam,India
Dodvad,India
Silvarpatti,India
Santa Margherita Ligure,Italy
Cedar Hills,United States
Hathapur,India
Rampatti,India
Wieruszow,Poland
Le Grau-du-Roi,France
Lycksele,Sweden
Carbonita,Brazil
Bad Feilnbach,Germany
Bedwas,United Kingdom
Sagarpur,India
Darsur,India
Dunn,United States
Akono,Cameroon
Tona,Spain
Takaharu,Japan
Hueyotlipan,Mexico
Georgetown,United States
Murillo,United States
Port-Saint-Louis-du-Rhone,France
Kuchai Kot,India
Bouhlou,Morocco
Caldas de Malavella,Spain
Diss,United Kingdom
Boshof,South Africa
Minnetrista,United States
Barton,United States
El Dovio,Colombia
Saint-Vallier,France
La Grande-Motte,France
Mandalapalle,India
Pachrukhi,India
Repala,India
Hondo,United States
Zhujiagua,China
Pedda Penki,India
Tionk Essil,Senegal
Beecher,United States
West Earl,United States
Vaucresson,France
Nottampatti,India
Orsova,Romania
Biloziria,Ukraine
Lint,Belgium
Carlton Colville,United Kingdom
Liesti,Romania
Lewistown,United States
Sredets,Bulgaria
Campogalliano,Italy
Rignano sull'Arno,Italy
Dala,Mali
Nalikkalpatti,India
Chinaur,India
Munnelli,India
Nalas,Iran
Dobanovci,Serbia
Ahrensbok,Germany
Tarichar Kalan,India
Setana,Japan
Saruu,Kyrgyzstan
Montague,United States
Rakai,Uganda
Chapaev,Kazakhstan
Basarabeasca,Moldova
Namsos,Norway
Joniskis,Lithuania
Orocue,Colombia
Zardab,Azerbaijan
As Sallum,Egypt
Gramsh,Albania
Bulaevo,Kazakhstan
Biryusinsk,Russia
Stans,Switzerland
Gadzin Han,Serbia
Gunnedah,Australia
Kaisiadorys,Lithuania
Golubac,Serbia
Kargat,Russia
Pazin,Croatia
Soro,Denmark
Cowra,Australia
Olovyannaya,Russia
Slovenska Bistrica,Slovenia
Rubirizi,Uganda
Ayr,Australia
Pampa del Infierno,Argentina
Tweed Heads,Australia
Naujoji Akmene,Lithuania
Bongaree,Australia
Kocevje,Slovenia
Nova Crnja,Serbia
Kone,New Caledonia
Gleno,Timor-Leste
Sodankyla,Finland
Putina,Peru
Aguelhok,Mali
Hammerfest,Norway
Beocin,Serbia
Qusmuryn,Kazakhstan
Osakarovka,Kazakhstan
Dimitrovgrad,Serbia
Varena,Lithuania
Charters Towers,Australia
Montpelier,United States
Gzira,Malta
Kontcha,Cameroon
Sharya,Russia
Oldeani,Tanzania
Nisporeni,Moldova
Sokobanja,Serbia
Ciudad Cortes,Costa Rica
Greymouth,New Zealand
Katoomba,Australia
Amapa,Brazil
Sharbaqty,Kazakhstan
Port Maria,Jamaica
Sparti,Greece
Alebtong,Uganda
Buba,Guinea-Bissau
San Julian,Argentina
Monaghan,Ireland
Foammulah,Maldives
Auki,Solomon Islands
Dilolo,Congo (Kinshasa)
Nangan,Taiwan
Sembabule,Uganda
Paide,Estonia
Ch'osan-up,North Korea
Bentiu,South Sudan
Falmouth,Jamaica
Ertis,Kazakhstan
Maryborough,Australia
Iqaluit,Canada
Luba,Equatorial Guinea
Oranjemund,Namibia
Kalabo,Zambia
Young,Australia
Grosuplje,Slovenia
Qazaly,Kazakhstan
Uglegorsk,Russia
Bayghanin,Kazakhstan
Lascano,Uruguay
Heyin,China
Yeghegnadzor,Armenia
Yardimli,Azerbaijan
Mtskheta,Georgia
Guadalupe,Sao Tome and Principe
Kibale,Uganda
Jacareacanga,Brazil
Bairnsdale,Australia
Omuthiya,Namibia
Odzaci,Serbia
San Pablo Villa de Mitla,Mexico
Castillos,Uruguay
Adazi,Latvia
Ludza,Latvia
Kelme,Lithuania
Sen Monorom,Cambodia
Gaoual,Guinea
Zhanibek,Kazakhstan
Siteia,Greece
Backi Petrovac,Serbia
Leova,Moldova
Leeton,Australia
Kishkenekol,Kazakhstan
Kirkwall,United Kingdom
Coracora,Peru
Belomorsk,Russia
Goranboy,Azerbaijan
Zmeinogorsk,Russia
Aiquile,Bolivia
Ravne na Koroskem,Slovenia
Luan Chau,Vietnam
Atherton,Australia
Narrabri,Australia
Aracinovo,North Macedonia
Lerik,Azerbaijan
Thames,New Zealand
Puerto Baquerizo Moreno,Ecuador
Bossembele,Central African Republic
Kicevo,North Macedonia
Mongomo,Equatorial Guinea
Slovenj Gradec,Slovenia
Tranqueras,Uruguay
Telenesti,Moldova
Debe,Trinidad and Tobago
Bestobe,Kazakhstan
Obo,Central African Republic
Mobaye,Central African Republic
Tobyl,Kazakhstan
Lapovo,Serbia
Ruyigi,Burundi
Dowa,Malawi
Novoberde,Kosovo
Donduseni,Moldova
Stefan Voda,Moldova
Zambezi,Zambia
Moree,Australia
Mae Hong Son,Thailand
Diekirch,Luxembourg
In Guezzam,Algeria
Kemijarvi,Finland
Wick,United Kingdom
Thyolo,Malawi
Rabaul,Papua New Guinea
Ararat,Australia
Oguz,Azerbaijan
Kapoeta,South Sudan
Kerikeri,New Zealand
Kieta,Papua New Guinea
Nicoadala,Mozambique
Librazhd,Albania
Santa Venera,Malta
Hola,Kenya
Victoria,Malta
Kiruhura,Uganda
Kiama,Australia
Lerwick,United Kingdom
Zholymbet,Kazakhstan
Borgo Maggiore,San Marino
Obiliq,Kosovo
Kraslava,Latvia
Aizkraukle,Latvia
Krsko,Slovenia
Brezice,Slovenia
Ajdovscina,Slovenia
Salcininkai,Lithuania
Forbes,Australia
Nata,Botswana
Khandyga,Russia
Livani,Latvia
Charagua,Bolivia
Magugpo Poblacion,Philippines
Gulbene,Latvia
Criuleni,Moldova
Litija,Slovenia
Skovorodino,Russia
Cooma,Australia
Limbazi,Latvia
Carnarvon,South Africa
Awjilah,Libya
Seymour,Australia
Port Augusta,Australia
Madona,Latvia
Mazoe,Zimbabwe
Ros Comain,Ireland
Kerema,Papua New Guinea
Northam,Australia
Cliza,Bolivia
Roma,Australia
Bogatic,Serbia
Oficina Maria Elena,Chile
Newman,Australia
Ingeniero Guillermo N. Juarez,Argentina
Port Saint John's,South Africa
Ndende,Gabon
Verkhnevilyuysk,Russia
Zouar,Chad
Deniliquin,Australia
Shar,Kazakhstan
Pasvalys,Lithuania
Melut,South Sudan
Comandante Luis Piedra Buena,Argentina
Omutninsk,Russia
Siteki,Eswatini
Medveda,Serbia
Sal Rei,Cabo Verde
San Carlos,Bolivia
Dalaba,Guinea
Yeppoon,Australia
Funafuti,Tuvalu
Lorengau,Papua New Guinea
Derzhavinsk,Kazakhstan
Omaruru,Namibia
Vanrhynsdorp,South Africa
Punakha,Bhutan
Ingeniero Jacobacci,Argentina
Jakar,Bhutan
Phalombe,Malawi
Queanbeyan,Australia
Tumut,Australia
Kavadarci,North Macedonia
Palikir,"Micronesia, Federated States of"
Las Lajas,Argentina
Moss,Norway
Ub,Serbia
Kupiskis,Lithuania
Aluksne,Latvia
Espargos,Cabo Verde
Gizo,Solomon Islands
Veintiocho de Noviembre,Argentina
Bella Vista,Paraguay
Umba,Russia
Menges,Slovenia
Bac,Serbia
Junik,Kosovo
Viqueque,Timor-Leste
Yamba,Australia
Kolonia,"Micronesia, Federated States of"
Alausi,Ecuador
Cabrayil,Azerbaijan
Dinguiraye,Guinea
San Javier,Bolivia
Schaan,Liechtenstein
Sezana,Slovenia
Zagorje,Slovenia
Chepes,Argentina
Outjo,Namibia
Lucea,Jamaica
Maltahohe,Namibia
Mitoma,Uganda
Glarus,Switzerland
Tazovskiy,Russia
Radovljica,Slovenia
Veinticinco de Mayo,Argentina
Permet,Albania
Luqa,Malta
Zarasai,Lithuania
Trakai,Lithuania
Briceni,Moldova
Soldanesti,Moldova
Echternach,Luxembourg
Mundybash,Russia
Kaitaia,New Zealand
Rutana,Burundi
Berovo,North Macedonia
Idrija,Slovenia
Preili,Latvia
Sirvintos,Lithuania
Lobamba,Eswatini
Ranillug,Kosovo
Aiyomojok,Cameroon
Moletai,Lithuania
Canillo,Andorra
Biloela,Australia
Appenzell,Switzerland
Piggs Peak,Eswatini
Stratford,New Zealand
Uncia,Bolivia
Xocavand,Azerbaijan
Marigot,Saint Martin
Tiksi,Russia
Masunga,Botswana
Makarov,Russia
Novi Knezevac,Serbia
Cacheu,Guinea-Bissau
Vaduz,Liechtenstein
Nieuw Amsterdam,Suriname
Chonchi,Chile
Stawell,Australia
Hermanus,South Africa
Babak,Azerbaijan
Vadso,Norway
Balvi,Latvia
Ulbroka,Latvia
Sisimiut,Greenland
Muisne,Ecuador
Vossevangen,Norway
Okhotsk,Russia
Fort-Shevchenko,Kazakhstan
Mwatate,Kenya
Polva,Estonia
Byron Bay,Australia
Kazlu Ruda,Lithuania
Mamushe,Kosovo
Namanga,Kenya
Bakal,Russia
Crnomelj,Slovenia
General Conesa,Argentina
San Antonio de los Cobres,Argentina
Petnjica,Montenegro
Mali,Guinea
Mali Idos,Serbia
Muramvya,Burundi
Bilibino,Russia
Tura,Russia
Sakiai,Lithuania
Goondiwindi,Australia
Ouadda,Central African Republic
San Quintin,Mexico
Wiltz,Luxembourg
Thaba-Tseka,Lesotho
Richmond,Australia
Kratovo,North Macedonia
Buguruslan,Russia
Kovacica,Serbia
Cospicua,Malta
Cobram,Australia
San Ramon,Bolivia
Witu,Kenya
Medvode,Slovenia
San Matias,Bolivia
Viligili,Maldives
Skuodas,Lithuania
Bajram Curri,Albania
Hohenau,Paraguay
Napak,Uganda
Torghay,Kazakhstan
Triesen,Liechtenstein
Albina,Suriname
Tarrafal,Cabo Verde
Thinadhoo,Maldives
Saint-Pierre,Saint Pierre and Miquelon
Mayumba,Gabon
Kalangala,Uganda
Jinzhong,China
Slovenske Konjice,Slovenia
Danilovgrad,Montenegro
Liquica,Timor-Leste
Chernyshevskiy,Russia
Rapla,Estonia
Karibib,Namibia
Smiltene,Latvia
Villa del Rosario,Paraguay
Rogaska Slatina,Slovenia
Catio,Guinea-Bissau
Roatan,Honduras
Kekava,Latvia
Punta Gorda,Belize
Bolama,Guinea-Bissau
McMinns Lagoon,Australia
Scone,Australia
Pale,Equatorial Guinea
Zalec,Slovenia
Singleton,Australia
Qasr al Farafirah,Egypt
Puerto Casado,Paraguay
Ignalina,Lithuania
Samtse,Bhutan
Grevenmacher,Luxembourg
Gevgelija,North Macedonia
Wonthaggi,Australia
Hrastnik,Slovenia
Sembe,Congo (Brazzaville)
Lithgow,Australia
Valdez,Ecuador
Sentjur,Slovenia
Ust'-Kamchatsk,Russia
Bled,Slovenia
Mitzic,Gabon
Mekambo,Gabon
Xaghra,Malta
Vrapciste,North Macedonia
Ordino,Andorra
Jogeva,Estonia
Irig,Serbia
Segezha,Russia
Albury,Australia
Brownsweg,Suriname
Yegoryevsk,Russia
Tuzi,Montenegro
Carrick on Shannon,Ireland
Ponta do Sol,Cabo Verde
Ilulissat,Greenland
Halba,Lebanon
Ghaxaq,Malta
Shira,Russia
Coka,Serbia
Silale,Lithuania
Svolvaer,Norway
Komatipoort,South Africa
Swellendam,South Africa
Klaksvik,Faroe Islands
Westport,New Zealand
Finnsnes,Norway
Balzers,Liechtenstein
Sangar,Russia
Betanzos,Bolivia
Bongandanga,Congo (Kinshasa)
Prevalje,Slovenia
Perito Moreno,Argentina
Outapi,Namibia
Sayanogorsk,Russia
Valka,Latvia
Opovo,Serbia
Otar,Kazakhstan
Sevnica,Slovenia
Kununurra,Australia
Nadur,Malta
Camargo,Bolivia
Fuerte Olimpo,Paraguay
Gobernador Gregores,Argentina
Pakruojis,Lithuania
Svencionys,Lithuania
Bururi,Burundi
Al Qasr,Egypt
Eschen,Liechtenstein
Victorica,Argentina
Susa,Azerbaijan
Qivraq,Azerbaijan
Mauren,Liechtenstein
Marsa,Malta
Karasburg,Namibia
Samaipata,Bolivia
Magdalena,Bolivia
Saryshaghan,Kazakhstan
Tepelene,Albania
Ingham,Australia
Ilirska Bistrica,Slovenia
Dehiba,Tunisia
Nwoya,Uganda
Bekily,Madagascar
Comandante Fontana,Argentina
Narrogin,Australia
Batagay,Russia
Black River,Jamaica
Kuala Belait,Brunei
Victor Harbor,Australia
I-n-Amguel,Algeria
Ruse,Slovenia
La Palma,Panama
Omsukchan,Russia
Novyy Uoyan,Russia
Manjimup,Australia
Calheta de Sao Miguel,Cabo Verde
Krusevo,North Macedonia
Naifaru,Maldives
Bensonville,Liberia
Berri,Australia
Pevek,Russia
Port Hedland,Australia
Wabag,Papua New Guinea
Corovode,Albania
San Marino,San Marino
Kalvarija,Lithuania
Pieta,Malta
Cerknica,Slovenia
Remich,Luxembourg
El Maiten,Argentina
Avarua,Cook Islands
Belmopan,Belize
Manica,Mozambique
Aliwal North,South Africa
Balzan,Malta
Qobustan,Azerbaijan
Robertsport,Liberia
Karmah an Nuzul,Sudan
Trebnje,Slovenia
Trzin,Slovenia
Bethanie,Namibia
Klin,Russia
Bir Mogrein,Mauritania
Lazdijai,Lithuania
Butalangu,Uganda
Neiafu,Tonga
Vitim,Russia
P'ungsan,North Korea
Esperanza,Mexico
Kondopoga,Russia
Plandiste,Serbia
Sicasica,Bolivia
Vergara,Uruguay
Miklavz na Dravskem Polju,Slovenia
Decan,Kosovo
Piran,Slovenia
Agdam,Azerbaijan
Teseney,Eritrea
Erseke,Albania
Ulaan-Uul,Mongolia
Cherskiy,Russia
Grand Turk,Turks and Caicos Islands
Padilla,Bolivia
Lavumisa,Eswatini
Sempeter pri Gorici,Slovenia
Massenya,Chad
Palana,Russia
Trzic,Slovenia
Ziri,Slovenia
Pembroke,Malta
Makedonski Brod,North Macedonia
Katanning,Australia
Imgarr,Malta
Zyryanka,Russia
Cankuzo,Burundi
De-Kastri,Russia
Tessalit,Mali
Ribnica,Slovenia
Dingli,Malta
Puke,Albania
Sao Joao dos Angolares,Sao Tome and Principe
Mojkovac,Montenegro
Janjanbureh,"Gambia, The"
Usakos,Namibia
Lismore,Australia
Villa Ygatimi,Paraguay
Domagnano,San Marino
Igarka,Russia
Merimbula,Australia
Marsaxlokk,Malta
Kirkenes,Norway
Tolmin,Slovenia
Ceduna,Australia
Port Douglas,Australia
Mongar,Bhutan
Ligonha,Mozambique
Paita,Peru
Kirakira,Solomon Islands
La Paloma,Uruguay
Wallaroo,Australia
Teeli,Russia
Proserpine,Australia
Uspallata,Argentina
Alibunar,Serbia
Cantemir,Moldova
Nonthaburi,Thailand
Darregueira,Argentina
Kaberamaido,Uganda
Malisheve,Kosovo
Trancas,Argentina
Zhigansk,Russia
Bukachacha,Russia
Ugol'nyye Kopi,Russia
Lukulu,Zambia
Fish Town,Liberia
Turangi,New Zealand
Imqabba,Malta
Xewkija,Malta
Weipa,Australia
Lasko,Slovenia
Pofadder,South Africa
Lenart v Slovenskih Goricah,Slovenia
Smithton,Australia
Demir Kapija,North Macedonia
The Valley,Anguilla
Rietavas,Lithuania
Ljutomer,Slovenia
Jurado,Colombia
Metlika,Slovenia
Rorvik,Norway
Ankaran,Slovenia
Brezovica,Slovenia
Ghajnsielem,Malta
Sinnamary,French Guiana
Mezica,Slovenia
Kirs,Russia
Evinayong,Equatorial Guinea
Clare,Australia
Kardla,Estonia
Saulkrasti,Latvia
Heredia,Costa Rica
Brandfort,South Africa
Ocnita,Moldova
Fuzuli,Azerbaijan
Kudahuvadhoo,Maldives
Iklin,Malta
Colonia,"Micronesia, Federated States of"
Sencur,Slovenia
Srednekolymsk,Russia
Khatanga,Russia
Golubovci,Montenegro
Birstonas,Lithuania
Dravograd,Slovenia
Gornja Radgona,Slovenia
Ainaro,Timor-Leste
Lija,Malta
Aasiaat,Greenland
Zelezniki,Slovenia
Mopipi,Botswana
Ust'-Maya,Russia
Porto Ingles,Cabo Verde
Arroyos y Esteros,Paraguay
Qaqortoq,Greenland
Tearce,North Macedonia
Trashigang,Bhutan
Skofljica,Slovenia
Abai,Paraguay
Taoudenni,Mali
Kalkara,Malta
San Lorenzo,Bolivia
Lethem,Guyana
Tifariti,Morocco
Mahibadhoo,Maldives
Gudja,Malta
Bir Anzarane,Morocco
Al Jaghbub,Libya
Zebbug,Malta
Lendava,Slovenia
Bogdanci,North Macedonia
Ribeira Grande,Cabo Verde
Rogasovci,Slovenia
Sostanj,Slovenia
Zrece,Slovenia
Sowa Town,Botswana
Bopolu,Liberia
Hokitika,New Zealand
Nautla,Mexico
Tom Price,Australia
Radlje ob Dravi,Slovenia
Bordertown,Australia
Villalonga,Argentina
Mezen,Russia
Mangbwalu,Congo (Kinshasa)
Sao Domingos,Cabo Verde
Groningen,Suriname
Buala,Solomon Islands
Entre Rios,Bolivia
Rio Mayo,Argentina
Cochrane,Chile
Senglea,Malta
Gharghur,Malta
Qrendi,Malta
Kerewan,"Gambia, The"
Hlatikulu,Eswatini
Saint-Georges,French Guiana
Longreach,Australia
Trashi Yangtse,Bhutan
Barclayville,Liberia
Kolasin,Montenegro
Vila Velha,Brazil
Urubamba,Peru
Trongsa,Bhutan
Race,Slovenia
Borovnica,Slovenia
Eydhafushi,Maldives
Triesenberg,Liechtenstein
Vittoriosa,Malta
Rodeo,Argentina
Isafjordhur,Iceland
Santo Antonio,Sao Tome and Principe
Donegal,Ireland
Saudharkrokur,Iceland
Tofol,"Micronesia, Federated States of"
Cestos City,Liberia
Saranpaul,Russia
Chumbicha,Argentina
Egilsstadhir,Iceland
Imtarfa,Malta
Mkokotoni,Tanzania
Mahdia,Guyana
Kllokot,Kosovo
Rosoman,North Macedonia
Charleville,Australia
Fiorentino,San Marino
Provideniya,Russia
Baltasar Brum,Uruguay
Cloncurry,Australia
Exmouth,Australia
Chokurdakh,Russia
Nauta,Peru
Mariscal Jose Felix Estigarribia,Paraguay
Capitol Hill,Northern Mariana Islands
Brokopondo,Suriname
Vojnik,Slovenia
Aigua,Uruguay
Tarabuco,Bolivia
Quime,Bolivia
Severo-Kuril'sk,Russia
Olenek,Russia
Demir Hisar,North Macedonia
Beltinci,Slovenia
Al `Alamayn,Egypt
Nizhneudinsk,Russia
Hofn,Iceland
Jaque,Panama
Nida,Lithuania
Merredin,Australia
El Dorado,Venezuela
Karungu,Kenya
Paro,Bhutan
Vevcani,North Macedonia
Polzela,Slovenia
Saskylakh,Russia
Bloemhof,South Africa
Sohano,Papua New Guinea
Zhemgang,Bhutan
Boffa,Guinea
Coroico,Bolivia
Gustavia,Saint Barthelemy
Ypejhu,Paraguay
Ruggell,Liechtenstein
Tolten,Chile
Muta,Slovenia
Sveta Ana,Slovenia
Lehututu,Botswana
Qala,Malta
Sahbuz,Azerbaijan
Store,Slovenia
Te Anau,New Zealand
Egvekinot,Russia
Ig,Slovenia
Roura,French Guiana
Maradah,Libya
Onverwacht,Suriname
Gradsko,North Macedonia
Desaguadero,Peru
Sorata,Bolivia
Mwenga,Congo (Kinshasa)
El Manteco,Venezuela
Stanley,Falkland Islands (Islas Malvinas)
Kaikoura,New Zealand
Floriana,Malta
Ivancna Gorica,Slovenia
Jose Batlle y Ordonez,Uruguay
Crna na Koroskem,Slovenia
Puerto Villamil,Ecuador
Kirkop,Malta
Lacin,Azerbaijan
Borgarnes,Iceland
Radenci,Slovenia
Vianden,Luxembourg
Totness,Suriname
Cidade Velha,Cabo Verde
Acquaviva,San Marino
Pozo Colorado,Paraguay
Krasnogorsk,Russia
Baures,Bolivia
Safi,Malta
Apolo,Bolivia
Sannat,Malta
Spodnje Hoce,Slovenia
Funadhoo,Maldives
Vipava,Slovenia
Same,Timor-Leste
Pivka,Slovenia
Omboue,Gabon
Mozirje,Slovenia
Manadhoo,Maldives
Evensk,Russia
Pukekohe East,New Zealand
Waitakere,New Zealand
Semic,Slovenia
Ambrolauri,Georgia
Damongo,Ghana
Konza,Kenya
Altata,Mexico
Heydarabad,Azerbaijan
Djibloho,Equatorial Guinea
Sofifi,Indonesia
Zheleznogorsk-Ilimskiy,Russia
Afega,Samoa
Radece,Slovenia
Valandovo,North Macedonia
Lovrenc na Pohorju,Slovenia
Capellen,Luxembourg
Tasiilaq,Greenland
Scottsdale,Australia
Ormoz,Slovenia
Katwe,Uganda
Straza,Slovenia
Kercem,Malta
Zabljak,Montenegro
Abuna,Brazil
Amudat,Uganda
Mount Barker,Australia
Philipsburg,Sint Maarten
Maitland,Australia
Taedong,North Korea
Krivogastani,North Macedonia
Mislinja,Slovenia
Beringovskiy,Russia
Novyy Port,Russia
Balakan,Azerbaijan
Bagdarin,Russia
Ta' Xbiex,Malta
Naklo,Slovenia
Queenstown,Australia
Bohinjska Bistrica,Slovenia
Nokaneng,Botswana
Smarje,Slovenia
Longyearbyen,Svalbard
Nasir,South Sudan
Partesh,Kosovo
Divaca,Slovenia
Xghajra,Malta
Zeya,Russia
Cerklje na Gorenjskem,Slovenia
Vodice,Slovenia
Joao Teves,Cabo Verde
Spodnji Duplek,Slovenia
Pehcevo,North Macedonia
Ropazi,Latvia
Gusinje,Montenegro
Tabor,Slovenia
Gamprin,Liechtenstein
Varaklani,Latvia
Parun,Afghanistan
Puerto Williams,Chile
Cuevo,Bolivia
Capitan Pablo Lagerenza,Paraguay
Odranci,Slovenia
Lifford,Ireland
Prebold,Slovenia
Flying Fish Cove,Christmas Island
Zgornja Kungota,Slovenia
Xizi,Azerbaijan
Bovec,Slovenia
Plasnica,North Macedonia
Chiradzulu,Malawi
Alto Rio Senguer,Argentina
Sierra Colorada,Argentina
Rogatec,Slovenia
Gharb,Malta
Iracoubo,French Guiana
Bourke,Australia
Zrnovci,North Macedonia
Oktyabr'skiy,Russia
Kipili,Tanzania
Ungoofaaru,Maldives
Vuzenica,Slovenia
Ust'-Kuyga,Russia
Eldikan,Russia
Tumby Bay,Australia
Turnisce,Slovenia
Miren,Slovenia
Kyakhta,Russia
Alexander Bay,South Africa
Halls Creek,Australia
Tajarhi,Libya
Artemovsk,Russia
Lokwabe,Botswana
Clervaux,Luxembourg
Dragomer,Slovenia
Munxar,Malta
Kranjska Gora,Slovenia
Sentjernej,Slovenia
Peterborough,Australia
Cerkno,Slovenia
Oplotnica,Slovenia
Machinga,Malawi
Port Denison,Australia
Tsau,Botswana
Uummannaq,Greenland
Xocali,Azerbaijan
Smartno,Slovenia
Tuapse,Russia
Penola,Australia
Mirna,Slovenia
Nakhodka,Russia
Selnica ob Dravi,Slovenia
Kingston South East,Australia
Nyimba,Zambia
Veymandoo,Maldives
Lubutu,Congo (Kinshasa)
Wagin,Australia
Fulacunda,Guinea-Bissau
Paamiut,Greenland
Bala Cangamba,Angola
Greytown,Nicaragua
Novaci,North Macedonia
Bosilovo,North Macedonia
Kalbarri,Australia
Safotu,Samoa
Villa Rumipal,Argentina
Dornava,Slovenia
Mogila,North Macedonia
Kidricevo,Slovenia
Katherine,Australia
Mabaruma,Guyana
Tulagi,Solomon Islands
Novo Selo,North Macedonia
Barcaldine,Australia
Villa Martin Colchak,Bolivia
Ubombo,South Africa
Regedor Quissico,Mozambique
Celeken,Turkmenistan
Isangel,Vanuatu
Buluko,Congo (Kinshasa)
Kazachye,Russia
Pombas,Cabo Verde
Leulumoega,Samoa
Faetano,San Marino
Horjul,Slovenia
Agdam,Azerbaijan
Crensovci,Slovenia
Daga,Bhutan
Los Blancos,Argentina
Picos,Cabo Verde
Chiesanuova,San Marino
Kanal,Slovenia
Asau,Samoa
Gorenja Vas,Slovenia
Bikin,Russia
Puerto Acosta,Bolivia
Mirbat,Oman
Nacunday,Paraguay
Poljcane,Slovenia
Dikson,Russia
Pluzine,Montenegro
Sixaola,Costa Rica
Ljubno,Slovenia
Susques,Argentina
Upernavik,Greenland
Innisfail,Australia
Schellenberg,Liechtenstein
Klyuchi,Russia
Kobarid,Slovenia
Qasigiannguit,Greenland
Benedikt,Slovenia
Kurtamysh,Russia
Mazatan,Mexico
Hagta,Guam
Fulin,China
Andrijevica,Montenegro
Oranjestad,"Bonaire, Sint Eustatius, and Saba"
Mata-Utu,Wallis and Futuna
Ouyen,Australia
Gornji Grad,Slovenia
Mirna Pec,Slovenia
Hughenden,Australia
Chernogorsk,Russia
Haya,Sudan
Cowell,Australia
Yelimane,Mali
Sredisce ob Dravi,Slovenia
General Eugenio A. Garay,Paraguay
Streaky Bay,Australia
Montegiardino,San Marino
Moravce,Slovenia
Principe da Beira,Brazil
Lufilufi,Samoa
Dobrovnik,Slovenia
Daraj,Libya
Fontana,Malta
Dobrova,Slovenia
Konce,North Macedonia
Shamva,Zimbabwe
Laverton,Australia
Uad Damran,Morocco
Kirensk,Russia
Verzej,Slovenia
Komenda,Slovenia
Oblesevo,North Macedonia
Dolenjske Toplice,Slovenia
Nazarje,Slovenia
Rostusa,North Macedonia
Hoskins,Papua New Guinea
Velika Polana,Slovenia
Luanza,Congo (Kinshasa)
Meningie,Australia
Vitanje,Slovenia
Winton,Australia
Gorisnica,Slovenia
Hamilton,Bermuda
Yulara,Australia
Gingin,Australia
Jegunovce,North Macedonia
Ozurgeti,Georgia
Pesnica,Slovenia
Sodrazica,Slovenia
Godhavn,Greenland
Vyazemskiy,Russia
Stari Trg,Slovenia
Preddvor,Slovenia
Vatican City,Vatican City
Charana,Bolivia
Shadrinsk,Russia
Onslow,Australia
Lavrentiya,Russia
Zgornja Hajdina,Slovenia
Yaren,Nauru
Bicheno,Australia
Vailoa,Samoa
Verkhoyansk,Russia
Muhembo,Botswana
Starse,Slovenia
Sveta Trojica v Slovenskih Goricah,Slovenia
Moravske-Toplice,Slovenia
San Lawrenz,Malta
Wyndham,Australia
Yerema,Russia
Rankovce,North Macedonia
Comallo,Argentina
Velike Lasce,Slovenia
Jamestown,"Saint Helena, Ascension, and Tristan da Cunha"
Hvalba,Faroe Islands
Zhilinda,Russia
Satadougou,Mali
Lakatoro,Vanuatu
Roebourne,Australia
Mokronog,Slovenia
Zhaltyr,Kazakhstan
Sopiste,North Macedonia
Kostanjevica na Krki,Slovenia
Pannawonica,Australia
Linxi,China
Ituni,Guyana
Meekatharra,Australia
Qubadli,Azerbaijan
Manily,Russia
Leonora,Australia
Gawler,Australia
Massangena,Mozambique
Qaanaaq,Greenland
Komen,Slovenia
Puerto Limon,Costa Rica
Smartno,Slovenia
Kozje,Slovenia
Puconci,Slovenia
Vasilevo,North Macedonia
Calatrava,Equatorial Guinea
Tiyerbes,Russia
Grad,Slovenia
Omolon,Russia
Tigoa,Solomon Islands
Villa O'Higgins,Chile
Kimba,Australia
Majsperk,Slovenia
Dibaya,Congo (Kinshasa)
Gastre,Argentina
Panda,Mozambique
Kalbacar,Azerbaijan
Saleaula,Samoa
Alofi,Niue
Videm,Slovenia
Podcetrtek,Slovenia
Karbinci,North Macedonia
Sabaya,Bolivia
Ust'-Nyukzha,Russia
Oatlands,Australia
Zgornje Jezersko,Slovenia
Chiramba,Mozambique
Norseman,Australia
Llica,Bolivia
Lata,Solomon Islands
Obluchye,Russia
Mereeg,Somalia
Telsen,Argentina
Apace,Slovenia
Kobilje,Slovenia
Wilcannia,Australia
Dobrna,Slovenia
Zgornje Gorje,Slovenia
Calenga,Angola
Quilpie,Australia
Southern Cross,Australia
Lozovo,North Macedonia
Recica,Slovenia
Caluula,Somalia
Tournavista,Peru
Felidhoo,Maldives
Tchitado,Angola
Yakossi,Central African Republic
Tmassah,Libya
Puerto Pinasco,Paraguay
Oymyakon,Russia
Krizevci,Slovenia
Markovci,Slovenia
Staro Nagoricane,North Macedonia
Smarjeske Toplice,Slovenia
Karumba,Australia
Planken,Liechtenstein
Kempsey,Australia
Mount Magnet,Australia
Vreed-en-Hoop,Guyana
The Bottom,"Bonaire, Sint Eustatius, and Saba"
Richmond,Australia
Kullorsuaq,Greenland
Bangar,Brunei
Cirkulane,Slovenia
Videm pri Ptuju,Slovenia
Woomera,Australia
Brvenica,North Macedonia
Dhuusamarreeb,Somalia
Skopun,Faroe Islands
Morawa,Australia
Theodore,Australia
Lukovica,Slovenia
Crna Trava,Serbia
Kuzma,Slovenia
Eidsvold,Australia
Ghasri,Malta
Buabidi,Panama
Cankova,Slovenia
Hvannasund,Faroe Islands
Tsavo,Kenya
Sherlovaya Gora,Russia
Gornji Petrovci,Slovenia
Tisina,Slovenia
Ribnica,Slovenia
Luce,Slovenia
Tandil,Argentina
Nizhneyansk,Russia
Espungabera,Mozambique
Salovci,Slovenia
Brades,Montserrat
Jursinci,Slovenia
Toconao,Chile
Podlehnik,Slovenia
Braslovce,Slovenia
Trnovska Vas,Slovenia
Rinconada,Argentina
Savnik,Montenegro
Jurovski Dol,Slovenia
Three Springs,Australia
Centar Zupa,North Macedonia
Hrib-Loski Potok,Slovenia
Ravensthorpe,Australia
Scoresbysund,Greenland
Kingston,Norfolk Island
Vitomarci,Slovenia
Burubaytal,Kazakhstan
Dobrovo,Slovenia
Leava,Wallis and Futuna
Pine Creek,Australia
Sentrupert,Slovenia
Basse-Terre,Guadeloupe
Umm al `Abid,Libya
Dolneni,North Macedonia
Araouane,Mali
Halfmoon Bay,New Zealand
Bugrino,Russia
Amursk,Russia
Shoyna,Russia
Buur Gaabo,Somalia
Podvelka,Slovenia
Cazombo,Angola
Put' Lenina,Russia
Porkeri,Faroe Islands
Belcista,North Macedonia
Yaupi,Ecuador
Nova Vas,Slovenia
Imdina,Malta
Ikela,Congo (Kinshasa)
Amderma,Russia
Hodos,Slovenia
Ust'-Kut,Russia
Dol,Slovenia
Cucer-Sandevo,North Macedonia
Zelenikovo,North Macedonia
Melekeok,Palau
Ngerulmud,Palau
Andamooka,Australia
Uelen,Russia
Tomaz pri Ormozu,Slovenia
Tasiusaq,Greenland
Adelaide River,Australia
Kulusuk,Greenland
Burketown,Australia
Bistrica ob Sotli,Slovenia
Skocjan,Slovenia
Kanyato,Tanzania
Amau,Papua New Guinea
Kairaki,New Zealand
Georgetown,Australia
Makole,Slovenia
Boulia,Australia
Turukhansk,Russia
Sveti Jurij,Slovenia
Carnarvon,Australia
Solcava,Slovenia
Waitangi,New Zealand
Thargomindah,Australia
Destrnik,Slovenia
Kraulshavn,Greenland
Tamworth,Australia
Ayan,Russia
Lusanga,Congo (Kinshasa)
Port Pirie,Australia
Hurdiyo,Somalia
Androka,Madagascar
Sovetskaya Gavan',Russia
Cerkvenjak,Slovenia
Ivanhoe,Australia
Kotelnich,Russia
Al Qunaytirah,Syria
Camooweal,Australia
Nikolayevsk-na-Amure,Russia
Bafwasende,Congo (Kinshasa)
Progress,Russia
Razkrizje,Slovenia
Buton,Indonesia
General Roca,Argentina
Bifoun,Gabon
Chumikan,Russia
Kangersuatsiaq,Greenland
Narsarsuaq,Greenland
Bedourie,Australia
Petrovec,North Macedonia
Mount Isa,Australia
Fort Wellington,Guyana
Dobje,Slovenia
Punta Prieta,Mexico
Birdsville,Australia
Star Dojran,North Macedonia
Zelino,North Macedonia
Windorah,Australia
Al `Uqaylah,Libya
Lemsid,Morocco
Mukhomornoye,Russia
Vorontsovo,Russia
Grytviken,South Georgia and South Sandwich Islands
Il'pyrskiy,Russia
Famjin,Faroe Islands
Osilnica,Slovenia
Enurmino,Russia
Piso Firme,Bolivia
Sovetsk,Russia
Chitre,Panama
Studenicani,North Macedonia
Pagegiai,Lithuania
Savissivik,Greenland
Adamstown,Pitcairn Islands
Samamea,Samoa
Rocafuerte,Peru
Bogovinje,North Macedonia
Cuya,Chile
Kovda,Russia
Korf,Russia
Ust'-Olenek,Russia
Vransko,Slovenia
Puerto Heath,Bolivia
Lagunas,Chile
Barnis,Egypt
Gamba,Gabon
Nord,Greenland
Timmiarmiut,Greenland
Zillah,Libya
Chegga,Mauritania
Djado,Niger
Gaigirgordub,Panama
Andoas,Peru
Puca Urco,Peru
Soldado Bartra,Peru
Gueppi,Peru
Matochkin Shar,Russia
Siglan,Russia
Omchak,Russia
Shalaurova,Russia
Khorgo,Russia
Peregrebnoye,Russia
Komsa,Russia
Gyda,Russia
Menkerya,Russia
Zvezdnyy,Russia
Pakhachi,Russia
Indiga,Russia
Starorybnoye,Russia
Laryak,Russia
Ulkan,Russia
Strelka,Russia
Chagda,Russia
Sagastyr,Russia
Zemlya Bunge,Russia
Trofimovsk,Russia
Tunguskhaya,Russia
Agapa,Russia
Podkamennaya Tunguska,Russia
Tukchi,Russia
Varnek,Russia
Numto,Russia
Bol'sheretsk,Russia
Utkholok,Russia
Yessey,Russia
Karamken,Russia
Kostel,Slovenia
Kingoonya,Australia
Sharan,Afghanistan
Nili,Afghanistan
Davaci,Azerbaijan
Sarur,Azerbaijan
Qabala,Azerbaijan
Saidpur,Bangladesh
Isale,Burundi
Dogbo,Benin
San Rafael,Bolivia
Natal,Brazil
Jaboatao,Brazil
Crato,Brazil
Iguacu,Brazil
Sarpang,Bhutan
Pemagatshel,Bhutan
Tsimasham,Bhutan
Gasa,Bhutan
Haa,Bhutan
Lhuentse,Bhutan
Tsirang,Bhutan
Loango,Congo (Brazzaville)
Chuquicamata,Chile
Kaifeng Chengguanzhen,China
Shizuishan,China
Beidao,China
Panying,China
Jilin,China
Puqi,China
Xiping,China
Hangu,China
Huangyan,China
Xiangshui,China
Simao,China
Longzhou,China
Mizhou,China
Jiaojiangcun,China
Chengde,China
Nanyangcun,China
Huinan,China
Tongchuanshi,China
Igreja,Cabo Verde
Nova Sintra,Cabo Verde
Cova Figueira,Cabo Verde
Ribeira Brava,Cabo Verde
Erfurt,Germany
Sandur,Faroe Islands
Fuglafjordhur,Faroe Islands
Hov,Faroe Islands
Vagur,Faroe Islands
Saltangara,Faroe Islands
Kvivik,Faroe Islands
Sumba,Faroe Islands
Vidhareidhi,Faroe Islands
Nordhragota,Faroe Islands
Toftir,Faroe Islands
Kirkja,Faroe Islands
Eidhi,Faroe Islands
Sandavagur,Faroe Islands
Skuvoy,Faroe Islands
Skalavik,Faroe Islands
Sorvagur,Faroe Islands
Vestmanna,Faroe Islands
Strendur,Faroe Islands
Tvoroyri,Faroe Islands
Husavik,Faroe Islands
Kunoy,Faroe Islands
Oyrarbakki,Faroe Islands
Goaso,Ghana
Sekondi,Ghana
Dambai,Ghana
Sefwi Wiawso,Ghana
King Edward Point,South Georgia And South Sandwich Islands
Pinrang,Indonesia
Trim,Ireland
Jaitpura,India
Rajapalaiyam,India
Navsari,India
Tonk,India
Hubli,India
Al Kut,Iraq
Sari,Iran
Ilam,Iran
Nyamira,Kenya
Siaya,Kenya
Murang'a,Kenya
Ol Kalou,Kenya
Sotik Post,Kenya
Kapenguria,Kenya
Kabarnet,Kenya
Migori,Kenya
Pailin,Cambodia
Ta Khmau,Cambodia
Munha-dong,North Korea
Sil-li,North Korea
Muan,South Korea
Hongseong,South Korea
Anouvong,Laos
Xekong,Laos
Phon-Hong,Laos
Qacha's Nek,Lesotho
Mersch,Luxembourg
Redange-sur-Attert,Luxembourg
Idri,Libya
Cocieri,Moldova
Lipkovo,North Macedonia
Ilinden,North Macedonia
Resen,North Macedonia
Makedonska Kamenica,North Macedonia
Pakokku,Burma
Dalandzadgad,Mongolia
Tevragh Zeina,Mauritania
Plymouth,Montserrat
Santa Lucija,Malta
Rasdhoo,Maldives
Dhihdhoo,Maldives
Muli,Maldives
Fonadhoo,Maldives
Nilandhoo,Maldives
Thulusdhoo,Maldives
Balaka,Malawi
Neno,Malawi
Chikwawa,Malawi
Las Delicias,Mexico
We,New Caledonia
Abakaliki,Nigeria
Yenagoa,Nigeria
Gombe,Nigeria
Isemi-Ile,Nigeria
Jitpur,Nepal
Manukau City,New Zealand
Sur,Oman
Hayma',Oman
Suhar,Oman
`Ibri,Oman
As Suwayhirah as Sahil,Oman
Union Choco,Panama
Sieyik,Panama
Kurumul,Papua New Guinea
Buka,Papua New Guinea
Pili,Philippines
Tabuk,Philippines
San Jose,Philippines
Santa Cruz,Philippines
Koronadal,Philippines
Az Za`ayin,Qatar
Umm Salal `Ali,Qatar
Madinat ash Shamal,Qatar
Bosilegrad,Serbia
Zagubica,Serbia
Pozega,Serbia
Doljevac,Serbia
Boljevac,Serbia
Ljubovija,Serbia
Babusnica,Serbia
Presevo,Serbia
Ljig,Serbia
Mali Zvornik,Serbia
Priboj,Serbia
Bojnik,Serbia
Koceljeva,Serbia
Zabari,Serbia
Trgoviste,Serbia
Pechora,Russia
Mikhalkino,Russia
Nordvik,Russia
Logashkino,Russia
Noginsk,Russia
Ambarchik,Russia
Al Hillah,Saudi Arabia
Taro,Solomon Islands
Rabak,Sudan
Al Mijlad,Sudan
El Fula,Sudan
Edinburgh of the Seven Seas,"Saint Helena, Ascension, and Tristan da Cunha"
Georgetown,"Saint Helena, Ascension, and Tristan da Cunha"
Zetale,Slovenia
Sentilj,Slovenia
Zuzemberk,Slovenia
Zavrc,Slovenia
Sedhiou,Senegal
Ceerigaabo,Somalia
Laascaanood,Somalia
Boorama,Somalia
Dar`a,Syria
Nhlangano,Eswatini
Pala,Chad
Bardai,Chad
Kara,Togo
Ban Huai Hin,Thailand
Lospalos,Timor-Leste
Aileu,Timor-Leste
Pante Macassar,Timor-Leste
Suai,Timor-Leste
Aranguez,Trinidad and Tobago
Pingzhen,Taiwan
Yilan,Taiwan
Zhongli,Taiwan
Yangmei,Taiwan
Banqiao,Taiwan
Bade,Taiwan
Mahonda,Tanzania
Vwawa,Tanzania
Koani,Tanzania
Namutumba,Uganda
Maracha,Uganda
Namayingo,Uganda
Luuka Town,Uganda
Kasanda,Uganda
Kinoni,Uganda
Bulambuli,Uganda
Ntoroko,Uganda
Otuke,Uganda
Bupoto,Uganda
Agago,Uganda
Kitamilo,Uganda
Nsiika,Uganda
Kalaki,Uganda
Kasaali,Uganda
Busesa,Uganda
Nakapiripirit,Uganda
Pader,Uganda
Kakumiro,Uganda
Kapelebyong,Uganda
Mparo,Uganda
Lamwo,Uganda
Budaka,Uganda
Ntara,Uganda
Bukwo,Uganda
Butebo,Uganda
Binyin,Uganda
Butemba,Uganda
Kibaale,Uganda
Palenga,Uganda
Kibingo,Uganda
Leju,Uganda
Kole,Uganda
Nabilatuk,Uganda
Rubanda,Uganda
Kalungu,Uganda
Tuytepa,Uzbekistan
Thanh Pho Ba Ria,Vietnam
Kon Tum,Vietnam
Da Nang,Vietnam
Sola,Vanuatu
Saratamata,Vanuatu
Safotulafai,Samoa
Mulifanua,Samoa
Satupa`itea,Samoa
`Amran,Yemen
Al Jabin,Yemen
Nelspruit,South Africa
Gqeberha,South Africa
Lupane,Zimbabwe
Charlotte Amalie,U.S. Virgin Islands
